OID_,CID,avg_rain,water,vegetation,slope,rugged,productivity,geology,elevation,min_temp,aspect,rabbit,pig,temp_diff,lantana,land_clear,horse,habitat,grazing,goat,fox_den,flood,drought,dog,inapp_fire,cat_den,lat,long
0,0,92.0020981,2415.189941,3,0.21535,141.1269989,0.500666,1,544.1149902,11.2504997,4.65698,0.385857,0.384649,0.168731,0.687708,0,0.562542,0.482021,0,0.0689884,0.263323,4,0,0.73641,0,0.190806,-3291251.22,1958408.37
1,0,92.1007004,3422.780029,1,7.7828202,342.6539917,0.550593,1,475.4509888,12.1524,114.1139984,0.186444,0.13035,0.279599,0.62432,0,0.479203,0.921197,0,0.0661994,0.13248,2,1,0.639737,0,0.174927,-3269487.762,1992715.656
2,0,84.9857025,1003.429993,3,2.8426499,227.9779968,0.525882,1,710.9500122,10.3304996,338.3590088,0.413013,0.469707,0.177599,0.407819,0,0.564542,0.923927,0,0.0842677,0.252207,10,1,0.751464,0,0.197165,-3292900.969,1949262.688
3,0,65.8051987,1026.170044,3,9.8021898,740.2869873,0.462995,4,575.5750122,8.2056198,199.4730072,0.537709,0.297979,0.378286,0.0174205,0,0.63604,0.746041,0,0.306047,0.306748,2,3,0.651772,0,0.214107,-3918267.044,1649423.417
4,0,85.5170975,2873.169922,3,6.8940101,530.8829956,0.505935,4,834.1090088,9.7840796,222.4429932,0.419953,0.280714,0.441006,0.295512,0,0.45891,0.820139,0,0.063919,0.159239,3,0,0.681876,1,0.179128,-3395757.335,1931560.185
5,0,99.2734985,1004.359985,2,4.5145798,263.9859924,0.506293,4,310.0669861,11.3481998,161.3690033,0.378364,0.243734,0.0650613,0.608061,1,0.535143,0.768287,2,0.110969,0.316706,0,1,0.614185,0,0.178291,-3653594.763,1813754.847
6,0,93.4515991,1000.099976,3,5.1409402,359.3320007,0.509165,4,245.6109924,10.5016003,122.9660034,0.383287,0.287204,0.436296,0.622744,0,0.558833,0.865161,0,0.0621373,0.106782,3,0,0.686664,1,0.175043,-3377845.343,1936867.007
7,0,75.3739014,1003.27002,3,9.2061901,569.2109985,0.495756,1,719.1190186,8.4256096,157.8509979,0.332519,0.322906,0.273062,0.0216678,0,0.347718,0.910844,0,0.26195,0.360407,1,1,0.629092,0,0.206865,-3591960.327,1702742.777
8,0,120.1320038,2005.699951,2,6.5745101,406.3120117,0.589994,1,457.6419983,10.9575005,332.2590027,0.390858,0.24592,0.243159,0.532136,0,0.644473,0.843322,1,0.154052,0.124157,0,2,0.68847,0,0.156668,-3646887.349,1829244.444
9,0,92.9937973,1414.640015,3,2.9909301,206.4550018,0.484418,1,633.1220093,10.6957998,292.9590149,0.294341,0.10877,0.236095,0.52527,0,0.363811,0.666676,1,0.0645178,0.277447,2,0,0.620173,1,0.199081,-3201173.172,1967014.217
10,0,81.6691971,1006.969971,5,7.10671,297.3760071,0.48105,1,754.4940186,10.7087002,157.8470001,0.291195,0.11717,0.221572,0.338551,0,0.342305,0.835359,1,0.0961554,0.455941,1,0,0.652265,0,0.18639,-3191414.591,1964370.188
11,0,77.9697037,0,5,0.92006,242.3679962,0.510985,4,94.4760971,10.8446999,128.7169952,0.502222,0.222548,0.320021,0.301642,0,0.702654,0.885544,0,0.246828,0.273809,6,3,0.659198,1,0.188738,-3941148.887,1669198.341
12,0,100.7080002,2442.219971,3,3.64325,187.6430054,0.557596,1,494.0589905,13.2223997,182.048996,0.345122,0.263184,0.34166,0.669907,0,0.573852,0.799227,0,0.111341,0.148284,2,0,0.720899,1,0.161524,-3102472.602,2016998.851
13,0,100.3799973,1011.080017,3,11.4975996,640.9979858,0.536888,4,518.9500122,10.2255001,154.8619995,0.379352,0.291725,0.393502,0.515697,0,0.549442,0.918107,0,0.0642501,0.0906927,3,0,0.695365,1,0.163524,-3375550.81,1941749.755
14,0,80.3917999,1011.340027,3,7.1038098,447.9429932,0.47971,3,470.8190002,10.0705996,41.2125015,0.419967,0.28305,0.474486,0.576801,0,0.529793,0.804092,0,0.0703193,0.226666,3,0,0.664821,1,0.1749,-3401225.874,1928444.73
15,0,68.8927994,1416,3,2.91078,161.6799927,0.44988,4,503.1040039,11.1309996,209.3659973,0.389494,0.46048,0.358201,0.550531,0,0.631629,0.601667,1,0.109492,0.34271,2,0,0.707503,0,0.21283,-3244520.463,1956744.003
16,0,91.7906036,1497.670044,3,17.9617996,804.690979,0.50991,2,703.8179932,9.12286,332.7890015,0.448953,0.463538,0.585536,0.499015,0,0.605209,0.738759,0,0.112856,0.1322,2,0,0.725032,1,0.164887,-3502389.588,1904067.323
17,0,100.435997,4000.290039,3,0.822403,147.0359955,0.4813,4,131.2630005,12.7191,1.96733,0.294144,0.294838,0.377771,0.624507,1,0.617162,0.765923,2,0.0711746,0.194088,4,0,0.649324,0,0.184854,-3355459.162,1980170.866
18,0,85.5874023,0,3,8.9245596,553.0640259,0.513808,4,426.3590088,9.6232595,239.3359985,0.388767,0.29786,0.452195,0.489226,0,0.526186,0.835617,0,0.073659,0.14749,3,0,0.673926,1,0.169389,-3416734.289,1930038.233
19,0,79.0628967,1416.640015,5,11.0148001,569.7940063,0.471435,1,506.0310059,11.3961,351.3760071,0.4404,0.306793,0.235213,0.664168,0,0.44992,0.853742,1,0.0960145,0.217205,2,1,0.713431,1,0.170507,-3180267.409,1968962.624
20,0,60.5709,0,5,3.15166,370.8789978,0.443797,4,464.8039856,8.7822504,9.2924805,0.524314,0.414783,0.15553,0.052022,0,0.523897,0.918274,0,0.276449,0.423796,0,0,0.547338,1,0.247923,-3666397.751,1689096.782
21,0,100.9779968,0,3,1.1411,174.9290009,0.486124,4,264.4590149,12.1962004,90.9283981,0.30906,0.247795,0.198832,0.704572,0,0.574946,0.847952,0,0.0835318,0.214457,2,0,0.624009,0,0.183597,-3417424.042,1973800.585
22,0,70.375,1000.969971,3,3.86501,185.0059967,0.472692,4,357.3059998,12.3309002,331.5180054,0.384105,0.300273,0.254173,0.620174,0,0.472808,0.766765,2,0.0964209,0.160935,1,1,0.671401,1,0.196968,-3129563.03,1969595.716
23,0,94.5709991,1035.400024,3,7.6614199,680.3660278,0.526036,1,951.8690186,10.1950998,312.4339905,0.381919,0.456815,0.211949,0.288765,0,0.627097,0.663831,1,0.14246,0.349368,2,0,0.71132,0,0.185804,-3229731.57,1964871.263
24,0,109.1149979,0,3,2.37537,476.447998,0.508209,4,445.552002,9.3152599,54.2762985,0.443278,0.315477,0.33728,0.0940217,0,0.602901,0.931606,0,0.184634,0.829805,0,0,0.692205,1,0.185235,-3777650.812,1700117.154
25,0,83.3761978,1000.780029,2,12.6989002,592.9710083,0.492406,4,466.7279968,9.4630499,285.7390137,0.382705,0.504782,0.623226,0.48509,0,0.620959,0.793299,0,0.153498,0.137757,2,1,0.728145,1,0.167217,-3513531.171,1900707.531
26,0,97.2900009,3414.48999,2,3.1272099,145.6069946,0.491544,4,332.1080017,11.9790001,80.2741013,0.298763,0.240404,0.274515,0.703606,0,0.543063,0.894473,0,0.0746947,0.21397,2,0,0.622431,0,0.187261,-3410146.108,1967019.138
27,0,60.7983017,0,5,5.8650298,363.1069946,0.389153,3,502.95401,8.8375597,272.8129883,0.472794,0.415099,0.341348,0.117042,0,0.33005,0.45298,1,0.200092,0.380616,0,0,0.502782,0,0.229897,-3400812.875,1769195.277
28,0,68.0080032,1005.440002,3,3.2223899,224.3450012,0.44632,4,520.7080078,11.3063002,45.2162018,0.385517,0.484334,0.333283,0.606731,0,0.635945,0.809142,0,0.128855,0.233736,1,0,0.723254,1,0.211519,-3258482.781,1950869.37
29,0,86.9514008,1003.219971,3,10.1152,587.7910156,0.510234,1,277.0109863,11.2816,183.9279938,0.348481,0.265701,0.26079,0.686879,0,0.510822,0.898157,0,0.103264,0.178798,1,0,0.687518,0,0.179604,-3310662.045,1959418.699
30,0,76.6949997,0,3,2.1931901,207.5829926,0.481364,4,218.3619995,10.8309002,87.2664032,0.459024,0.282391,0.320236,0.539836,0,0.687144,0.929387,0,0.145963,0.200042,0,1,0.70576,1,0.216781,-3758389.58,1733552.51
31,0,76.7120972,0,3,8.75245,515.3610229,0.508137,2,710.2800293,8.2393599,294.447998,0.446436,0.345302,0.36928,0.196,0,0.42338,0.912751,0,0.0766893,0.256058,1,0,0.675821,1,0.195986,-3383472.052,1909515.454
32,0,90.2457962,0,3,2.1238301,250.2319946,0.516443,4,192.8569946,11.7343998,180.4720001,0.360841,0.327916,0.265438,0.645123,0,0.538584,0.802206,0,0.118435,0.155099,2,0,0.686543,0,0.191237,-3276989.775,1961735.29
33,0,98.1873016,1008,5,5.3828301,243.378006,0.541559,4,380.5039978,12.1675997,263.9219971,0.175575,0.140576,0.285971,0.66657,1,0.527385,0.875947,2,0.0569891,0.190295,2,0,0.623576,0,0.184907,-3281159.233,1988854.153
34,0,95.5595016,1416.170044,1,7.5473399,355.9259949,0.57279,4,382.0599976,12.1159,93.3656998,0.184242,0.143232,0.26915,0.667467,0,0.537403,0.928011,0,0.0628055,0.146525,1,1,0.642579,0,0.177229,-3261170.467,1996141.529
35,0,85.5339966,0,3,2.22633,345.1820068,0.522135,2,872.0759888,8.8191299,59.6651001,0.438707,0.293299,0.177723,0.0928303,0,0.381569,0.922844,0,0.0663256,0.263807,2,0,0.715875,0,0.164318,-3318155.946,1943906.326
36,0,66.0972977,3434.73999,5,2.70874,375.4909973,0.404292,1,775.1929932,10.9015999,50.8736,0.29388,0.131276,0.260226,0.488653,0,0.387948,0.6251,1,0.0904642,0.341826,1,0,0.604437,0,0.212529,-3183473.943,1954588.172
37,0,89.6241989,1414.329956,3,1.81103,91.6511002,0.518177,4,499.8380127,11.3263998,131.970993,0.386003,0.383736,0.251023,0.576234,0,0.626165,0.8562,0,0.0829902,0.341006,1,0,0.690383,0,0.186844,-3242916.926,1978899.975
38,0,94.344101,1001.229981,3,2.36924,205.0659943,0.570826,4,337.4150085,11.1679001,316.3179932,0.468202,0.258382,0.10921,0.580858,0,0.711663,0.829145,0,0.189488,0.252083,5,0,0.76289,0,0.19787,-3737625.366,1783127.351
39,0,65.7575989,0,1,3.2953501,286.2709961,0.438023,1,269.6480103,11.7268,62.2271004,0.419652,0.385494,0.299912,0.434021,1,0.489392,0.62613,2,0.092545,0.308322,1,1,0.620477,0,0.215539,-3162845.619,1949844.687
40,0,96.764801,2418.820068,3,1.71377,132.3679962,0.530467,4,571.9910278,10.9038,111.2600021,0.375383,0.216568,0.382954,0.546463,0,0.52733,0.898223,0,0.0387959,0.208205,2,0,0.686461,1,0.180953,-3413814.207,1956046.654
41,0,79.2424011,0,2,6.3930602,485.5130005,0.502996,3,617.9829712,8.8129902,143.927002,0.444564,0.531835,0.40749,0.219848,0,0.51921,0.78247,0,0.154645,0.307139,2,0,0.74639,1,0.179349,-3387376.127,1916874.806
42,0,98.4673004,2415.300049,3,2.1751399,126.0739975,0.497862,4,291.598999,12.0869999,341.4620056,0.289129,0.247248,0.241472,0.70855,0,0.567258,0.860546,1,0.0725999,0.251432,2,0,0.618565,0,0.187363,-3411510.81,1970464.025
43,0,118.4800034,1001.460022,2,5.6868501,325.4580078,0.544784,1,274.7789917,11.1904001,84.6717987,0.366363,0.216271,0.189665,0.644355,1,0.637834,0.539183,2,0.114854,0.334,1,2,0.644329,0,0.167044,-3648747.547,1825488.146
44,0,94.010498,0,1,1.71965,354.0130005,0.572656,1,800.6939697,8.9327497,119.9710007,0.426858,0.292397,0.265321,0.12676,0,0.396822,0.933146,0,0.0577594,0.22718,3,0,0.702303,0,0.18092,-3345553.578,1939951.077
45,0,52.2188988,1053.77002,5,7.3744102,673.1519775,0.377709,4,838.4819946,6.0530901,116.5770035,0.636389,0.522512,0.201185,0,0,0.618958,0.807705,0,0.342264,0.91504,2,0,0.50326,1,0.258818,-4112425.509,1485632.429
46,0,65.6166992,1001.890015,5,9.4010401,550.7839966,0.466683,4,307.302002,9.1556101,104.6039963,0.51711,0.299994,0.36546,0.157311,0,0.568117,0.836775,0,0.284296,0.330205,1,2,0.694997,1,0.221564,-3864054.039,1675541.891
47,0,68.6401978,0,5,4.9137902,479.1679993,0.477794,4,458.243988,8.5483303,298.4890137,0.512425,0.418665,0.150645,0.0492211,0,0.518214,0.882271,0,0.325619,0.232862,1,0,0.617291,1,0.211138,-3692201.719,1694383.897
48,0,101.6699982,1001.690002,3,3.4877801,243.5659943,0.543228,4,741.5280151,9.5516796,330.8590088,0.378392,0.226617,0.408824,0.282361,0,0.404323,0.901825,0,0.0462818,0.284133,1,1,0.665649,1,0.185731,-3429396.544,1945822.613
49,0,76.821701,0,3,6.5542402,578.9400024,0.480899,4,267.4039917,9.2925396,321.0469971,0.525541,0.407873,0.394916,0.228436,0,0.513032,0.916863,0,0.348214,0.328502,0,2,0.743617,1,0.196661,-3836963.749,1680800.318
50,0,88.7776031,1008.090027,2,3.4340401,242.0249939,0.485233,4,316.0029907,12.4021997,122.8929977,0.313042,0.295293,0.388199,0.575327,1,0.556039,0.911202,2,0.0912472,0.353876,1,0,0.649513,0,0.194473,-3284295.244,1977616.826
51,0,94.6173019,1001.400024,4,4.1423001,242.3869934,0.531195,3,714.8200073,9.31569,204.1150055,0.417735,0.501545,0.650547,0.214512,0,0.645357,0.907329,0,0.149069,0.287712,5,2,0.704366,0,0.20041,-3572648.888,1861158.228
52,0,94.7826004,1002.830017,7,1.34991,200.6450043,0.523823,4,98.9562988,12.1673002,191.2129974,0.449364,0.320849,-0.0798792,0.789478,0,0.669774,0.861775,0,0.176918,0.591075,1,0,0.772574,0,0.185507,-3741602.046,1793822.466
53,0,95.7124023,0,2,3.01056,287.0950012,0.499939,4,233.1150055,12.9112997,29.8861008,0.319929,0.305344,0.480644,0.65065,0,0.617446,0.904848,1,0.0902269,0.198586,2,0,0.683999,0,0.183999,-3308307.178,1997635.324
54,0,92.225502,1005.75,1,4.5493102,224.6380005,0.562103,4,361.1300049,12.1701002,263.2200012,0.181964,0.154026,0.294452,0.67057,0,0.548952,0.907747,1,0.0641723,0.169615,1,2,0.642888,0,0.179489,-3261715.605,1993154.846
55,0,83.2332993,2425.120117,1,6.0748701,252.0659943,0.486984,4,462.3880005,11.2490997,53.5113983,0.411667,0.46586,0.245334,0.656978,0,0.587214,0.787672,0,0.123371,0.207597,1,0,0.77619,1,0.193577,-3270021.586,1954196.402
56,0,93.0975037,1005.479981,3,4.1543598,437.3529968,0.491044,4,589.8850098,9.8037796,97.9251022,0.408274,0.337753,0.482377,0.298851,1,0.553698,0.148831,2,0.0990381,0.411422,1,3,0.539013,0,0.199224,-3608182.847,1838224.625
57,0,68.8088989,0,7,3.51371,252.1430054,0.474172,4,802.6259766,8.4424896,100.0920029,0.525991,0.369697,0.201527,0.0371049,0,0.556213,0.919338,0,0.227517,0.300023,2,4,0.716962,1,0.219359,-3742817.534,1687705.59
58,0,132.3070068,0,3,7.9992399,683.8699951,0.553624,2,920.5479736,8.5410204,153.7890015,0.499249,0.358389,0.43899,0.0030998,0,0.549117,0.870399,0,0.194164,0.434397,1,2,0.626068,0,0.169689,-3623365.66,1821908.744
59,0,82.3985977,1415.439941,3,2.7205501,159.3500061,0.509895,4,208.3919983,11.2858,173.9440002,0.453343,0.267245,0.140956,0.631976,0,0.7187,0.931082,0,0.147441,0.234145,2,0,0.738667,1,0.206686,-3748688.932,1767476.597
60,0,73.4392014,2001.219971,1,7.1416402,345.7890015,0.527097,4,550.5960083,11.7480001,132.0559998,0.426098,0.305366,0.214848,0.62063,0,0.470158,0.760958,0,0.112284,0.318955,2,1,0.713568,0,0.191596,-3128777.989,1962702.101
61,0,91.2085037,1424.469971,2,8.1226301,389.4710083,0.498078,4,604.8800049,9.8779297,220.2749939,0.448135,0.480921,0.489964,0.244151,0,0.675046,0.723025,1,0.18565,0.435825,1,2,0.686697,0,0.203544,-3605740.968,1840305.772
62,0,77.0540009,0,1,8.2608204,543.9450073,0.492804,3,544.9639893,8.7712698,150.4089966,0.424901,0.57393,0.643327,0.365302,0,0.562275,0.820114,0,0.173776,0.170468,2,0,0.755094,0,0.187745,-3493317.064,1889371.851
63,0,68.9761963,1000.030029,3,2.4235301,177.878006,0.480391,4,390.2650146,10.3647003,68.221199,0.467599,0.300296,0.274934,0.498099,0,0.673096,0.828195,0,0.185925,0.244103,2,3,0.734215,1,0.22496,-3703131.458,1759093.691
64,0,85.9279022,1008.070007,3,6.5702701,314.6879883,0.479368,3,600.4030151,9.4453001,204.3280029,0.436956,0.495149,0.529264,0.187757,1,0.612418,0.790634,2,0.196327,0.409979,1,3,0.654085,0,0.204602,-3598834.503,1831471.964
65,0,69.7561035,1009.299988,2,9.4458103,631.697998,0.483584,4,323.2189941,8.65273,150.6609955,0.533878,0.277696,0.382804,0.0443161,0,0.651063,0.952652,0,0.330813,0.248375,4,3,0.639656,1,0.208416,-3918530.436,1655551.649
66,0,71.5059967,1015.200012,5,3.1821101,365.5960083,0.524714,1,532.210022,12.1835003,97.0493011,0.379463,0.302102,0.284908,0.668078,0,0.504257,0.659941,0,0.12175,0.181859,1,1,0.697723,0,0.193439,-3114883.562,1973406.372
67,0,65.9408035,1000,5,6.4538202,292.7770081,0.414238,1,630.8980103,10.6862001,169.5379944,0.277894,0.129946,0.274437,0.413258,0,0.360986,0.60119,1,0.0941488,0.483,1,0,0.584559,0,0.209292,-3194335.698,1955895.594
68,0,106.5179977,1005.469971,2,0.885215,320.7829895,0.555475,3,375.4379883,10.7431002,261.5700073,0.339364,0.411865,0.538604,0.699715,0,0.671017,0.912831,0,0.0858859,0.129409,1,2,0.711115,1,0.160149,-3488195.975,1927675.419
69,0,67.7594986,1000.080017,5,9.0729303,509.1359863,0.478533,4,598.0689697,8.1407499,313.6640015,0.544609,0.332484,0.178968,0.0331454,1,0.504072,0.544806,2,0.219259,0.605917,2,4,0.661228,0,0.222158,-3745475.223,1680256.076
70,0,83.5596008,0,3,8.7666101,381.9119873,0.50483,4,665.2459717,9.2333298,121.0449982,0.432059,0.321722,0.334953,0.202206,0,0.431225,0.92106,0,0.0698113,0.228604,3,0,0.688487,1,0.186494,-3346046.034,1931505.821
71,0,80.5447006,0,3,0.906189,165.352005,0.502538,1,476.8720093,9.2051802,160.029007,0.389627,0.270978,0.218914,0.441588,0,0.475302,0.542012,1,0.0467956,0.243519,2,0,0.64807,0,0.180229,-3312402.306,1938221.326
72,0,72.9181976,1015.580017,3,5.3062901,520.7109985,0.443059,3,718.2459717,9.1791,92.5686035,0.45369,0.48233,0.576932,0.178955,0,0.541241,0.522252,2,0.16515,0.365187,1,1,0.621276,0,0.216257,-3584898.796,1818615.47
73,0,77.1927032,0,4,1.60857,189.7689972,0.500379,4,431.9859924,11.2237997,122.7990036,0.381888,0.45358,0.259065,0.634408,0,0.636362,0.803701,0,0.105113,0.194434,1,0,0.722829,1,0.20181,-3262626.749,1955951.149
74,0,62.6306992,3013.169922,3,2.7424901,468.1480103,0.477576,4,460.7449951,10.4898005,26.2738991,0.460932,0.302868,0.278313,0.432279,0,0.662805,0.873396,0,0.211501,0.300386,4,1,0.720293,1,0.221038,-3725628.782,1743368.134
75,0,61.543499,0,3,3.0518401,171.0700073,0.425104,2,631.4470215,10.4294004,62.9118004,0.4147,0.268392,0.340503,0.440752,1,0.338468,0.511262,1,0.0980517,0.473872,1,0,0.588878,0,0.22451,-3246568.461,1942856.516
76,0,69.2845001,1414.380005,3,1.47479,117.5589981,0.476614,4,388.5150146,10.2622995,170.1109924,0.479482,0.295684,0.270833,0.437957,0,0.660587,0.919769,0,0.185921,0.231466,1,3,0.728167,1,0.224235,-3692153.975,1754724.03
77,0,94.8227997,0,6,1.93088,290.3349915,0.510251,4,429.473999,9.9078598,88.0435028,0.443583,0.291917,0.385175,0.224974,0,0.637801,0.923894,0,0.139572,0.288659,0,1,0.681249,1,0.188305,-3769926.378,1709323.56
78,0,67.1886978,1010.219971,3,3.0617001,209.4790039,0.466608,4,376.0220032,10.3322001,190.7969971,0.45593,0.325529,0.280862,0.434886,0,0.645311,0.911059,0,0.165226,0.278163,3,2,0.714864,1,0.230676,-3702670.064,1751138.993
79,0,77.1389999,2035.619995,4,5.6503401,382.3770142,0.522034,1,1156.050049,8.05198,293.5979919,0.464596,0.338295,0.335863,0.0424709,0,0.355836,0.898492,0,0.0597923,0.362664,1,0,0.732019,1,0.197795,-3387180.013,1910475.271
80,0,63.3497009,1011.340027,3,6.7749,323.4920044,0.439827,1,770.375,10.4299002,194.5050049,0.286564,0.123704,0.303675,0.39846,0,0.385227,0.685382,1,0.103915,0.523026,2,0,0.614628,0,0.206628,-3225197.482,1958569.853
81,0,84.0687027,1028.410034,5,8.0231504,393.5759888,0.504655,2,703.3289795,9.0888901,284.9819946,0.404128,0.285479,0.418061,0.253473,0,0.473295,0.885368,0,0.0670922,0.126772,3,0,0.673256,1,0.168292,-3424774.33,1929093.185
82,0,79.5705032,1415.73999,3,5.8834,315.2890015,0.419133,4,240.7700043,10.8739996,298.644989,0.540514,0.436805,0.115487,0.542178,1,0.616311,0.504057,2,0.119139,0.362304,1,0,0.741104,0,0.210446,-3659315.741,1787015.319
83,0,97.2173996,2431.610107,2,4.8701701,516.2930298,0.497078,1,571.776001,10.7568998,154.6569977,0.479183,0.35347,0.103903,0.434225,0,0.53529,0.596219,2,0.129856,0.452601,0,1,0.68606,0,0.188685,-3657794.255,1801982.799
84,0,86.9501038,1442.579956,3,8.0659504,483.7659912,0.513522,2,507.5249939,11.2812004,315.1430054,0.366674,0.250847,0.280496,0.699319,0,0.521406,0.667356,0,0.0795608,0.150189,2,0,0.686584,1,0.175973,-3314161.154,1958525.95
85,0,93.8527985,2002.98999,3,3.8695099,245.8569946,0.457065,4,65.2610016,11.7704,174.1990051,0.363056,0.146082,0.243224,0.746049,0,0.595672,0.927572,0,0.159184,0.230423,2,1,0.729871,1,0.199696,-3777299.709,1756084.59
86,0,63.4719009,0,3,2.8097301,190.147995,0.426325,2,761.867981,8.5337496,247.1690063,0.487143,0.505886,0.432095,0.146979,0,0.39865,0.925226,0,0.213399,0.36312,0,1,0.607488,1,0.233972,-3326095.974,1869415.183
87,0,60.4863014,0,5,6.0566802,496.3469849,0.402059,4,563.2719727,7.7951498,213.076004,0.495749,0.548971,0.439487,0.0925273,0,0.363616,0.873036,1,0.292041,0.508649,0,0,0.556679,0,0.232296,-3464676.04,1792755.887
88,0,94.5762024,2063.870117,5,3.0108199,938.0189819,0.540793,1,1187.27002,10.4189997,296.3110046,0.42074,0.30121,0.181951,0.26222,0,0.433291,0.886471,0,0.122495,0.208623,2,0,0.707531,0,0.183558,-3208081.815,1971018.935
89,0,91.0285034,1488.02002,2,9.3723898,951.164978,0.528083,3,836.5200195,9.4000502,136.5350037,0.41887,0.522581,0.583189,0.204475,0,0.56207,0.878283,1,0.161296,0.140716,2,3,0.747216,1,0.1729,-3489026.925,1907727.539
90,0,81.5213013,0,5,3.4595001,370.3359985,0.51089,4,249.6349945,9.5563498,333.9649963,0.537016,0.248676,0.357717,0.178438,0,0.681844,0.738594,0,0.283636,0.361618,5,2,0.613653,1,0.192703,-3950828.798,1662708.897
91,0,70.114502,0,3,2.2804401,152.5330048,0.463948,2,722.5700073,9.7262897,70.072403,0.464055,0.285405,0.280714,0.278105,0,0.353115,0.473201,1,0.0941368,0.496711,1,0,0.580686,0,0.224295,-3257200.194,1938596.86
92,0,67.6388016,1000.01001,3,4.5412798,280.1170044,0.531906,4,664.3200073,9.17974,21.2954006,0.498596,0.333257,0.206475,0.120351,0,0.576336,0.920676,0,0.203206,0.344415,2,2,0.709697,1,0.226981,-3700905.49,1722316.11
93,0,131.1450043,1002.190002,2,4.8235502,316.177002,0.569292,3,527.65802,10.4282999,337.0499878,0.353079,0.396003,0.453173,0.544961,0,0.59107,0.92113,0,0.0949962,0.235787,2,1,0.725825,0,0.161301,-3479098.328,1940365.294
94,0,69.5748978,0,3,4.78652,271.8630066,0.467836,4,1036.630005,7.5334001,5.04144,0.450444,0.506353,0.697192,0.0266029,0,0.377736,0.557899,0,0.06907,0.814757,1,2,0.706228,0,0.239303,-3539094.545,1867142.292
95,0,84.5431976,1000.049988,5,2.92855,192.6239929,0.495497,4,152.8560028,11.3346004,341.756012,0.452724,0.257145,0.146563,0.677367,1,0.720396,0.830052,0,0.172982,0.220292,1,1,0.725335,1,0.203606,-3753838.317,1765446.661
96,0,76.0317001,2096.429932,2,2.4705,427.256012,0.481408,3,886.4000244,8.8228302,217.8309937,0.447183,0.321957,0.621426,0.149236,1,0.327623,0.621559,2,0.149009,0.209989,1,0,0.610512,1,0.194605,-3487710.267,1893119.225
97,0,80.5255966,0,3,1.82151,244.0570068,0.44856,2,351.4360046,10.5552998,224.9129944,0.412876,0.228024,0.353401,0.601514,1,0.486356,0.43555,2,0.0442781,0.206135,2,0,0.622775,0,0.180561,-3326809.095,1937848.164
98,0,72.7418976,1002.880005,3,8.5159197,420.2640076,0.479659,2,194.9219971,9.96451,94.7891998,0.519133,0.237818,0.371701,0.191937,0,0.66818,0.92327,0,0.289947,0.265862,7,6,0.636641,1,0.192311,-3930264.646,1664272.676
99,0,72.8121033,0,3,4.2920399,709.6309814,0.482998,2,272.8039856,7.0240998,134.052002,0.591882,0.392438,0.333991,0.0051427,0,0.546423,0.914362,1,0.428658,0.819425,5,0,0.585221,0,0.21432,-3999509.157,1601840.507
100,0,67.0121994,1001.530029,3,11.9224005,569.3579712,0.454295,4,383.5769958,9.0705605,89.160202,0.500266,0.394593,0.186105,0.113359,0,0.544956,0.880831,0,0.317097,0.186673,0,0,0.626453,0,0.214456,-3684888.294,1708024.442
101,0,69.6600037,1015.429993,4,10.1949997,541.3959961,0.431948,1,637.6090088,8.80931,111.1650009,0.417389,0.341214,0.702251,0.201942,0,0.345198,0.872849,0,0.0922325,0.145256,1,2,0.694973,1,0.185783,-3531713.448,1879080.355
102,0,100.4189987,1002.609985,3,7.2782102,423.9289856,0.527365,4,636.9299927,10.2496996,69.9872971,0.3728,0.223578,0.425375,0.38542,0,0.48001,0.929372,0,0.0561062,0.163517,1,1,0.675035,1,0.178768,-3422828.546,1950476.111
103,0,78.6727982,0,3,2.8125601,206.6260071,0.493469,2,573.5620117,9.2667599,159.2779999,0.415689,0.266375,0.220052,0.297688,0,0.446166,0.755486,2,0.0532421,0.405044,2,0,0.637637,0,0.192435,-3308818.352,1937444.423
104,0,66.6857986,0,3,2.5274701,271.0799866,0.41424,1,161.6970062,12.7805996,137.1779938,0.366886,0.314267,0.386474,0.390314,0,0.502397,0.697236,1,0.118105,0.231135,1,0,0.619842,0,0.202526,-3101678.696,1976988.141
105,0,85.5281982,1009.159973,5,12.5657997,559.1240234,0.44702,4,328.5209961,9.7592697,243.3549957,0.501254,0.330346,0.442746,0.323218,0,0.633374,0.929059,0,0.291602,0.195171,0,2,0.724704,1,0.198859,-3823242.694,1686768.556
106,0,66.322403,2012.280029,3,3.0646801,337.7000122,0.441567,4,576.742981,11.8486996,96.2137985,0.454564,0.334792,0.282592,0.563405,0,0.454251,0.813889,0,0.0845523,0.549071,1,0,0.690101,0,0.200959,-3128162.432,1948386.314
107,0,67.710701,2004.540039,5,7.0753698,515.9329834,0.495137,4,761.0770264,8.99652,22.8871994,0.510368,0.372002,0.270893,0.0937607,0,0.5514,0.888961,0,0.311802,0.287175,2,2,0.731164,1,0.20937,-3739990.776,1694167.798
108,0,99.1491013,2058.580078,3,11.5158997,648.4689941,0.509367,5,535.3359985,10.9106998,160.6419983,0.401903,0.234573,0.38231,0.421636,0,0.475982,0.88692,0,0.0775578,0.0718234,2,0,0.706042,1,0.158517,-3385911.855,1952400.627
109,0,102.3030014,2428.25,3,6.30899,696.7150269,0.553908,3,1174.780029,9.3386602,197.1649933,0.467398,0.533217,0.522186,0.0585828,0,0.441113,0.936838,0,0.163833,0.218997,1,1,0.755867,1,0.163131,-3487457.538,1919227.679
110,0,80.7171021,0,3,1.57199,333.821991,0.558648,4,844.9210205,8.0865803,315.4179993,0.464779,0.330002,0.244752,0.0785401,0,0.385675,0.89393,0,0.0575163,0.357164,2,0,0.729615,1,0.195205,-3334735.669,1927219.085
111,0,99.0807037,3850.479981,1,5.0222301,357.9259949,0.533062,1,541.0440063,12.2076998,99.8298035,0.283412,0.1848,0.294855,0.663577,0,0.47992,0.916084,0,0.0790651,0.222587,2,2,0.642457,1,0.173967,-3291810.893,1992607.152
112,0,90.7770996,1009.119995,4,9.3878498,496.7720032,0.49871,1,598.5239868,10.9343996,131.9190063,0.366808,0.240107,0.270648,0.443505,0,0.44294,0.542868,0,0.111373,0.263004,1,0,0.64731,0,0.172639,-3235913.203,1971701.553
113,0,73.3672028,1489.709961,7,9.1609097,562.0040283,0.44937,4,957.6859741,8.2267199,78.3525009,0.505724,0.638357,0.619173,0.107879,0,0.497592,0.741008,0,0.208258,0.300465,1,2,0.806072,1,0.200619,-3485114.671,1883861.648
114,0,91.4766998,0,3,1.70723,434.4240112,0.495707,4,333.1860046,9.8553801,88.9542999,0.474828,0.328042,0.455816,0.214418,0,0.601957,0.924621,0,0.158408,0.262843,0,2,0.70973,1,0.206658,-3814753.974,1695063.412
115,0,89.3639984,3846.439941,3,7.96382,550.2780151,0.517621,4,904.0360107,11.1810999,355.1799927,0.396256,0.264081,0.162574,0.436934,0,0.473952,0.917917,0,0.163225,0.287637,1,0,0.696591,0,0.156418,-3227517.029,1990800.387
116,0,59.0960999,1003.840027,5,4.8981199,364.2019958,0.385398,1,583.3759766,9.1618605,27.0895996,0.487046,0.500372,0.0602039,0.173214,0,0.435661,0.861167,0,0.317132,0.440806,0,0,0.61584,0,0.231138,-3512963.87,1751656.384
117,0,74.2649002,2836.379883,5,3.2951801,305.8930054,0.480809,4,213.5359955,11.2898998,276.7569885,0.435377,0.394209,0.215929,0.613842,0,0.623105,0.588506,1,0.123841,0.462593,0,2,0.748245,0,0.198062,-3686723.219,1800942.4
118,0,83.1660995,3006.229981,3,2.00703,314.3059998,0.534627,4,159.8379974,11.1443005,278.8200073,0.459662,0.270449,0.129639,0.578226,0,0.710333,0.92615,0,0.16475,0.312728,3,0,0.749763,0,0.204178,-3740259.144,1773315.48
119,0,70.9973984,2448.439941,1,6.0573902,481.1059875,0.47881,3,764.1090088,8.8372002,356.0700073,0.401259,0.311191,0.640307,0.13978,0,0.384673,0.878294,0,0.0776415,0.342133,2,0,0.685689,1,0.194,-3532178.45,1891688.743
120,0,66.7322998,1006.820007,3,6.3972101,316.2369995,0.504556,4,430.4230042,9.6054697,109.711998,0.481905,0.302443,0.250852,0.213437,0,0.598589,0.93289,0,0.214149,0.304894,4,2,0.703768,1,0.221247,-3712404.301,1722057.891
121,0,94.2148972,3432.669922,1,4.4608598,429.1180115,0.535203,4,488.769989,12.3656998,167.2890015,0.351613,0.245664,0.355269,0.706376,0,0.618716,0.922506,0,0.0908657,0.218273,3,0,0.696892,1,0.171916,-3323761.557,1988687.937
122,0,76.9299011,1450.229981,5,4.8827801,625.8439941,0.462111,4,501.5270081,9.6767397,336.0150146,0.513406,0.391589,0.435287,0.26907,0,0.535396,0.787683,0,0.335447,0.355862,1,2,0.738464,1,0.19524,-3832757.55,1682489.668
123,0,78.088501,2424.26001,3,3.35497,311.5100098,0.460219,4,291.3089905,11.2297001,210.8139954,0.353083,0.146536,0.280533,0.635674,0,0.538392,0.949073,0,0.148246,0.357997,0,2,0.692554,1,0.209908,-3762420.568,1743736.293
124,0,52.0698013,2444.840088,6,8.2093296,506.822998,0.3524,1,658.8209839,10.1247997,125.7180023,0.451957,0.5475,-0.14334,0.16492,0,0.353225,0.896442,0,0.418271,0.339352,0,0,0.510115,0,0.230498,-3474090.258,1730011.774
125,0,99.6610031,0,3,1.73866,267.0870056,0.509093,4,160.1410065,9.6085396,251.7669983,0.474314,0.356634,0.443147,0.274342,0,0.611352,0.91472,0,0.2368,0.224522,1,0,0.70443,1,0.180855,-3809860.521,1684721.518
126,0,78.4735031,1416.430054,2,5.5353398,316.776001,0.4701,2,769.4580078,9.6033001,134.996994,0.446938,0.293864,0.272498,0.23193,0,0.432752,0.908017,0,0.0661977,0.317215,2,0,0.699521,0,0.187968,-3317847.489,1935495.949
127,0,92.7845993,2435.51001,2,2.62081,469.8160095,0.519463,4,457.493988,12.2921,141.2050018,0.347559,0.267734,0.362556,0.720059,0,0.55407,0.909159,0,0.0998794,0.190945,4,0,0.693377,1,0.17823,-3328899.267,1982148.375
128,0,103.3820038,1022.570007,2,7.32444,335.6210022,0.53584,4,653.1870117,9.40903,46.0126991,0.410823,0.463073,0.646942,0.241216,0,0.6307,0.91767,0,0.140262,0.377577,5,1,0.68763,1,0.200501,-3569700.628,1870614.05
129,0,69.9225998,1414.26001,3,1.13564,220.9490051,0.477308,4,205.9909973,10.4554996,85.5362015,0.462127,0.290581,0.311257,0.46874,0,0.672199,0.909491,0,0.142208,0.288266,0,2,0.705155,1,0.219048,-3746115.957,1730366.623
130,0,83.6132965,3037.48999,3,5.7602,301.0700073,0.511204,4,231.2449951,11.3323002,24.3614006,0.44387,0.226417,0.140044,0.645621,0,0.700822,0.502165,1,0.171465,0.449609,1,1,0.714691,0,0.199524,-3730933.902,1786929.541
131,0,66.6717987,0,5,0.139694,534.1820068,0.483012,4,334.3429871,9.0169296,93.5803986,0.493558,0.386685,0.188547,0.126387,0,0.550086,0.912721,0,0.304009,0.218982,1,2,0.643816,0,0.218047,-3689095.435,1711478.374
132,0,96.444397,2887.830078,3,11.1372995,608.9240112,0.509145,2,895.4580078,9.3236198,224.0549927,0.429855,0.295345,0.350421,0.132832,0,0.401017,0.836291,0,0.0757273,0.144437,3,0,0.695938,1,0.169021,-3369752.228,1935919.751
133,0,78.8764038,2831.300049,3,1.68396,162.9750061,0.522153,4,251.9409943,10.9698,316.6579895,0.464093,0.267613,0.181823,0.602539,0,0.700553,0.916095,0,0.172445,0.251875,4,0,0.749447,1,0.207525,-3729276.939,1774988.283
134,0,99.3834,1416.780029,3,2.233,167.3829956,0.507022,4,190.3359985,13.0754004,235.1089935,0.326448,0.289428,0.335304,0.669325,0,0.613035,0.916157,0,0.0846094,0.148706,4,0,0.679416,1,0.185176,-3359785.143,1991393.558
135,0,71.5299988,0,2,9.5612602,611.0089722,0.434886,4,676.9550171,8.64464,105.211998,0.43647,0.579122,0.621552,0.295436,0,0.537645,0.862895,0,0.163607,0.312642,1,1,0.730351,0,0.202394,-3481948.893,1888086.993
136,0,69.2714005,2013.439941,3,0.455645,264.1359863,0.436974,2,550.2340088,11.0763998,87.6869965,0.443924,0.490913,0.323751,0.602898,0,0.556876,0.56456,1,0.114107,0.256483,3,0,0.77383,0,0.199849,-3260496.58,1946987.477
137,0,92.7015991,2040.290039,1,9.6361599,563.5,0.537618,4,558.0700073,12.1029997,11.3172998,0.186952,0.11501,0.239604,0.641502,1,0.463063,0.510101,1,0.0659752,0.210716,1,2,0.609491,0,0.165932,-3252216.637,2001233.249
138,0,92.490303,2037.550049,2,5.3055,356.1740112,0.513262,4,665.4470215,10.3212996,110.4100037,0.42256,0.269515,0.428059,0.394299,0,0.490384,0.885388,0,0.0536811,0.163965,3,0,0.697294,1,0.181994,-3382251.054,1938658.277
139,0,76.0046997,0,3,7.83564,576.4979858,0.452002,3,361.5780029,9.2047701,265.9719849,0.407642,0.577411,0.675581,0.387022,0,0.564645,0.758092,0,0.162042,0.255208,2,0,0.715572,0,0.197639,-3494133.086,1883775.092
140,0,61.4280014,0,6,3.6982901,325.3590088,0.39973,4,459.1650085,8.9565401,290.82901,0.452084,0.572201,0.439081,0.166944,0,0.375091,0.913757,0,0.278519,0.321634,0,0,0.630472,0,0.221655,-3399022.124,1790925.551
141,0,56.9628983,0,3,10.7396002,509.8269958,0.404839,4,674.5830078,5.4561501,300.8559875,0.622754,0.494079,0.214861,0,0,0.602596,0.88354,0,0.30934,0.598682,1,0,0.509516,1,0.251047,-4116183.415,1476497.046
142,0,78.0594025,0,3,8.5265799,463.3320007,0.4744,2,726.3449707,9.5937099,100.9089966,0.443398,0.323395,0.30785,0.278744,0,0.459717,0.896345,0,0.0775555,0.21973,2,0,0.693489,1,0.179598,-3325493.35,1932515.584
143,0,77.1827011,2846.229981,5,4.3280001,359.3919983,0.482365,4,368.3940125,11.3591995,307.9169922,0.421286,0.268875,0.170838,0.651506,1,0.560601,0.63243,2,0.17215,0.421094,1,2,0.667332,0,0.193751,-3682509.55,1805978.522
144,0,99.455101,2897.73999,3,7.9217801,638.3439941,0.527842,4,826.3359985,10.0200996,104.5250015,0.420194,0.296888,0.395318,0.247454,0,0.464941,0.938251,0,0.071371,0.107152,3,0,0.688111,1,0.167687,-3373389.298,1939078.966
145,0,76.6442032,3847.790039,3,2.8136301,370.4190063,0.462513,4,446.9119873,13.1201,59.5695,0.399088,0.323073,0.435726,0.545597,0,0.518566,0.694282,0,0.0917008,0.279066,0,0,0.682154,0,0.184454,-3088046.426,2001829.724
146,0,90.8669968,1001.119995,2,1.71424,147.8600006,0.450236,4,41.9192009,13.0010996,91.5463028,0.306158,0.295426,0.189793,0.587084,0,0.61956,0.847387,0,0.0717109,0.217357,2,0,0.631018,0,0.194829,-3398582.961,1978051.46
147,0,65.9833984,1000,3,2.73455,222.8289948,0.471029,4,233.0469971,10.8250999,44.2681999,0.458385,0.297608,0.282613,0.510814,0,0.690892,0.762322,0,0.172418,0.215596,3,2,0.680588,0,0.22507,-3717474.136,1765160.389
148,0,102.8779984,2832.830078,3,1.2715501,265.6629944,0.491692,4,369.6860046,12.2163,251.3880005,0.317918,0.242153,0.209539,0.714333,0,0.557133,0.883435,1,0.0827316,0.234471,2,0,0.631221,0,0.179731,-3422921.466,1972823.196
149,0,79.6735001,0,3,1.7487299,211.4980011,0.50635,2,579.0059814,9.6103401,6.6033502,0.445778,0.259071,0.209598,0.325528,0,0.423295,0.61867,2,0.0353048,0.277168,4,0,0.626954,1,0.194903,-3298830.791,1939774.67
150,0,105.9749985,2420.159912,3,5.8000498,350.0769958,0.489744,1,255.5189972,11.9143,109.4000015,0.315336,0.221761,0.429983,0.623408,0,0.537498,0.904462,1,0.0443833,0.206096,4,0,0.657607,1,0.173101,-3357531.842,1953853.174
151,0,106.1259995,1423.26001,3,1.37498,331.4710083,0.509272,4,381.9729919,11.9687996,148.8619995,0.339065,0.217276,0.235454,0.713291,0,0.54949,0.751594,0,0.054786,0.162739,2,0,0.659293,1,0.174284,-3426446.057,1971782.515
152,0,101.572998,2018.160034,1,7.0240202,294.0010071,0.546087,1,606.8239746,10.5881004,291.6329956,0.445234,0.271003,0.158556,0.341905,0,0.628484,0.88639,0,0.2108,0.273927,2,1,0.70052,1,0.179471,-3649965.348,1806994.875
153,0,87.2443008,1018.330017,5,7.4054098,489.776001,0.467333,1,503.1199951,11.3891001,51.550499,0.367393,0.238266,0.269919,0.698432,0,0.485194,0.588949,0,0.0866916,0.255097,2,1,0.656959,1,0.16327,-3217680.742,1979419.713
154,0,97.8947983,1000.859985,3,4.8424301,247.572998,0.498451,4,275.9599915,12.5627003,115.8860016,0.338842,0.275736,0.36415,0.697117,0,0.569471,0.937623,0,0.0907835,0.15073,3,0,0.690958,1,0.173983,-3335159.254,1990602.355
155,0,69.5820999,0,2,14.1667004,788.1370239,0.439854,4,821.0930176,8.2768002,207.4519958,0.454304,0.505499,0.713442,0.106392,0,0.428907,0.821001,0,0.143831,0.21493,1,2,0.757596,0,0.192741,-3532646.981,1873734.156
156,0,106.9560013,1414.23999,2,1.62974,153.279007,0.551809,4,610.3599854,10.2250996,336.9840088,0.393606,0.220537,0.402504,0.396187,0,0.435576,0.849331,0,0.0423838,0.246145,1,1,0.686714,1,0.182379,-3427982.256,1956749.058
157,0,66.7434006,0,5,1.48022,171.6640015,0.443817,3,383.7879944,11.7941999,15.9419003,0.467711,0.326498,0.29035,0.604811,0,0.441721,0.838532,1,0.0788837,0.318615,1,0,0.69311,1,0.204908,-3111359.67,1960011.799
158,0,65.4887009,2830.110107,4,2.30159,184.2200012,0.429434,4,433.0130005,11.2005997,173.6439972,0.397864,0.461844,0.352969,0.54226,0,0.601349,0.751947,0,0.106716,0.277807,4,0,0.693474,0,0.217128,-3254141.842,1950624.272
159,0,96.7418976,0,3,7.86447,770.0029907,0.555921,4,622.3410034,8.7528,195.9570007,0.430139,0.553247,0.664956,0.0865066,0,0.594937,0.897947,0,0.193001,0.271885,2,2,0.728402,0,0.194724,-3566866.411,1863983.763
160,0,86.0810013,1019.950012,3,8.7493601,417.7250061,0.492074,1,822.9160156,10.4119997,190.548996,0.303155,0.12902,0.21262,0.289755,0,0.371533,0.822313,0,0.110171,0.271095,1,0,0.665097,1,0.194566,-3209610.33,1967323.724
161,0,85.9997025,1000,4,4.0910702,452.4530029,0.492981,2,153.5070038,11.9698,314.6489868,0.31457,0.300615,0.33333,0.621673,0,0.549035,0.705725,2,0.0979313,0.240364,2,0,0.657054,1,0.187462,-3302402.75,1966091.276
162,0,73.8122025,2834.879883,3,1.99655,239.8670044,0.518544,4,617.9860229,11.0275002,250.4880066,0.395345,0.46085,0.258573,0.586755,0,0.631647,0.788727,0,0.11079,0.217436,1,0,0.7258,0,0.201407,-3257824.976,1957445.034
163,0,67.1278992,0,3,2.2623601,256.5700073,0.515467,4,517.0139771,9.2333002,6.3211098,0.490959,0.338773,0.219747,0.131975,0,0.572019,0.966332,0,0.21108,0.396093,3,2,0.700062,1,0.227418,-3705349.423,1717579.034
164,0,67.0998001,1033.959961,5,5.9517698,398.2399902,0.417838,4,429.4639893,12.5550003,114.7389984,0.323538,0.362531,0.398709,0.463985,0,0.476501,0.671483,1,0.113029,0.223411,1,1,0.614197,0,0.200028,-3095977.217,1977079.143
165,0,89.2050018,1003.849976,2,3.60447,188.5200043,0.559664,4,331.2399902,11.2017002,280.4899902,0.465023,0.264261,0.0904494,0.57773,0,0.707513,0.916338,0,0.17305,0.243658,10,0,0.757202,0,0.199565,-3744276.855,1777667.59
166,0,93.5134964,2010.48999,1,6.2424002,282.5390015,0.550344,4,676.9550171,11.1520996,112.1930008,0.398164,0.264248,0.219229,0.399898,0,0.49814,0.951879,0,0.119542,0.221827,1,0,0.698411,0,0.176033,-3234058.185,1982488.869
167,0,58.3574982,0,5,7.7175999,548.1149902,0.423423,4,437.6400146,8.2631302,134.6089935,0.514017,0.284607,0.383847,0,0,0.532806,0.469561,1,0.209349,0.505346,3,3,0.477765,1,0.232922,-3913147.162,1641387.332
168,0,85.6592026,0,1,6.86726,414.0480042,0.481663,4,286.5769958,10.3500996,104.9540024,0.392822,0.470825,0.657341,0.661418,0,0.652858,0.908591,0,0.0770485,0.178489,2,1,0.716974,1,0.174193,-3502483.891,1900285.933
169,0,88.4136963,1000,3,3.2420599,320.625,0.507635,1,491.4989929,9.5942602,70.7445984,0.369996,0.270945,0.360573,0.38651,0,0.432579,0.747275,2,0.0506598,0.221936,3,0,0.620054,1,0.187415,-3351084.602,1933416.219
170,0,76.981102,1040.23999,2,6.0960102,318.9249878,0.523944,3,898.526001,8.4204502,253.8419952,0.401452,0.329209,0.590853,0.0814618,0,0.369004,0.927811,0,0.0625038,0.29586,3,0,0.699358,1,0.18403,-3524754.294,1895973.203
171,0,109.3470001,1040.709961,3,13.0695,697.3070068,0.526116,2,697.7810059,9.6367502,3.97192,0.400558,0.222373,0.318784,0.554935,0,0.46529,0.818515,0,0.0676647,0.186782,3,0,0.70544,1,0.155519,-3366516.168,1945967.277
172,0,99.2106018,2003.439941,3,0.473021,206.8130035,0.506827,4,224.4559937,12.8213997,153.5390015,0.33828,0.28412,0.340917,0.69799,0,0.595023,0.923819,0,0.0870975,0.166437,4,0,0.698035,1,0.179195,-3352059.821,1991062.055
173,0,77.8169022,1003.52002,3,8.6698103,397.6929932,0.4679,4,374.7609863,9.5732403,334.4649963,0.518539,0.411814,0.444846,0.252121,0,0.496221,0.924143,0,0.34072,0.400096,1,2,0.734618,1,0.207093,-3828682.473,1676772.226
174,0,80.7702026,0,3,0.874939,260.0169983,0.497748,4,385.1679993,11.3042002,125.387001,0.353249,0.366375,0.270822,0.600883,1,0.577004,0.771312,2,0.084227,0.243817,1,1,0.647839,0,0.196054,-3255833.342,1964365.88
175,0,74.4534988,1001.090027,3,4.5609798,246.5050049,0.499168,4,455.8259888,11.0820999,288.5090027,0.399043,0.378849,0.293544,0.57225,1,0.572434,0.536234,1,0.0913791,0.232899,2,0,0.653861,0,0.200334,-3248678.67,1962498.615
176,0,68.2516022,0,7,2.4625101,202.7819977,0.480357,4,249.3849945,10.3274002,274.3890076,0.459419,0.316207,0.276288,0.466949,0,0.659052,0.872975,0,0.160072,0.23249,3,1,0.722736,1,0.23132,-3704708.56,1754501.096
177,0,91.2049026,1001.48999,2,6.5412202,416.3469849,0.511011,4,848.7139893,8.4569502,276.8819885,0.327335,0.192115,0.384653,0.107777,0,0.362348,0.551537,0,0.0709667,0.468163,1,1,0.618019,1,0.194983,-3446362.579,1928460.495
178,0,79.5485001,2415.469971,3,2.41557,321.019989,0.516999,4,151.6190033,11.0545998,195.0809937,0.464738,0.270369,0.170401,0.59603,0,0.712892,0.909271,1,0.171411,0.265883,3,0,0.749529,0,0.207864,-3733125.642,1774178.913
179,0,57.0619011,1427.920044,4,8.89645,421.7130127,0.388366,4,475.2120056,10.0529003,209.1170044,0.511589,0.529493,0.19578,0.213766,0,0.554012,0.79206,1,0.208062,0.317186,0,3,0.673054,0,0.229219,-3629346.894,1773438.535
180,0,71.8479004,2849.830078,3,7.5380201,370.2380066,0.493894,1,480.5710144,12.3198004,155.3179932,0.400985,0.303964,0.274491,0.664715,0,0.490942,0.906741,0,0.137876,0.182253,1,1,0.721613,0,0.187345,-3120111.626,1972345.247
181,0,91.2245026,0,3,3.4085801,345.4179993,0.520095,3,622.3980103,9.1695204,83.2745972,0.425585,0.511497,0.634363,0.159673,1,0.625121,0.876056,0,0.156622,0.428497,3,2,0.706663,0,0.198632,-3578570.014,1855454.584
182,0,91.9705963,1003.98999,5,5.9335699,300.5799866,0.513467,1,367.2420044,11.1330004,49.5330009,0.334773,0.26107,0.214877,0.658368,0,0.473107,0.777805,1,0.0861077,0.147344,2,1,0.675183,0,0.1707,-3187485.921,1972624.777
183,0,88.8181,2004.859985,2,3.51594,186.7449951,0.517756,4,260.4070129,11.2672005,270.2669983,0.452693,0.260905,0.0887361,0.632829,0,0.715913,0.891319,0,0.165607,0.349315,1,0,0.744583,1,0.19952,-3754166.844,1769945.559
184,0,117.4520035,1029.02002,3,3.77775,438.4309998,0.542915,4,585.9320068,11.4720001,262.42099,0.364296,0.198178,0.268778,0.641136,0,0.516156,0.922339,0,0.0459518,0.152435,2,0,0.683046,1,0.170333,-3433615.494,1972014.154
185,0,55.6846008,1415.920044,5,9.8586702,519.2780151,0.413367,4,350.1950073,9.22752,272.8789978,0.515061,0.378069,0.305234,0.0692348,1,0.418677,0.306251,2,0.224241,0.349458,0,2,0.469578,1,0.227176,-3728625.574,1684101.326
186,0,64.4601974,2435.899902,5,2.09359,501.9020081,0.419511,4,526.4790039,10.2894001,35.4813004,0.538982,0.442468,0.162232,0.220107,0,0.527949,0.359329,2,0.127127,0.567109,1,3,0.619012,0,0.222906,-3646094.778,1769574.605
187,0,87.3822021,0,5,0.290758,113.7679977,0.478753,4,71.3455963,11.6809998,209.576004,0.50608,0.268105,0.277897,0.503641,0,0.619209,0.897915,0,0.244896,0.66507,6,4,0.680792,1,0.199482,-3935635.459,1680149.407
188,0,86.4123001,1001.330017,4,5.3843398,352.5559998,0.496922,4,300.1659851,10.2959995,228.0469971,0.4111,0.272744,0.453847,0.623303,1,0.545383,0.83507,0,0.0725316,0.154597,3,0,0.692066,1,0.178795,-3398913.237,1936603.617
189,0,107.4290009,0,3,6.5293198,441.0910034,0.487013,1,76.8981018,12.5529003,267.8729858,0.336339,0.274886,0.121447,0.694188,0,0.60917,0.689268,1,0.106462,0.169245,1,0,0.638617,0,0.175184,-3421493.504,1980412.233
190,0,75.3896027,1016.659973,5,6.5804601,435.6669922,0.48305,4,543.2880249,9.8868103,296.8989868,0.484537,0.305654,0.246221,0.231348,0,0.340929,0.211591,1,0.126139,0.307969,1,3,0.532992,0,0.209917,-3640108.925,1786310.696
191,0,71.2378006,1084.880005,3,12.7851,906.8029785,0.479271,4,809.2440186,8.7449198,331.0329895,0.51329,0.397162,0.163323,0.0648571,0,0.537762,0.562281,0,0.342109,0.202387,1,0,0.611932,1,0.206348,-3691041.858,1698806.597
192,0,98.6233978,2024.050049,3,3.84056,167.701004,0.52863,4,474.2229919,10.8456001,84.5067978,0.361481,0.217058,0.395761,0.564207,0,0.550409,0.889329,0,0.0375097,0.174569,2,0,0.670324,1,0.18299,-3417972.991,1954868.491
193,0,90.5180969,2005.030029,1,2.5671101,159.7359924,0.546039,4,588.75,11.2409,76.2335968,0.371236,0.351106,0.232634,0.526938,0,0.613831,0.906195,0,0.0779371,0.267792,1,0,0.688397,0,0.184123,-3237919.106,1981376.337
194,0,80.4266968,1000.01001,2,9.1296902,550.1729736,0.537874,1,618.3140259,8.7799797,248.0339966,0.431125,0.320007,0.387705,0.227066,0,0.430074,0.895269,0,0.0822511,0.172858,2,0,0.684679,1,0.176667,-3378128.614,1920948.478
195,0,95.3345032,0,2,1.67251,295.447998,0.510388,4,147.897995,12.5438995,70.5688019,0.325872,0.271572,0.380701,0.705303,0,0.640748,0.90575,0,0.0636894,0.154867,3,0,0.68188,1,0.175887,-3330102.395,1988494.84
196,0,86.7347031,1003.309998,3,4.3155799,207.6920013,0.502686,1,492.8099976,11.4323997,129.7649994,0.352871,0.344735,0.270243,0.544629,0,0.57781,0.865284,1,0.0931123,0.534569,1,0,0.647367,0,0.182034,-3248255.038,1975019.935
197,0,80.1360016,0,5,6.9448099,353.9679871,0.446856,4,694.8619995,9.1155996,241.4380035,0.383147,0.485495,0.473953,0.289566,0,0.589829,0.858427,0,0.1089,0.292999,2,0,0.712991,1,0.197255,-3442960.287,1924371.973
198,0,80.3207016,1024.23999,3,8.3072596,398.3250122,0.498627,1,501.5039978,9.8796701,234.3630066,0.454867,0.540208,0.573615,0.380709,0,0.673535,0.832506,1,0.203707,0.298437,3,2,0.712059,0,0.192276,-3583553.627,1841214.363
199,0,72.9672012,1009.880005,3,2.1343801,382.401001,0.450681,4,284.5669861,12.6880999,207.1950073,0.323975,0.317894,0.20868,0.571038,1,0.603262,0.907394,0,0.0978386,0.295485,0,0,0.653065,0,0.193991,-3224846.061,2008341.099
200,0,87.0604019,0,2,6.12783,310.5799866,0.505844,2,725.4429932,9.43536,74.8759003,0.429626,0.364255,0.223654,0.290253,0,0.41797,0.774349,0,0.159568,0.237729,2,0,0.680304,1,0.196362,-3278485.93,1935713.174
201,0,97.2753983,1002.979981,2,3.1289501,238.0440063,0.526334,4,213.6660004,11.6718998,116.7450027,0.443657,0.247681,0.0834292,0.706657,0,0.735383,0.808739,0,0.195656,0.511207,1,0,0.741523,0,0.189489,-3757786.154,1775721.854
202,0,76.8961029,2001.030029,5,2.74789,269.9089966,0.474421,2,821.5280151,9.2001801,5.6161098,0.44883,0.296226,0.250052,0.201542,0,0.427948,0.706268,2,0.0599703,0.414778,2,0,0.674221,0,0.196487,-3315805.553,1932908.099
203,0,74.3902969,0,5,0.800691,691.5100098,0.511123,4,266.0830078,8.8591404,221.8970032,0.499833,0.375685,0.247977,0.152827,0,0.574674,0.796405,0,0.295367,0.242649,1,4,0.706513,1,0.202109,-3746741.531,1696365.419
204,0,60.8782005,1017.119995,3,7.11801,396.5499878,0.461873,4,404.9590149,9.9100399,118.689003,0.474294,0.352919,0.241935,0.327266,0,0.59528,0.91982,0,0.245728,0.292157,0,2,0.689794,1,0.223535,-3683223.268,1734912.189
205,0,61.2888985,0,3,3.6767099,282.3320007,0.434913,4,344.177002,9.4310598,118.9980011,0.496101,0.396071,0.188061,0.184867,0,0.562779,0.905098,0,0.281071,0.228078,0,0,0.599876,0,0.228863,-3675144.44,1709880.046
206,0,102.336998,1004.51001,3,7.6156902,409.5289917,0.537814,4,498.4240112,10.0570002,347.6749878,0.358624,0.224456,0.431037,0.460014,0,0.457161,0.885185,0,0.0524935,0.217701,0,1,0.665149,1,0.183311,-3425928.821,1950402.135
207,0,69.4372025,2842.48999,4,8.83494,463.4389954,0.438921,3,732.1019897,9.4842796,312.8120117,0.419102,0.329459,0.701152,0.259451,0,0.390238,0.89604,0,0.0910006,0.350433,2,2,0.674158,1,0.203401,-3525442.107,1884042.924
208,0,69.6755981,1415.130005,3,1.73839,129.7570038,0.475522,4,311.6669922,10.7646999,42.9776001,0.464387,0.279699,0.221767,0.53335,0,0.684476,0.892915,0,0.154011,0.270915,3,0,0.733636,1,0.224105,-3731612.356,1760089.669
209,0,81.3442001,1416.439941,2,2.2789199,126.6179962,0.471572,4,191.5690002,11.2784996,353.6170044,0.457518,0.272995,0.181951,0.655203,0,0.720185,0.937894,0,0.150552,0.253535,0,1,0.739785,1,0.21013,-3754013.024,1760072.97
210,0,72.9026031,2829.280029,5,1.10629,111.0429993,0.448921,4,162.3860016,13.1427002,5.7786498,0.275802,0.35801,0.202339,0.633785,1,0.456512,0.58994,2,0.0417932,0.255556,1,2,0.559493,0,0.202636,-3179907.699,2020361.89
211,0,109.0739975,1000.530029,2,3.5845699,192.1040039,0.556555,4,691.8259888,10.0221996,134.7510071,0.390071,0.215574,0.403646,0.267877,0,0.348036,0.918469,0,0.044847,0.281655,1,1,0.676143,1,0.18898,-3430824.803,1955300.848
212,0,73.5346985,2416.979981,3,4.0730801,176.0650024,0.485877,4,221.5559998,10.9118996,117.2679977,0.462516,0.280362,0.227205,0.574099,0,0.689497,0.945337,0,0.152423,0.199851,1,1,0.732802,1,0.216589,-3744773.078,1751992.879
213,0,86.3410034,1001.429993,3,7.7837801,456.9460144,0.527494,4,189.8410034,11.1336002,52.1040001,0.472114,0.193394,0.143264,0.640506,1,0.537966,0.312341,2,0.157775,0.31514,3,0,0.6683,0,0.197863,-3732695.689,1781125.497
214,0,89.4091034,0,3,5.15798,406.8139954,0.509331,4,453.9370117,9.9102402,132.0330048,0.406109,0.292929,0.426847,0.514755,0,0.522451,0.913207,0,0.067295,0.156545,3,0,0.684858,1,0.172547,-3378890.722,1932314.844
215,0,96.6284027,1000.330017,3,6.3334098,452.6000061,0.513291,2,228.1600037,11.8038998,32.3212013,0.362942,0.298572,0.257634,0.693742,0,0.523681,0.878417,0,0.12324,0.202109,2,0,0.689675,0,0.184171,-3279895.601,1965498.509
216,0,87.8896027,1000.01001,3,2.25069,166.673996,0.491928,4,281.5180054,11.7086,88.7072983,0.319621,0.275974,0.283439,0.682963,0,0.524961,0.763332,0,0.082656,0.223792,2,1,0.659534,1,0.186973,-3300793.402,1963416.042
217,0,64.8099976,2415.100098,3,1.9191999,103.4280014,0.472678,4,278.1210022,10.5372,144.477005,0.451505,0.29788,0.271971,0.497791,0,0.66262,0.925059,0,0.137138,0.218697,5,0,0.716065,1,0.228982,-3722384.055,1749028.285
218,0,85.0619965,1414.349976,5,3.0012701,279.7609863,0.523856,4,271.9559937,12.0310001,98.4373016,0.181771,0.121948,0.213337,0.657056,1,0.502026,0.68339,1,0.052846,0.34084,1,0,0.611447,0,0.170376,-3238852.003,2001163.6
219,0,89.5082016,1002.159973,3,2.3006999,139.8589935,0.509698,1,549.8300171,11.0600996,96.2584991,0.368112,0.219493,0.20297,0.645065,0,0.488144,0.916091,0,0.0365226,0.361738,3,1,0.699073,1,0.185089,-3302345.729,1958132.804
220,0,75.8423004,1420.73999,3,2.1286399,209.5160065,0.423356,4,302.756012,12.5319996,157.2539978,0.31094,0.304177,0.195264,0.600501,0,0.593702,0.833134,0,0.0945996,0.317712,0,0,0.640544,0,0.197248,-3219688.704,2006631.831
221,0,79.1353989,2103.76001,2,4.44309,428.4200134,0.48113,4,855.6669922,9.1714697,278.6849976,0.477834,0.5597,0.662732,0.22584,0,0.536793,0.863329,0,0.168188,0.129514,3,0,0.767937,1,0.178547,-3502772.977,1889943.515
222,0,97.4302979,0,8,1.67039,177.6190033,0.491272,4,153.7079926,12.1302004,39.8790016,0.341228,0.307302,0.341616,0.599214,1,0.538861,0.820843,1,0.0964976,0.177316,2,0,0.656067,0,0.186846,-3282209.693,1968102.058
223,0,57.3913994,0,3,2.7079999,159.5879974,0.420372,2,722.6149902,9.9785299,60.1688995,0.476478,0.289363,0.348131,0.332492,0,0.302838,0.503303,2,0.0921608,0.575209,0,0,0.570533,0,0.225026,-3237287.602,1934166.314
224,0,97.9347,0,7,1.87603,276.0859985,0.48317,4,775.8200073,8.3560305,49.9682999,0.489886,0.327989,0.171093,0.0306711,0,0.62311,0.726318,0,0.158905,0.616146,1,2,0.725485,1,0.215976,-3770929.015,1690041.906
225,0,142.076004,1014.52002,1,9.6270599,585.7969971,0.5678,4,702.8250122,9.95119,238.4640045,0.430217,0.288062,0.29714,0.281824,0,0.608735,0.844215,0,0.246557,0.127049,4,2,0.697089,0,0.153873,-3641452.613,1824602.67
226,0,86.6989975,1083.699951,2,15.165,920.3740234,0.521814,2,1119.189941,8.4350996,246.9720001,0.425827,0.294124,0.34892,0.119527,0,0.336868,0.923049,0,0.0891438,0.175662,2,0,0.69383,1,0.165697,-3430073.922,1930035.356
227,0,131.7460022,0,2,2.0704401,300.5979919,0.549093,3,581.3200073,9.5518103,104.8450012,0.369057,0.421982,0.43474,0.318282,0,0.554596,0.921103,0,0.100001,0.299621,1,1,0.729208,0,0.147012,-3467622.224,1936448.992
228,0,65.9268036,1000.409973,4,1.32161,431.3800049,0.456036,4,946.3410034,7.40908,337.9190063,0.460442,0.594275,0.733436,0.0453958,0,0.418432,0.856187,0,0.115478,0.519008,0,0,0.770845,0,0.232062,-3527389.25,1863772.119
229,0,89.1872025,0,2,4.6638398,278.8389893,0.501184,3,518.84198,9.8978796,140.6840057,0.407516,0.464763,0.599652,0.44156,0,0.679814,0.808741,0,0.141536,0.396423,3,1,0.694034,0,0.190491,-3583776.37,1858917.502
230,0,94.5818024,0,2,1.26902,443.9859924,0.514704,4,197.6210022,12.1561003,173.2669983,0.169582,0.148414,0.296087,0.631908,1,0.52858,0.914503,2,0.0606422,0.236479,1,2,0.618277,0,0.183727,-3276620.629,1985121.464
231,0,79.4116974,1035.890015,3,8.9690199,517.6199951,0.461309,3,613.598999,9.5846004,304.1119995,0.408027,0.427103,0.4841,0.476315,0,0.604345,0.910866,0,0.122526,0.261752,3,0,0.646347,1,0.189798,-3414707.879,1924273.676
232,0,86.030098,2415.300049,2,5.6323199,345.572998,0.521322,4,860.6599731,9.4798498,84.8082962,0.419703,0.278102,0.424574,0.187543,0,0.43258,0.929739,0,0.068685,0.26582,2,0,0.689181,1,0.173293,-3405368.431,1934176.372
233,0,90.5791016,1422.459961,2,3.3350301,225.6900024,0.539304,4,884.9429932,9.1482897,348.1579895,0.412088,0.269702,0.398715,0.159272,0,0.440615,0.872451,0,0.0476045,0.315771,2,0,0.684213,1,0.191389,-3414276.069,1936551.739
234,0,65.7438965,1010.150024,3,4.0614901,267.9240112,0.424321,1,795.2789917,10.5171003,352.6300049,0.300299,0.125447,0.293949,0.437164,0,0.38177,0.584673,1,0.0997546,0.499765,0,0,0.628414,1,0.207415,-3209652.623,1958518.709
235,0,75.7649002,1415.030029,2,3.4246399,296.631012,0.496328,3,1106.75,7.87674,47.3695984,0.474889,0.520957,0.305832,0.0488469,0,0.419453,0.421302,0,0.0712835,0.661162,2,0,0.740283,1,0.226126,-3397037.823,1903420.244
236,0,85.3482971,2426.080078,3,9.6671,403.0469971,0.529913,1,704.2020264,10.9177999,313.8980103,0.391436,0.417207,0.238037,0.492301,0,0.632272,0.672906,0,0.138298,0.225103,1,0,0.706151,0,0.184082,-3243411.389,1971629.128
237,0,105.3089981,0,1,3.4744501,268.0480042,0.571728,4,454.4440002,9.9082603,133.8049927,0.435684,0.293574,0.269101,0.34737,0,0.644863,0.846941,0,0.215699,0.41565,2,0,0.704416,1,0.185934,-3642537.866,1803507.191
238,0,78.3342972,1001.369995,3,4.0935898,200.9160004,0.483217,1,134.9790039,11.8243999,262.9259949,0.459923,0.385287,0.116668,0.673626,1,0.612432,0.825721,2,0.0597926,0.311393,1,3,0.71066,0,0.188779,-3666735.465,1818183.841
239,0,65.5407028,0,3,1.2157201,156.0099945,0.469998,1,277.4649963,10.1381998,281.375,0.459626,0.314465,0.305375,0.366355,1,0.627602,0.909081,0,0.141888,0.3622,2,1,0.688262,1,0.228924,-3730948.906,1723420.494
240,0,103.0169983,2437.169922,3,4.8031802,302.5490112,0.503211,1,519.151001,11.4659996,96.6578979,0.376338,0.268567,0.352852,0.668778,0,0.52275,0.870874,0,0.125685,0.114738,4,0,0.685719,1,0.160954,-3354516.618,1962620.568
241,0,97.5045013,1000.030029,3,1.3825001,75.2542038,0.477569,4,146.720993,12.3857002,32.7086983,0.284993,0.282962,0.315851,0.6979,0,0.605091,0.820382,0,0.0700911,0.157625,3,0,0.629286,1,0.187665,-3391076.691,1966756.202
242,0,84.5309982,1433.630005,3,5.8783302,293.0079956,0.494614,4,442.0610046,11.5493002,212.3880005,0.381464,0.456615,0.264154,0.656523,0,0.624881,0.824513,0,0.105521,0.146998,2,1,0.747579,1,0.195978,-3269767.654,1959457.587
243,0,90.9438019,1424,5,3.4025199,357.5580139,0.531694,4,966.9290161,8.9650297,104.5159988,0.415918,0.256379,0.38943,0.0984362,0,0.381549,0.90255,0,0.0558108,0.376117,1,0,0.681364,1,0.182909,-3422795.056,1936513.891
244,0,101.1100006,1010.109985,3,1.51244,292.1960144,0.48933,4,264.6619873,12.9335003,22.6135998,0.33184,0.288128,0.344148,0.694762,0,0.609676,0.88174,0,0.0897136,0.173873,4,0,0.676514,0,0.181348,-3362492.673,1985224.881
245,0,75.3945999,0,3,6.0441699,716.3709717,0.483622,3,592.8469849,8.4269896,191.5630035,0.479111,0.622387,0.656284,0.0698972,0,0.583488,0.854358,0,0.285719,0.294716,0,2,0.732633,0,0.20216,-3575941.699,1814562.328
246,0,77.8916016,1028.459961,3,3.7906201,500.5690002,0.415755,4,316.8269958,13.0665998,161.9700012,0.327434,0.320103,0.102767,0.572062,0,0.590012,0.473033,1,0.0935838,0.308724,1,1,0.660007,0,0.19934,-3200339.237,2019280.302
247,0,61.1711998,0,3,1.59111,374.303009,0.451709,4,269.1849976,9.7182798,4.69731,0.475519,0.354315,0.227793,0.315123,0,0.584025,0.923087,0,0.217174,0.383045,0,2,0.675448,0,0.225242,-3679559.401,1731001.411
248,0,82.6837997,1004.630005,1,2.6631701,325.6229858,0.467283,4,172.0310059,11.1216002,100.1600037,0.328961,0.143085,0.386536,0.547556,0,0.500866,0.921863,0,0.162715,1.00819,2,2,0.638036,1,0.191877,-3793118.052,1712870.195
249,0,53.5360985,4428.290039,1,3.8662601,398.0069885,0.344293,4,525.3209839,10.6134996,77.2425003,0.425019,0.505361,-0.25351,0.146591,0,0.281347,0.357424,0,0.298717,0.468384,1,0,0.444358,0,0.242266,-3518490.882,1719995.727
250,0,80.8933029,2415.459961,3,8.36448,565.8189697,0.484911,1,788.9299927,8.49652,332.92099,0.473306,0.463615,0.576461,0.0486686,1,0.581452,0.254747,2,0.180525,0.568586,5,0,0.639051,0,0.20832,-3596782.418,1814711.17
251,0,77.3768997,0,2,5.57057,384.4649963,0.505716,3,836.0310059,8.3029499,141.3769989,0.436108,0.543722,0.36488,0.074867,0,0.455521,0.848256,0,0.0992733,0.290073,2,0,0.760348,1,0.203315,-3407092.292,1912543.789
252,0,63.7148018,1000.169983,3,6.8185501,378.5159912,0.491015,4,457.7579956,9.4261799,176.5780029,0.496231,0.324416,0.217042,0.185018,0,0.585718,0.923371,0,0.247875,0.310772,0,2,0.696178,1,0.224585,-3687731.092,1728500.83
253,0,90.0031967,3830.219971,2,3.3274701,184.0339966,0.568813,4,553.2819824,11.7496996,302.5180054,0.357377,0.399111,0.251469,0.629422,0,0.681127,0.864711,0,0.0906309,0.190701,1,1,0.707497,0,0.187715,-3257204.039,1984425.248
254,0,80.092598,0,5,1.65114,483.0509949,0.518848,4,106.4639969,10.3838997,308.0559998,0.516606,0.228833,0.33176,0.265279,0,0.692583,0.838403,0,0.248811,0.286361,6,3,0.644565,1,0.190249,-3944780.502,1667128.093
255,0,76.7085037,1008.070007,5,8.4225998,434.480011,0.484668,4,435.6029968,9.73067,222.0209961,0.499808,0.31488,0.403719,0.192895,0,0.624985,0.933428,0,0.264928,0.448067,0,4,0.730985,1,0.208059,-3841868.691,1688027.325
256,0,65.6066971,1415.01001,5,5.9236498,465.9419861,0.443438,4,281.7900085,9.1436901,345.776001,0.525741,0.317655,0.38622,0.221992,0,0.496778,0.122053,0,0.296424,0.303158,1,1,0.680966,1,0.2129,-3857818.147,1668799.257
257,0,94.1429977,1002.02002,3,6.5889401,338.019989,0.517281,1,248.3079987,12.6973,164.5579987,0.16452,0.146501,0.308585,0.608309,0,0.575488,0.689182,2,0.0665303,0.237762,2,0,0.62675,0,0.173891,-3252809.518,2009479.815
258,0,98.655899,1479.219971,2,8.59904,509.9119873,0.57684,2,991.9140015,8.5993404,316.6579895,0.44133,0.527728,0.480477,0.123381,0,0.532096,0.910856,0,0.153498,0.206557,2,0,0.750292,0,0.1733,-3483984.104,1915971.399
259,0,77.6598969,0,2,1.28702,156.3800049,0.481849,4,140.996994,10.8156996,175.6419983,0.456162,0.28016,0.329714,0.528258,0,0.681495,0.935334,0,0.136661,0.231254,0,1,0.701362,1,0.217344,-3759969.268,1730906.681
260,0,92.1486969,2422.840088,2,5.68294,269.7130127,0.520878,4,564.8980103,11.2089996,46.0536995,0.386485,0.246162,0.241995,0.644956,0,0.495423,0.765222,0,0.0928313,0.330219,1,0,0.697149,0,0.166772,-3225383.328,1980949.661
261,0,76.6998978,1000.190002,5,4.37497,289.8640137,0.430675,4,127.3190002,12.9371996,5.3715801,0.260347,0.28651,0.123766,0.535366,1,0.402832,0.232458,2,0.0385992,0.251889,1,1,0.503363,0,0.200171,-3199286.851,2016142.309
262,0,68.1372986,0,3,1.22975,366.4769897,0.48142,4,458.9259949,10.0797997,14.2559996,0.465823,0.297388,0.3193,0.337583,0,0.637016,0.93236,0,0.156711,0.316748,0,2,0.696101,1,0.217686,-3741333.632,1719784.336
263,0,88.4718018,2004.300049,3,10.5116997,551.0440063,0.493454,2,583.9370117,9.8584404,97.3580017,0.428665,0.36605,0.247211,0.347629,0,0.42311,0.74043,1,0.168377,0.242764,2,0,0.685169,0,0.198358,-3272556.461,1936857.733
264,0,81.2416992,1051.390015,3,16.3150005,754.335022,0.511555,2,733.151001,9.1726398,282.8590088,0.42674,0.262809,0.218992,0.363086,0,0.437176,0.892035,0,0.0709629,0.193769,2,0,0.663089,1,0.172774,-3316478.228,1939052.383
265,0,94.7259979,1420.140015,2,1.98344,262.9869995,0.534513,4,762.78302,9.5927296,61.2392006,0.401309,0.238716,0.413377,0.217097,0,0.44209,0.89202,0,0.0453899,0.222742,2,0,0.681248,1,0.190765,-3419622.602,1944184.776
266,0,76.1547012,0,5,4.6170402,587.3460083,0.477666,4,215.102005,9.0638199,116.598999,0.529962,0.437,0.411706,0.164834,0,0.458417,0.883227,0,0.351476,0.238434,1,1,0.731951,1,0.21323,-3829333.95,1666893.389
267,0,81.6023026,1420.819946,1,3.68718,234.0079956,0.528507,1,647.8070068,10.9926004,136.9550018,0.386845,0.455316,0.250605,0.483356,0,0.648608,0.819656,0,0.129909,0.22892,1,0,0.731198,0,0.192607,-3249152.142,1967014.236
268,0,141.9380035,1531.040039,1,8.4997396,1067.119995,0.577412,1,1337.689941,8.4777002,187.4889984,0.465348,0.291972,0.38472,0.0040274,0,0.56207,0.450117,0,0.304359,0.353437,2,2,0.570183,0,0.163255,-3634754.487,1815304.328
269,0,95.9658966,1038.329956,5,3.4384201,342.3210144,0.481414,4,446.9660034,10.283,3.46101,0.451592,0.36576,0.501971,0.27388,0,0.518897,0.940196,0,0.188424,0.306218,2,1,0.68711,1,0.186531,-3788264.807,1702671.73
270,0,90.7184982,0,3,1.0170701,73.3934021,0.497072,1,471.980011,11.0511999,94.1479034,0.355699,0.336089,0.177158,0.628999,0,0.570358,0.815036,0,0.0424348,0.390405,5,1,0.71248,0,0.19207,-3297968.478,1957636.303
271,0,82.5627975,1415.77002,4,9.48174,509.5610046,0.483724,3,474.0950012,9.6237001,22.3388004,0.445851,0.55965,0.556177,0.342792,0,0.67548,0.698993,0,0.236549,0.30612,1,3,0.71544,0,0.191818,-3590921.52,1836348.789
272,0,93.3255005,0,2,5.7000098,376.0480042,0.542082,1,766.3239746,10.2630997,139.1269989,0.398111,0.309428,0.178099,0.243024,0,0.466026,0.743471,0,0.118304,0.253461,2,0,0.698818,1,0.172636,-3218707.983,1971388.387
273,0,96.8592987,1415.319946,3,2.6466899,145.1000061,0.472372,4,146.2089996,12.2313995,71.9004974,0.276086,0.258576,0.266405,0.67689,0,0.575444,0.882882,1,0.076013,0.246477,2,0,0.601527,0,0.186671,-3404651.026,1967918.097
274,0,97.9542007,2832.229981,3,4.4801302,230.2599945,0.50345,1,253.8439941,12.6680002,335.4930115,0.329681,0.292009,0.375673,0.704697,0,0.596603,0.82743,0,0.0859936,0.158619,4,0,0.675781,1,0.180034,-3341618.439,1987286.334
275,0,94.7388,1422.780029,3,6.0707202,382.1659851,0.511924,4,444.4809875,10.9820004,309.7539978,0.361237,0.233553,0.39151,0.737449,0,0.580591,0.840979,0,0.0550054,0.145109,2,0,0.686559,1,0.177493,-3389519.21,1951668.463
276,0,84.3161011,2423.340088,3,5.95929,350.1409912,0.500011,4,557.9619751,11.5075998,148.4210052,0.376897,0.408215,0.288483,0.564955,0,0.636288,0.831813,0,0.109037,0.282376,1,0,0.697119,0,0.19324,-3252570.521,1971028.037
277,0,72.0501022,2833.02002,3,1.81987,226.3829956,0.434996,4,235.5509949,12.9245996,346.0899963,0.273053,0.354835,0.187759,0.494517,0,0.483014,0.41297,1,0.0437508,0.303096,1,2,0.51061,0,0.207794,-3188216.373,2013428.482
278,0,102.0899963,2425.02002,3,4.6777401,361.1130066,0.491258,4,350.5249939,12.7410002,96.2694016,0.333801,0.275887,0.344704,0.703658,0,0.598544,0.908708,0,0.0829148,0.238589,4,0,0.678884,1,0.180443,-3360315.555,1982738.577
279,0,62.3025017,1036.709961,3,4.0531001,478.7999878,0.483785,4,510.868988,9.7920399,341.6359863,0.473646,0.341452,0.239313,0.296676,0,0.598033,0.926119,0,0.231613,0.284745,0,2,0.689138,1,0.22442,-3687177.021,1734171.011
280,0,76.161499,0,5,5.8518,572.7420044,0.508385,2,655.1459961,8.2466297,50.0920982,0.441306,0.338235,0.365231,0.146973,0,0.414117,0.916649,0,0.060949,0.319389,2,1,0.674756,1,0.208633,-3395472.894,1907992.994
281,0,88.2669983,1414.400024,3,4.19731,243.3880005,0.540846,4,382.6480103,11.7136002,276.3680115,0.354796,0.393269,0.27167,0.618504,1,0.661664,0.776474,0,0.0842021,0.257511,1,0,0.684979,1,0.195218,-3256774.143,1978663.623
282,0,96.8947983,1004.23999,2,9.2814503,489.7940063,0.547924,1,788.7589722,10.3893003,22.6261997,0.375488,0.157212,0.197347,0.225885,0,0.210002,0.150447,2,0.054026,0.357233,1,0,0.497708,0,0.176523,-3230195.311,1971284.849
283,0,68.3686981,1015.099976,5,8.1572199,371.6409912,0.426685,2,968.6350098,7.9917898,19.6350994,0.460231,0.345457,0.352554,0.0921295,1,0.299067,0.595279,2,0.125375,0.563359,1,1,0.5733,0,0.227932,-3333735.234,1903570.064
284,0,96.7636032,1000,3,2.2990501,184.1490021,0.491146,4,250.0570068,11.7737999,304.5710144,0.245588,0.188851,0.338102,0.684977,0,0.564987,0.572168,1,0.0294899,0.145869,2,0,0.584814,1,0.186762,-3402892.963,1960698.05
285,0,135.9559937,0,2,6.8910398,443.0859985,0.55979,3,364.5570068,10.5295,274.3009949,0.342627,0.399932,0.446807,0.612182,0,0.626068,0.908895,0,0.109179,0.198102,2,1,0.721584,0,0.147739,-3469944.399,1943540.761
286,0,80.9776001,1439.400024,5,3.5833099,289.7850037,0.478567,4,392.2070007,10.3044004,60.6483994,0.47915,0.351094,0.459665,0.356985,0,0.552131,0.943267,0,0.178932,0.238378,0,2,0.717172,1,0.208765,-3818222.648,1698952.526
287,0,53.3041992,1015.429993,5,3.2537899,485.2669983,0.388319,4,341.9249878,10.3049002,172.5740051,0.329137,0.224007,0.178751,0.138947,0,0.331193,0.768534,0,0.204148,0.388657,0,1,0.425985,0,0.246542,-3646691.701,1734340.93
288,0,95.4317017,1015.960022,2,3.9075,363.3710022,0.555437,4,270.5150146,11.7163,213.2169952,0.464281,0.321215,0.0488286,0.700977,0,0.637976,0.85952,0,0.254543,0.259543,5,0,0.763765,0,0.191547,-3751384.091,1780174.937
289,0,93.0610962,0,2,4.2692399,485.57901,0.554885,1,630.4890137,9.2394199,241.4120026,0.418138,0.296309,0.302651,0.205468,0,0.439942,0.495921,0,0.0634073,0.198645,3,0,0.684145,1,0.183994,-3347810.932,1937892.412
290,0,76.8355026,0,4,6.0431399,725.7890015,0.462351,4,432.0039978,8.7515697,173.9900055,0.41265,0.514912,0.442235,0.263398,0,0.557099,0.892897,0,0.121562,0.236419,2,0,0.715366,1,0.196507,-3429240.664,1917968.318
291,0,64.1625977,1007.309998,3,4.5953398,212.2680054,0.449786,4,521.0020142,10.9768,145.4859924,0.385622,0.46803,0.363365,0.514345,0,0.608014,0.545575,0,0.122813,0.390342,2,1,0.704152,0,0.222121,-3244618.379,1952773.918
292,0,69.4590988,1428.209961,5,3.9155099,379.651001,0.422422,4,294.4299927,11.3879995,313.5849915,0.472102,0.419359,0.157442,0.539146,0,0.571794,0.610329,1,0.0980715,0.537432,0,2,0.703635,0,0.212755,-3675494.22,1797198.517
293,0,72.5456009,0,3,2.10935,264.1210022,0.477485,4,100.1880035,11.0927,300.5580139,0.45934,0.262558,0.218177,0.540833,0,0.691121,0.683091,1,0.147146,0.40407,2,0,0.681616,0,0.219014,-3729785.72,1769293.854
294,0,95.9046021,1000.01001,2,5.3084898,263.9729919,0.501711,4,238.3450012,11.7364998,243.3509979,0.271141,0.23451,0.312423,0.71618,0,0.559504,0.812325,1,0.0829272,0.15494,2,0,0.582573,1,0.183014,-3409508.095,1963548.309
295,0,82.7809982,1002.530029,2,2.16891,128.2480011,0.524778,4,233.4920044,11.1634998,224.8059998,0.455317,0.27223,0.130782,0.551612,0,0.706299,0.943265,0,0.170123,0.379073,5,0,0.738379,1,0.207506,-3742716.7,1771453.677
296,0,89.8114014,0,3,1.92039,141.3959961,0.518555,1,499.5390015,10.573,43.3834991,0.363974,0.264867,0.171626,0.529414,1,0.4223,0.825548,2,0.0323894,0.396663,6,1,0.625674,0,0.191576,-3299528.275,1954581.226
297,0,83.0774994,4090.77002,1,9.7083302,507.6669922,0.496315,2,926.9699707,9.6450796,142.4400024,0.451952,0.292786,0.255228,0.170175,0,0.413124,0.895123,0,0.0769052,0.209735,2,0,0.713275,1,0.170099,-3323629.827,1942591.21
298,0,83.4301987,0,3,2.2691801,238.2610016,0.484573,1,172.2440033,11.1211996,246.0429993,0.407504,0.27405,0.0583332,0.624326,1,0.533117,0.455497,2,0.144591,0.463105,0,0,0.640858,0,0.191463,-3665208.153,1802615.621
299,0,66.4113007,2427.48999,3,1.09882,309.9159851,0.480202,4,418.7780151,10.5414,242.0330048,0.460215,0.289466,0.278065,0.497669,0,0.656379,0.907377,0,0.143717,0.201552,3,0,0.726528,1,0.227975,-3715907.408,1755067.233
300,0,88.0318985,1418.400024,2,3.82868,232.0209961,0.522176,2,506.4389954,10.6850004,222.1450043,0.426436,0.497635,0.173695,0.549732,0,0.596934,0.913467,0,0.117533,0.218688,6,0,0.784067,1,0.186765,-3281355.369,1950815.69
301,0,91.2294006,2000.849976,2,5.1716099,340.6600037,0.512157,4,163.2969971,12.6262999,260.0390015,0.331161,0.293798,0.417271,0.692474,0,0.59361,0.916652,0,0.0887151,0.180162,2,1,0.684965,1,0.185458,-3313274.819,1990276.613
302,0,113.1340027,1435.619995,2,0.505539,472.4240112,0.586873,4,781.0939941,9.5295897,164.1560059,0.478772,0.316109,0.329826,0.145256,0,0.604311,0.929182,0,0.279543,0.409813,2,0,0.700866,1,0.184825,-3639122.56,1806235.015
303,0,85.4056015,1418.680054,3,2.2086101,210.8730011,0.513504,4,253.9170074,11.2875996,324.8710022,0.450423,0.263105,0.121012,0.650739,0,0.719389,0.920749,0,0.15668,0.208614,1,1,0.742342,1,0.20192,-3751804.482,1768018.58
304,0,83.7907028,0,2,1.36561,332.8099976,0.558569,4,900.4710083,7.5697098,191.0149994,0.450766,0.582431,0.659814,0.0171379,0,0.586575,0.893288,0,0.143879,0.500373,1,2,0.756021,0,0.210022,-3555867.114,1862147.272
305,0,60.240799,0,3,2.80285,257.0499878,0.486902,4,280.5509949,10.0709,167.8910065,0.458638,0.330534,0.266377,0.37304,0,0.610823,0.921258,0,0.173458,0.221893,2,2,0.706394,1,0.234778,-3698313.09,1738178.549
306,0,73.9032974,1000.219971,3,1.3520401,196.3139954,0.440376,4,99.4552994,13.0346003,208.1490021,0.25016,0.420146,0.182661,0.578174,1,0.506178,0.840762,2,0.0499608,0.218254,1,2,0.606093,0,0.204068,-3186456.327,2015940.281
307,0,65.5570984,2008.170044,3,2.2165201,297.5280151,0.479499,4,304.1279907,10.1080999,224.7299957,0.463221,0.323638,0.264021,0.37715,0,0.62014,0.920309,0,0.186275,0.236103,3,2,0.715955,1,0.235278,-3694698.391,1746349.963
308,0,84.324501,1004.919983,2,5.3417602,339.9580078,0.50836,2,747.6300049,9.5107098,100.7440033,0.402276,0.342307,0.197814,0.263523,0,0.393396,0.728095,2,0.125023,0.28707,6,0,0.636584,0,0.19216,-3284873.019,1940405.357
309,0,53.5494003,3003.959961,6,8.6495705,595.2280273,0.35877,1,432.3779907,9.9762096,122.1809998,0.432661,0.578821,-0.110493,0.163223,0,0.343871,0.77681,0,0.425928,0.485219,0,0,0.542281,0,0.233595,-3471171.839,1731311.521
310,0,64.8238983,1001.229981,3,4.0392098,181.654007,0.431372,2,581.4619751,10.5078001,136.6950073,0.422902,0.387627,0.32178,0.483095,0,0.508253,0.40567,1,0.0834399,0.407345,1,0,0.622116,0,0.218811,-3253018.162,1943512.883
311,0,86.490303,3852.439941,1,2.03813,454.0580139,0.544138,4,571.2849731,13.0766001,356.848999,0.32607,0.266913,0.303841,0.656205,0,0.568894,0.868502,0,0.10801,0.115113,1,0,0.697175,1,0.172074,-3116315.442,2010874.583
312,0,71.1501007,1452.030029,4,13.9926996,656.0369873,0.465131,4,611.1469727,9.1363897,220.4100037,0.42895,0.566118,0.676624,0.303067,0,0.563485,0.908684,0,0.181778,0.174564,2,0,0.754878,1,0.183785,-3520693.787,1887637.48
313,0,96.8741989,1416,3,3.9943099,342.6570129,0.526592,4,248.1900024,12.2545004,98.6576004,0.342818,0.266767,0.338338,0.713832,0,0.566302,0.826651,0,0.0899343,0.16913,3,0,0.692605,1,0.175086,-3332068.682,1985390.324
314,0,91.1107025,0,3,1.30645,369.927002,0.515703,4,221.279007,11.5669003,350.4689941,0.351749,0.309731,0.233119,0.663159,0,0.526626,0.897719,0,0.124178,0.181663,2,0,0.682259,1,0.190534,-3279451.295,1959449.503
315,0,115.3180008,0,2,3.42856,203.7720032,0.539677,1,324.2120056,11.0614004,242.5809937,0.368997,0.209777,0.173267,0.605961,1,0.601506,0.90063,2,0.107707,0.393572,2,2,0.631118,0,0.176411,-3648118.632,1821486.372
316,0,78.6951981,2423.600098,3,0.830713,327.2399902,0.478062,1,308.54599,11.4863005,44.4978981,0.410197,0.28252,0.0732298,0.656829,0,0.57587,0.12093,2,0.127963,0.478977,0,1,0.667677,0,0.189747,-3669660.747,1809201.302
317,0,74.1931992,0,2,3.7151301,485.2070007,0.481538,4,645.5150146,7.9530101,349.3059998,0.491025,0.429573,0.713223,0.0722951,0,0.404418,0.780871,1,0.213237,0.546144,0,0,0.651872,0,0.201034,-3551159.039,1807687.222
318,0,114.0049973,0,3,1.31768,289.3320007,0.547329,4,655.684021,9.7639599,91.7101974,0.362248,0.192489,0.409068,0.216151,1,0.29938,0.902341,1,0.0371963,0.433891,2,1,0.626593,0,0.192272,-3443678.806,1950485.732
319,0,66.5627975,0,3,4.5482101,391.3439941,0.474616,4,477.493988,8.6937904,42.0805016,0.518073,0.288004,0.319737,0.0630473,0,0.533649,0.915234,0,0.250575,0.431193,1,2,0.673106,1,0.229666,-3866850.77,1673456.606
320,0,76.8877029,0,3,2.5143499,482.1300049,0.443845,4,245.9129944,9.5165501,245.5780029,0.422567,0.550899,0.6909,0.508456,0,0.579474,0.747321,0,0.143972,0.156293,2,0,0.729018,1,0.186656,-3500282.586,1884335.2
321,0,88.9935989,2867.169922,2,17.8281002,793.4349976,0.501868,1,806.875,10.8056002,78.0294037,0.396358,0.262918,0.228772,0.367378,0,0.433877,0.878002,0,0.143066,0.231979,1,0,0.7016,1,0.155965,-3215102.229,1975139.919
322,0,81.6362991,1000.929993,3,1.71374,204.4160004,0.454168,4,136.8240051,11.5148001,126.0569992,0.354262,0.145119,0.260697,0.724996,0,0.57425,0.944079,0,0.161743,0.376541,2,1,0.709433,1,0.204934,-3770341.281,1750160.04
323,0,77.338501,0,3,9.4096098,556.6699829,0.475802,4,493.8059998,8.7853003,237.7319946,0.446718,0.586553,0.69433,0.321067,0,0.545817,0.925298,0,0.160208,0.349741,3,2,0.761771,1,0.196887,-3505818.162,1880858.042
324,0,89.0484009,1013.48999,1,7.9194698,424.2789917,0.52741,3,528.0560303,10.2341995,322.9219971,0.419198,0.494969,0.507679,0.454812,0,0.699235,0.749824,0,0.190633,0.297635,2,2,0.720439,0,0.186044,-3600508.315,1848433.901
325,0,85.9942017,2026.869995,2,4.4035802,247.052002,0.526761,1,642.4869995,10.2854996,262.1409912,0.44316,0.461325,0.18928,0.412452,0,0.525949,0.930498,0,0.0904905,0.282615,6,0,0.749319,1,0.19782,-3280937.31,1946405.998
326,0,97.6737976,1416.01001,3,3.0824699,158.5789948,0.50733,4,212.9380035,12.8141003,25.8381996,0.33378,0.293084,0.373433,0.702515,0,0.586623,0.914535,0,0.08747,0.175219,4,0,0.685807,1,0.179118,-3341859.8,1992125.138
327,0,96.5154037,1000.039978,3,4.22224,298.0379944,0.534419,4,382.9660034,10.6695995,271.0469971,0.335867,0.217218,0.411151,0.620326,0,0.564093,0.874792,0,0.0430032,0.196867,2,0,0.654336,1,0.181542,-3415984.96,1952202.485
328,0,81.827301,0,2,8.0594702,467.7349854,0.464663,4,397.5820007,10.7382002,153.8569946,0.435348,0.519809,0.27592,0.551387,0,0.556041,0.857572,0,0.14814,0.193937,2,0,0.791154,0,0.192872,-3270282.534,1942420.53
329,0,95.3604965,3015.550049,1,2.9888301,240.75,0.516599,1,397.8269958,12.5390997,14.7125998,0.325982,0.258032,0.395121,0.659941,0,0.583743,0.622757,0,0.0816875,0.272895,2,0,0.663829,1,0.186567,-3303844.189,1992074.539
330,0,95.1432037,1414.26001,2,0.795259,159.1170044,0.513984,4,476.6489868,10.9643002,203.7350006,0.385338,0.227587,0.393637,0.670642,0,0.540725,0.906814,1,0.044698,0.181317,2,0,0.69332,1,0.183539,-3397291.562,1951244.091
331,0,94.2412033,1014.799988,3,1.60574,441.0650024,0.552183,4,523.5089722,11.6626997,245.897995,0.35614,0.437186,0.22184,0.689668,0,0.670235,0.91281,0,0.0849497,0.134007,2,0,0.72137,0,0.187648,-3273498.335,1966043.13
332,0,69.228302,0,5,1.35087,701.2639771,0.488056,4,395.5360107,8.7073298,119.0220032,0.508769,0.379628,0.236629,0.102159,0,0.544497,0.918167,0,0.279099,0.257283,2,4,0.719178,1,0.212225,-3742593.251,1691094.86
333,0,76.0570984,2016.099976,5,3.2428801,412.2680054,0.461315,1,293.4859924,11.6330004,150.7369995,0.420415,0.306795,0.193,0.682229,0,0.611135,0.807219,1,0.165826,0.396,0,0,0.707263,0,0.189475,-3682727.842,1809856.63
334,0,93.9542999,2017.400024,2,4.9588299,374.0889893,0.507821,1,397.7579956,11.6868,138.2920074,0.344271,0.237154,0.404104,0.696557,0,0.516175,0.624996,0,0.0659551,0.212353,2,0,0.674944,0,0.182397,-3343509.812,1954770.627
335,0,99.731102,1042.609985,2,14.4614,694.4450073,0.549749,1,582.2440186,10.3537998,116.0230026,0.404087,0.224346,0.337019,0.498847,0,0.454001,0.83187,0,0.0710661,0.139508,3,0,0.709287,1,0.164847,-3351637.54,1947984.054
336,0,74.6667023,1001.109985,3,2.67907,142.904007,0.429815,4,265.9309998,12.6077995,327.2630005,0.323291,0.272548,0.139912,0.591719,0,0.576686,0.684701,1,0.0619904,0.42105,0,0,0.626932,0,0.204358,-3208113.927,2010793.145
337,0,88.5159988,2027.920044,2,4.5057201,546.4169922,0.4656,3,854.9970093,9.6282797,40.3802986,0.433646,0.513722,0.504779,0.182137,0,0.663504,0.509628,0,0.215915,0.611047,1,3,0.708743,0,0.201819,-3602471.955,1833463.834
338,0,85.5533981,2005.109985,3,5.14746,333.6700134,0.502814,1,478.1730042,11.7109003,103.2580032,0.339741,0.256984,0.341275,0.702328,0,0.503888,0.852301,0,0.0939399,0.244891,2,0,0.671516,1,0.174456,-3321489.003,1962818.612
339,0,77.398201,1000.26001,3,5.4720998,309.1390076,0.433147,4,89.4366989,13.0186005,209.7630005,0.243095,0.387065,0.137631,0.561043,0,0.488962,0.709889,1,0.0580313,0.188972,2,1,0.581671,0,0.204056,-3193803.037,2017441.231
340,0,71.3971024,0,4,5.0542002,485.8389893,0.425174,1,506.3299866,8.83988,70.5075989,0.409691,0.313906,0.697158,0.301109,0,0.379422,0.182393,0,0.0761852,0.374073,1,2,0.675776,1,0.207365,-3535974.532,1879155.028
341,0,65.8986969,0,6,7.8613501,624.1350098,0.443527,2,487.6170044,7.9735398,171.0359955,0.51376,0.563155,0.483359,0.0970623,0,0.366296,0.822272,1,0.353788,0.656263,0,1,0.678357,0,0.216672,-3502620.884,1787953.214
342,0,78.9633026,0,4,6.4728198,615.3569946,0.446103,4,482.2139893,9.0311804,124.427002,0.395703,0.495806,0.461522,0.241834,0,0.577874,0.840561,0,0.114218,0.236691,2,0,0.712702,1,0.197254,-3439791.185,1923573.39
343,0,85.5250015,2008.27002,3,4.3527098,230.1860046,0.504897,1,669.6489868,10.6273003,146.9640045,0.43288,0.47231,0.186918,0.402044,0,0.545377,0.954526,0,0.0973585,0.246748,7,0,0.759977,1,0.196073,-3286379.206,1948549.454
344,0,64.5832977,0,3,3.7342401,323.1549988,0.468092,4,250.6719971,12.1412001,271.6560059,0.378301,0.384146,0.296516,0.4605,0,0.492511,0.855156,0,0.133719,0.278147,1,0,0.66355,1,0.199767,-3132225.326,1955580.739
345,0,90.5451965,1002.619995,8,3.21152,254.5350037,0.511186,4,423.6690063,11.2954998,107.7060013,0.369327,0.306259,0.188446,0.662212,0,0.501676,0.868761,0,0.113265,0.189012,3,0,0.695138,1,0.183949,-3280771.041,1955917.099
346,0,81.1014023,1006.630005,2,8.2013502,358.052002,0.48059,4,219.572998,11.6905003,76.9738007,0.399156,0.278225,0.0448986,0.628947,1,0.476777,0.305187,2,0.0658352,0.383458,0,1,0.619546,0,0.187626,-3664130.174,1813783.809
347,0,62.0220985,1013.830017,3,3.5034299,352.8380127,0.471226,4,564.4899902,9.6507502,144.1289978,0.485081,0.335571,0.228356,0.272622,0,0.584291,0.933019,0,0.237555,0.303599,0,2,0.702789,1,0.223407,-3684355.307,1731012.628
348,0,92.4159012,0,3,1.20757,292.1910095,0.495188,4,347.6319885,11.5160999,111.2310028,0.348813,0.26061,0.225698,0.709852,1,0.500026,0.934951,0,0.078475,0.257074,2,0,0.668969,0,0.190211,-3294479.567,1961160.903
349,0,57.0861015,0,3,7.4201598,524.0949707,0.424884,4,215.0700073,9.7445898,131.2420044,0.493067,0.385511,0.185172,0.216656,0,0.529357,0.927553,0,0.263825,0.246346,0,0,0.561598,0,0.23454,-3667787.313,1714914.369
350,0,89.8464966,0,2,2.2729299,140.8040009,0.52518,4,466.3970032,9.9755096,114.1999969,0.425259,0.473482,0.499847,0.432318,0,0.693271,0.906788,2,0.147135,0.404929,2,2,0.690049,0,0.193176,-3603784.082,1844414.064
351,0,76.4003983,2868.969971,3,6.79319,408.8919983,0.479783,2,793.9749756,10.3474998,59.8708,0.447001,0.487645,0.270884,0.334488,0,0.499222,0.811906,0,0.138186,0.261689,1,0,0.761724,1,0.189519,-3265069.024,1944611.327
352,0,74.0466995,0,4,2.6902599,849.2529907,0.460193,4,630.0369873,8.5057602,154.4019928,0.42768,0.540896,0.42729,0.102651,0,0.513737,0.776109,0,0.106731,0.291168,1,0,0.742166,1,0.210856,-3429077.5,1912507.334
353,0,109.2570038,0,2,0.363584,304.6530151,0.530217,4,481.5559998,9.7321301,22.3647995,0.432457,0.560916,0.424597,0.167972,0,0.672554,0.87632,0,0.216319,0.318218,1,2,0.726812,0,0.185239,-3619470.845,1830910.126
354,0,76.2682037,0,3,6.92874,489.8370056,0.437649,4,477.9159851,8.8495903,13.5992002,0.440791,0.57018,0.687884,0.385817,0,0.579352,0.823343,0,0.176399,0.238228,2,2,0.720842,1,0.200439,-3495918.458,1879154.31
355,0,62.3400993,0,3,2.2099299,126.8050003,0.439361,2,704.8850098,10.0853004,68.4204025,0.444994,0.342301,0.332668,0.387386,0,0.393726,0.745838,2,0.133979,0.434192,1,0,0.670084,0,0.220761,-3244293.309,1939656.535
356,0,79.2263031,1416.73999,3,1.82454,375.7479858,0.467794,3,855.1240234,9.2093096,27.5086002,0.423802,0.509583,0.458767,0.204724,0,0.53631,0.74846,0,0.12274,0.336002,3,0,0.73257,1,0.1945,-3418615.535,1923301.172
357,0,76.9901962,0,3,7.7516999,470.2049866,0.489509,4,802.098999,8.0019503,280.0740051,0.415047,0.504714,0.365215,0.121814,0,0.549868,0.89927,0,0.117271,0.559021,3,0,0.68014,1,0.21529,-3437237.383,1914587.765
358,0,64.805397,1418.630005,3,1.7284,236.5160065,0.469495,4,277.9070129,10.6352997,313.5549927,0.446545,0.310975,0.278875,0.505848,0,0.671093,0.880651,0,0.158329,0.204439,3,1,0.706067,1,0.223055,-3729544.145,1744210.417
359,0,81.9160004,1000.200012,3,7.07903,321.8670044,0.47228,2,386.7290039,10.2449999,169.1450043,0.423901,0.289277,0.475857,0.534724,0,0.520304,0.892212,1,0.0859577,0.138622,3,0,0.682159,0,0.173699,-3385278.026,1926633.354
360,0,91.4261017,2036.73999,3,6.9284801,505.4049988,0.553137,4,932.6630249,9.1408396,227.9609985,0.440732,0.506306,0.548104,0.0756749,0,0.505808,0.937972,0,0.0740132,0.225545,3,0,0.741829,1,0.161982,-3521107.731,1910126.212
361,0,95.9593964,0,3,3.8598001,450.572998,0.511999,4,229.4320068,10.9582005,180.8029938,0.35727,0.240182,0.401036,0.720992,1,0.581227,0.890847,0,0.064078,0.0771651,3,0,0.685224,1,0.165998,-3387091.385,1949152.023
362,0,61.6913986,0,6,4.6189198,345.6140137,0.410844,4,668.934021,9.0066099,286.7810059,0.493206,0.557704,0.101463,0.106837,0,0.37924,0.86623,0,0.284066,0.307293,0,0,0.536602,0,0.231559,-3446881.112,1737318.252
363,0,97.7285004,3025.919922,2,5.5964198,277.0969849,0.524919,4,495.4920044,10.4729996,315.973999,0.496357,0.452867,0.15261,0.435232,0,0.656736,0.785108,0,0.129815,0.458646,0,0,0.764184,0,0.190819,-3654739.492,1800656.152
364,0,66.1570969,1414.619995,3,3.4336901,209.9389954,0.472737,4,237.4210052,10.6338997,151.427002,0.452001,0.303252,0.291059,0.517352,0,0.674431,0.924168,0,0.162616,0.26375,1,1,0.707977,1,0.219235,-3737295.982,1738061.241
365,0,77.8582993,0,3,1.20406,436.0090027,0.489105,4,436.2349854,9.8952599,144.6929932,0.468397,0.322194,0.349351,0.31408,0,0.62687,0.769511,0,0.195099,0.268091,1,2,0.699647,1,0.201047,-3750860.771,1710534.889
366,0,84.302803,2477.48999,3,9.8950701,456.9089966,0.480633,2,828.8720093,10.1966,121.5889969,0.430657,0.283169,0.276217,0.206698,0,0.427598,0.914908,0,0.075036,0.19242,2,0,0.704015,1,0.165434,-3321479.051,1946511.684
367,0,96.7764969,0,5,1.43457,258.5320129,0.487472,4,316.5239868,10.1104002,139.2839966,0.454089,0.364672,0.49671,0.277007,0,0.511291,0.933517,0,0.188566,0.327764,2,1,0.688078,1,0.188356,-3791631.627,1700675.011
368,0,66.0095978,0,3,3.70263,710.7700195,0.409562,4,664.6099854,7.4243302,32.1357002,0.468778,0.599681,0.642319,0.0702889,0,0.438897,0.790951,0,0.124383,0.71989,2,0,0.70679,0,0.231988,-3485884.1,1865262.296
369,0,81.7294998,2426.689941,3,6.3580799,316.8370056,0.490777,4,598.8839722,11.5142002,63.2703018,0.377594,0.270856,0.181473,0.665561,0,0.539468,0.914361,0,0.130676,0.180789,1,0,0.708312,1,0.162632,-3226855.955,1993954.7
370,0,100.7910004,1026.479981,2,7.2875199,729.3720093,0.488635,4,670.0139771,10.7402,120.0899963,0.413993,0.471995,0.345205,0.345241,0,0.708423,0.601082,0,0.171925,0.419262,1,3,0.697409,0,0.181631,-3626945.792,1835332.643
371,0,86.1722031,0,3,3.51143,225.7850037,0.492653,4,244.9160004,10.4614,65.8320999,0.454901,0.284977,0.396782,0.476599,0,0.668983,0.922926,0,0.163257,0.251973,0,1,0.692444,1,0.18913,-3767570.488,1716027.657
372,0,78.5951996,1000.369995,2,8.3809099,502.6549988,0.505739,3,655.5150146,8.7672195,254.8840027,0.399172,0.514708,0.597721,0.0946051,0,0.513075,0.912612,0,0.0707325,0.329648,2,0,0.733462,1,0.189089,-3533223.413,1897114.47
373,0,97.0570984,1004.77002,3,4.26085,242.4869995,0.483115,4,227.9589996,12.2971001,285.3479919,0.295081,0.259708,0.221973,0.685529,1,0.576032,0.840451,2,0.0806206,0.21909,2,0,0.623859,1,0.186739,-3406296.029,1972047.899
374,0,107.9749985,1456.579956,2,3.90889,546.1199951,0.558353,4,1099.680054,8.3031502,309.8160095,0.467947,0.280426,0.445678,0.000587,0,0.581409,0.879196,0,0.187375,0.363077,2,2,0.629521,1,0.17752,-3624951.814,1808221.317
375,0,59.7202988,1000.820007,3,2.55762,127.0419998,0.476741,4,240.5930023,10.4439001,270.322998,0.437957,0.33616,0.284821,0.456511,0,0.639698,0.907472,0,0.13956,0.207947,5,2,0.696124,1,0.230664,-3720170.385,1742335.36
376,0,107.375,1434.050049,5,15.3029003,669.6719971,0.510969,4,560.8809814,9.2872696,250.5590057,0.484157,0.352542,0.392184,0.130422,0,0.608389,0.762938,0,0.291737,0.825435,1,0,0.711937,1,0.176988,-3805758.155,1686171.17
377,0,77.1626968,0,3,1.00336,169.4019928,0.462855,4,130.9550018,11.2596998,241.6239929,0.347536,0.140682,0.298027,0.651821,0,0.538773,0.943864,0,0.144661,0.232495,0,2,0.681529,1,0.212081,-3766452.402,1741475.994
378,0,95.4709015,2420.820068,3,7.70541,348.1340027,0.509882,4,517.9760132,10.5566998,50.5284996,0.400692,0.235621,0.408748,0.542248,0,0.506551,0.84956,0,0.054028,0.224246,2,0,0.694158,1,0.180468,-3395200.721,1946554.684
379,0,130.9889984,1002.799988,2,6.5819402,339.0570068,0.563518,3,298.881012,10.7180996,346.269989,0.333127,0.397465,0.463121,0.690925,0,0.665593,0.934546,0,0.0914604,0.215713,2,1,0.712087,0,0.159984,-3473768.168,1941689.576
380,0,92.846199,2416.320068,3,8.2959099,520.5239868,0.506542,4,367.8569946,10.6225004,59.0634003,0.406325,0.248081,0.422592,0.692732,0,0.553448,0.910628,0,0.0669547,0.23916,3,0,0.699526,1,0.181191,-3389296.347,1943125.785
381,0,93.9613037,2013.040039,3,3.5908899,390.1289978,0.523439,4,623.4910278,10.9069996,273.7999878,0.37478,0.223813,0.399411,0.601681,0,0.536121,0.916775,0,0.0479854,0.137097,2,0,0.683453,1,0.17983,-3408785.703,1951936.201
382,0,73.8836975,1000.01001,1,6.3333201,502.4719849,0.493881,4,328.1400146,8.42904,353.0629883,0.540274,0.444383,0.342886,0.103247,0,0.432124,0.931733,0,0.347271,0.343559,1,0,0.698226,1,0.213255,-3837396.553,1660612.928
383,0,91.7054977,1021.669983,2,1.50869,541.6599731,0.506951,4,606.1190186,10.3579998,81.7360992,0.405665,0.256637,0.429556,0.611775,0,0.533463,0.879293,0,0.0516709,0.136355,3,0,0.690528,1,0.184642,-3386905.474,1939657.19
384,0,85.6110001,1001.01001,3,1.75912,150.2879944,0.503513,1,319.0950012,11.7173996,188.6840057,0.323931,0.274585,0.33353,0.715538,0,0.532592,0.918938,0,0.0881892,0.219322,2,0,0.66728,1,0.178268,-3315582.228,1963203.554
385,0,71.0960007,1000.01001,3,1.81021,162.3139954,0.471543,4,186.5119934,10.9054003,63.155201,0.460016,0.278633,0.214924,0.55679,0,0.694656,0.924277,1,0.152367,0.301739,3,0,0.731547,1,0.220909,-3732284.891,1763617.668
386,0,84.0230026,1000.130005,3,5.1234899,318.1119995,0.513498,4,407.8250122,9.6055002,287.3630066,0.392443,0.300052,0.467417,0.534588,0,0.533342,0.910142,0,0.0636261,0.0900777,3,0,0.68074,1,0.169767,-3412199.724,1927825.637
387,0,82.1707993,1036.949951,2,6.7691698,522.5709839,0.529899,3,847.3889771,8.8293896,71.2320023,0.443054,0.561837,0.626105,0.179401,0,0.541618,0.923143,0,0.147195,0.227026,2,0,0.767326,1,0.193403,-3497741.763,1894744.288
388,0,74.3998032,2420.570068,5,9.8952999,558.427002,0.458662,1,439.1879883,11.6156998,162.3099976,0.421078,0.299474,0.241221,0.654151,0,0.454981,0.812313,1,0.101097,0.290744,2,1,0.701129,0,0.182357,-3175930.407,1968910.668
389,0,84.6358032,0,3,3.12743,450.0849915,0.477514,4,66.9926987,10.7750998,147.3339996,0.459115,0.289434,0.381661,0.538485,0,0.680976,0.926238,0,0.169446,0.322066,0,1,0.702727,1,0.187379,-3769155.522,1720141.343
390,0,84.9565964,0,5,2.0681601,327.2619934,0.483658,4,61.155899,11.3547001,156.3399963,0.455528,0.266811,0.188636,0.692107,0,0.721315,0.926898,0,0.152096,0.240917,0,1,0.741759,1,0.208268,-3759860.206,1758861.889
391,0,70.9935989,0,3,4.1716199,364.1040039,0.481333,3,724.7689819,8.30439,321.8510132,0.399951,0.398496,0.567868,0.165186,0,0.393272,0.678792,0,0.143485,0.356686,0,1,0.635677,0,0.209498,-3478638.513,1894261.906
392,0,122.3519974,1453.030029,2,7.3801999,772.3909912,0.544364,3,992.2910156,9.16605,132.2749939,0.401057,0.451232,0.444835,0.158221,0,0.474297,0.847608,0,0.158813,0.188136,6,1,0.729617,0,0.151215,-3478116.948,1928901.504
393,0,106.947998,2443.639893,3,9.5532503,537.0510254,0.534826,4,450.0799866,13.6496,44.7933998,0.310413,0.291977,0.351383,0.661398,0,0.590229,0.838197,0,0.114343,0.246841,1,0,0.67764,1,0.158962,-3120703.242,2021792.558
394,0,123.810997,1059.969971,1,10.0014,685.2709961,0.552839,3,816.0910034,9.3661699,37.6916008,0.370353,0.416843,0.444762,0.302316,0,0.551327,0.94857,0,0.106551,0.304534,5,1,0.725259,0,0.153139,-3471845.261,1933370.406
395,0,82.0196991,3013.629883,3,3.3155999,189.7899933,0.506849,2,825.3120117,9.5822697,103.2020035,0.438205,0.508058,0.197043,0.158807,0,0.501136,0.907736,0,0.120118,0.217411,6,0,0.746523,1,0.189312,-3292907.07,1941345.899
396,0,92.983902,0,2,1.91679,349.5780029,0.529045,1,218.6970062,11.5237999,153.8289948,0.339697,0.274728,0.378671,0.716564,0,0.539142,0.849228,0,0.0834378,0.196823,2,0,0.662627,0,0.175332,-3338162.616,1956598.315
397,0,89.2287979,0,3,5.3325,669.2800293,0.528008,4,405.1600037,9.4881697,325.7229919,0.397252,0.30079,0.402862,0.326328,0,0.456086,0.80361,0,0.0690848,0.179857,3,0,0.676175,1,0.172029,-3372224.808,1930021.044
398,0,63.8518982,1000,3,0.673565,96.2465973,0.433521,2,630.7139893,10.3153,16.7728996,0.411265,0.222925,0.321589,0.430052,1,0.28013,0.682558,2,0.0703001,0.460047,1,0,0.534997,0,0.223501,-3250203.953,1942034.715
399,0,68.9281998,1000.099976,3,0.171599,158.9259949,0.480498,4,246.9210052,10.8781996,283.5249939,0.469034,0.275973,0.230417,0.534795,0,0.683213,0.784262,0,0.122314,0.271718,2,1,0.707102,1,0.221621,-3738172.289,1755039.742
400,0,74.1723022,1002.969971,3,0.266644,208.654007,0.489682,4,225.4900055,11.0709,294.276001,0.450111,0.277563,0.22227,0.549591,0,0.709337,0.916659,0,0.16474,0.351832,1,3,0.705817,0,0.21742,-3727479.86,1771310.399
401,0,82.9031982,1006.289978,2,8.4275703,624.4240112,0.516738,4,351.7030029,9.3547497,235.5469971,0.39215,0.475676,0.597237,0.429401,0,0.602902,0.770151,0,0.0816973,0.130799,3,1,0.721588,1,0.163947,-3517541.81,1904303.089
402,0,63.8478012,1030.109985,1,5.4263902,629.6519775,0.393769,4,464.2359924,12.3696003,100.5090027,0.422547,0.278505,0.288863,0.413273,1,0.386883,0.289683,2,0.0800327,0.475916,1,1,0.51026,0,0.205454,-3153968.282,1955729.501
403,0,91.1511002,1000.619995,3,3.12903,150.5599976,0.530355,4,582.6060181,11.0873003,174.0540009,0.39587,0.262647,0.239267,0.498259,0,0.508177,0.871829,1,0.0880307,0.262454,1,0,0.689348,0,0.185743,-3238027.133,1976787.645
404,0,52.9543991,1022.390015,5,11.9888,540.1849976,0.349555,2,547.3309937,6.2102699,100.8099976,0.630474,0.467879,0.197131,0,0,0.519482,0.819741,0,0.346269,0.475243,2,0,0.415586,1,0.262506,-4107838.226,1484443.721
405,0,85.8006973,1423.790039,2,7.2747598,478.2189941,0.555693,4,754.6890259,8.6240501,147.9929962,0.470169,0.58146,0.586268,0.0903199,0,0.514262,0.692197,0,0.142608,0.277192,2,0,0.784331,1,0.191347,-3492913.816,1899343.614
406,0,88.1804962,0,3,2.23875,245.2019958,0.501246,4,333.6059875,11.4509001,39.1323013,0.378699,0.349727,0.235137,0.695294,0,0.545131,0.895819,0,0.119664,0.18848,3,0,0.716415,1,0.187561,-3275077.673,1957630.46
407,0,73.6097031,1008.289978,3,1.3895,177.2330017,0.478685,4,275.6159973,10.7523003,15.4870005,0.464355,0.281451,0.300562,0.537499,0,0.68797,0.925385,0,0.145617,0.242194,0,2,0.712865,1,0.215148,-3751506.506,1735716.199
408,0,74.7975998,0,4,5.3799601,411.4549866,0.446487,4,272.427002,9.69485,342.4700012,0.397961,0.556819,0.699742,0.533728,0,0.612924,0.475954,0,0.141801,0.148992,3,2,0.723885,1,0.176569,-3515689.893,1884235.91
409,0,59.9104996,1034.050049,5,8.9349804,792.8969727,0.449542,4,807.440979,8.6080103,239.8509979,0.521891,0.419733,0.183074,0.0162697,0,0.491056,0.730099,0,0.32838,0.404418,0,0,0.535347,1,0.24414,-3676066.194,1677830.982
410,0,66.3588028,1000.030029,3,4.03897,199.6349945,0.470876,4,314.4379883,10.5412998,122.6829987,0.46991,0.288494,0.291672,0.504397,0,0.675519,0.897349,0,0.194468,0.256132,3,3,0.736164,1,0.219557,-3706401.901,1761089.866
411,0,61.5261993,1414.209961,3,5.5369301,334.5820007,0.429713,4,294.7260132,9.54564,301.4450073,0.478481,0.405946,0.19237,0.230575,0,0.562829,0.753039,2,0.270574,0.314547,0,0,0.601393,1,0.230627,-3673400.532,1714058.522
412,0,104.6669998,0,3,4.0328002,552.5180054,0.554955,4,225.4989929,13.0958004,222.9689941,0.346544,0.308532,0.25884,0.666515,0,0.590474,0.740633,0,0.138888,0.135683,2,0,0.72966,0,0.163858,-3124255.195,2015830.776
413,0,79.6854019,2835.639893,5,5.8445301,278.6809998,0.502597,4,329.9030151,11.0295,95.7101974,0.459998,0.256491,0.185055,0.555852,0,0.70345,0.912805,0,0.200683,0.411341,2,1,0.744054,0,0.202154,-3727724.022,1778824.76
414,0,74.7490005,1000.479981,3,4.9190402,247.5829926,0.437153,4,220.4290009,12.4308996,137.8800049,0.325127,0.305415,0.236891,0.663712,0,0.589212,0.7857,0,0.122514,0.228406,2,0,0.684888,0,0.177455,-3227303.721,2001976.305
415,0,73.2708969,1001.25,5,1.62991,295.8359985,0.477384,4,184.3679962,10.6315002,25.8455009,0.498339,0.218341,0.385554,0.32411,0,0.704439,0.909487,0,0.232308,0.210775,5,5,0.652561,1,0.196237,-3924454.779,1667545.387
416,0,93.8684998,2426.199951,3,2.67942,280.8059998,0.504389,4,516.5969849,11.1366997,103.2419968,0.381673,0.225777,0.392684,0.605214,0,0.525883,0.912426,0,0.0487893,0.124479,2,0,0.693992,1,0.180444,-3402694.656,1952303.648
417,0,100.3069992,2449.469971,2,5.4179502,701.4569702,0.537856,3,636.5059814,10.6674004,130.8150024,0.367572,0.419363,0.549156,0.540722,0,0.621129,0.92929,0,0.11038,0.206135,1,2,0.723601,1,0.166334,-3492153.348,1923929.835
418,0,107.1119995,0,1,3.53636,537.3569946,0.492026,4,617.0869751,8.4996996,104.1989975,0.492518,0.36022,0.214892,0.0569757,0,0.615027,0.805018,0,0.238122,1.23131,2,3,0.723329,1,0.192361,-3789800.112,1686198.555
419,0,77.8464966,1030.060059,3,13.4980001,586.6229858,0.517746,3,627.1140137,8.6231098,297.3800049,0.429539,0.578557,0.634363,0.342774,0,0.56887,0.838692,0,0.185934,0.14563,1,0,0.760497,1,0.181713,-3496092.684,1890677.05
420,0,77.7120972,1054.640015,2,10.3023996,573.4539795,0.509269,3,924.8690186,8.83951,201.8659973,0.426643,0.546853,0.422009,0.118816,0,0.492919,0.705138,0,0.120198,0.214669,3,0,0.754391,0,0.191618,-3407123.29,1917817.932
421,0,66.8049011,1438.849976,3,11.3023005,533.7919922,0.429808,1,836.2490234,10.434,338.4970093,0.305214,0.111083,0.270078,0.467478,0,0.357777,0.608916,1,0.0958516,0.366499,1,0,0.600815,0,0.205163,-3214787.685,1960865.485
422,0,87.3021011,0,8,3.7090499,264.9169922,0.507806,1,536.0289917,10.7658005,356.1470032,0.381659,0.466314,0.170087,0.613111,0,0.598627,0.92031,0,0.0880441,0.228649,6,1,0.756172,1,0.193844,-3289171.128,1951097.317
423,0,94.3757019,2416.439941,2,4.2923698,221.9360046,0.518325,4,577.9050293,10.2603998,84.1757965,0.383899,0.232981,0.425132,0.436231,0,0.51926,0.792466,0,0.0457024,0.213734,2,0,0.679139,1,0.182384,-3415871.997,1947661.065
424,0,53.4145012,1426.280029,6,3.44348,344.5369873,0.359129,1,546.5390015,9.8084297,152.3840027,0.40353,0.569225,-0.0322002,0.172161,0,0.303976,0.572722,1,0.256871,0.408688,1,1,0.453729,0,0.241265,-3535475.541,1745200.526
425,0,80.1894989,0,3,4.5839601,302.4049988,0.463985,1,9.3315201,11.3518,210.5939941,0.405999,0.273547,0.257149,0.668254,0,0.720804,0.447884,0,0.178818,0.275603,2,0,0.722463,0,0.206979,-3761302.276,1749378.469
426,0,61.7207985,0,6,8.1610403,377.321991,0.386212,2,494.0769958,8.9571505,8.8829699,0.441395,0.550616,0.441699,0.165516,0,0.39541,0.883812,0,0.29179,0.381546,0,0,0.555454,0,0.225939,-3387510.211,1795010.755
427,0,95.1896973,2036.75,1,5.8578401,533.1970215,0.568967,1,1085.189941,10.1272001,280.6210022,0.397268,0.298218,0.139509,0.209408,0,0.456328,0.770509,0,0.127801,0.279228,2,0,0.689108,0,0.15891,-3221194.155,1974627.953
428,0,92.2222977,0,2,5.64083,272.2080078,0.504664,2,924.7630005,8.3569298,275.2680054,0.443565,0.312342,0.286366,0.100959,0,0.393462,0.917703,0,0.060404,0.265232,3,0,0.705332,1,0.195318,-3360562.156,1932268.944
429,0,114.1900024,0,2,4.5461998,206.6629944,0.560201,1,600.9500122,10.5635996,151.6239929,0.358453,0.198703,0.377525,0.368863,0,0.41208,0.906662,0,0.0389984,0.251278,1,1,0.665449,0,0.179039,-3437109.447,1961846.426
430,0,95.6026993,3853.129883,2,5.3983498,469.7019958,0.566288,4,458.3770142,11.7730999,123.7839966,0.491693,0.345798,0.0740287,0.602641,0,0.603673,0.810912,0,0.306943,0.231998,1,2,0.777503,0,0.182293,-3735683.806,1796783.142
431,0,73.9716034,1000.090027,2,4.6328301,605.0189819,0.462298,4,533.302002,8.5170898,43.3558998,0.458741,0.559225,0.702742,0.265846,0,0.547135,0.811957,0,0.170966,0.315012,1,2,0.733942,0,0.195699,-3515878.276,1879549.056
432,0,112.4560013,1011.099976,5,6.473,530.9890137,0.509123,4,888.9710083,9.0413704,167.2740021,0.472887,0.347728,0.307531,0.0437114,0,0.608368,0.774773,0,0.224803,0.635046,2,3,0.6954,1,0.184706,-3784466.748,1693991.253
433,0,123.8479996,0,3,2.9490099,259.8099976,0.54962,4,714.0209961,9.4303799,263.6359863,0.353604,0.194585,0.384295,0.175986,0,0.302218,0.713304,0,0.0388977,0.495094,2,1,0.63026,1,0.179602,-3449485.736,1947959.944
434,0,72.5551987,1420.579956,3,4.10291,295.0840149,0.47888,4,318.9089966,11.0324001,347.2319946,0.480075,0.340789,0.241297,0.569734,0,0.60083,0.74847,0,0.273082,0.58061,2,1,0.750593,0,0.213385,-3721515.453,1778285.72
435,0,86.9842987,1004.650024,6,3.3829401,241.8769989,0.485196,4,467.3439941,10.0768995,112.3610001,0.455704,0.304277,0.385031,0.299403,0,0.632897,0.864559,0,0.172562,0.294184,0,2,0.690104,1,0.1883,-3762021.615,1710584.39
436,0,75.6874008,1007.700012,3,4.1205502,230.2259979,0.434312,4,229.9019928,12.7826004,128.8659973,0.270029,0.358893,0.127914,0.594386,0,0.471973,0.608995,1,0.0485867,0.258549,0,1,0.562365,0,0.200838,-3201509.833,2013955.675
437,0,80.3424988,1000.02002,2,3.4706199,183.8480072,0.469896,4,104.2429962,11.0615997,34.0820007,0.462079,0.364938,0.366341,0.589975,0,0.581593,0.893546,1,0.23926,0.370385,0,1,0.707997,1,0.200048,-3773746.014,1723916.273
438,0,87.2440033,2419.300049,3,5.1957898,281.9500122,0.504169,4,474.5090027,11.1140003,68.4756012,0.414642,0.414345,0.20761,0.623637,0,0.550152,0.899359,0,0.11777,0.184198,3,0,0.756971,1,0.186432,-3274075.647,1954420.553
439,0,89.1549988,3446.699951,5,3.85234,645.0679932,0.491907,1,719.2800293,11.5038004,71.2995987,0.340482,0.244725,0.257693,0.595817,0,0.457954,0.832844,1,0.0851904,0.230098,2,0,0.675935,1,0.165058,-3191632.459,1975664.8
440,0,71.4083023,0,5,12.0700998,654.0189819,0.465287,4,466.8680115,8.7407904,149.9900055,0.510656,0.397286,0.172172,0.051795,0,0.521088,0.922493,0,0.354691,0.210406,0,0,0.61989,1,0.206313,-3688327.58,1696162.872
441,0,78.4283981,1008.280029,3,5.7990499,494.5539856,0.46505,2,697.2529907,9.8996601,138.5180054,0.436354,0.300649,0.308881,0.416893,0,0.492889,0.64472,0,0.0679263,0.286357,2,0,0.688134,0,0.186274,-3321997.186,1934461.108
442,0,71.5233994,2008.689941,3,7.0054302,312.1489868,0.433514,1,292.8340149,12.4071999,282.1380005,0.345611,0.335735,0.235671,0.536582,0,0.490697,0.593422,1,0.114185,0.318595,1,1,0.663652,0,0.201696,-3166211.353,1977096.338
443,0,67.3654022,0,3,2.7117,162.923996,0.473492,4,165.3370056,10.8155003,246.5800018,0.456117,0.300631,0.247515,0.52163,0,0.698476,0.850592,0,0.158134,0.247371,2,1,0.715891,1,0.223498,-3732460.719,1754662.629
444,0,69.5912018,0,6,2.0827501,353.7650146,0.485434,4,295.947998,9.8821402,0.308213,0.473013,0.310777,0.319416,0.336255,0,0.638356,0.94623,0,0.180773,0.278832,1,2,0.707454,1,0.211215,-3742415.888,1714924.275
445,0,93.7643967,0,3,8.5616102,421.4960022,0.52378,4,501.9110107,9.9191904,236.4980011,0.418272,0.47799,0.475696,0.289578,0,0.662214,0.866699,0,0.174084,0.256211,1,2,0.672765,0,0.191488,-3609810.495,1841777.406
446,0,74.3798981,2010.630005,3,4.2643499,205.1529999,0.431638,4,294.8609924,12.7483997,46.7625999,0.314027,0.286023,0.184561,0.632956,0,0.569642,0.918042,2,0.0849951,0.271644,0,0,0.660209,0,0.197821,-3223133.769,2011292.948
447,0,71.3519974,0,4,3.3791299,352.4140015,0.448685,3,440.7139893,9.6510296,320.0369873,0.364224,0.312731,0.686108,0.504815,0,0.418496,0.777872,0,0.066622,0.158243,2,0,0.670233,1,0.188904,-3524913.486,1889701.329
448,0,78.5165024,0,5,7.4535398,400.7999878,0.497104,4,680.6339722,8.0859003,150.3710022,0.573722,0.615928,0.282213,0.0347874,0,0.620422,0.87266,0,0.352471,0.280926,1,0,0.741629,1,0.194441,-3832063.652,1659011.095
449,0,63.1996994,1001.369995,5,2.1231301,162.2519989,0.439596,4,330.2890015,10.3022003,143.9440002,0.453116,0.324929,0.298243,0.400855,0,0.629833,0.760673,0,0.166648,0.360402,2,0,0.691639,1,0.230682,-3726175.604,1728819.446
450,0,94.7444,1004.330017,3,11.3472996,562.8930054,0.563224,1,742.5120239,9.8196201,92.572998,0.430003,0.261145,0.285752,0.364879,0,0.466281,0.957697,0,0.0734862,0.228154,3,0,0.715601,0,0.167205,-3341865.212,1947220.384
451,0,102.0589981,0,3,1.96082,435.2090149,0.513901,5,224.1080017,11.2149,111.0709991,0.333075,0.219151,0.372269,0.693047,0,0.557612,0.803151,0,0.0528554,0.0660774,2,0,0.677319,1,0.156826,-3384906.473,1955478.622
452,0,65.1250992,0,1,1.32336,331.6210022,0.411723,1,200.1199951,11.9027996,351.6000061,0.414727,0.307293,0.285777,0.416399,1,0.438406,0.626083,2,0.0644265,0.280754,1,1,0.554426,0,0.196402,-3168150.573,1959524.376
453,0,77.7141037,1087.119995,4,12.9815998,689.6610107,0.467747,4,949.5310059,8.2641296,275.7850037,0.486976,0.609513,0.682989,0.138975,0,0.481764,0.779519,0,0.178462,0.404738,2,2,0.781922,1,0.205155,-3500971.135,1877485.609
454,0,68.2307968,1000.869995,3,1.85602,174.5339966,0.475377,4,200.2160034,10.7763004,27.9782009,0.456164,0.30876,0.280703,0.528703,0,0.692352,0.773857,0,0.180016,0.204875,2,1,0.708303,1,0.217289,-3739565.396,1742250.808
455,0,71.8370972,2417.729981,3,0.816059,117.4240036,0.485858,4,294.9500122,10.8771,90.7637024,0.466007,0.280192,0.202205,0.53537,0,0.693901,0.926454,0,0.147317,0.2519,2,0,0.736709,1,0.220568,-3736970.313,1761241.784
456,0,69.6297989,1000.02002,3,2.01092,102.3119965,0.481744,4,216.5690002,10.816,225.701004,0.462285,0.28369,0.221537,0.544451,0,0.692218,0.917851,0,0.159957,0.27809,2,0,0.729611,1,0.22246,-3735209.314,1757979.382
457,0,90.0524979,0,3,1.32101,498.6140137,0.507722,4,261.5840149,10.4493999,161.4290009,0.391971,0.24971,0.442603,0.67248,0,0.563378,0.927495,0,0.0517198,0.198645,2,0,0.688477,0,0.185187,-3405640.567,1942028.353
458,0,97.7462006,1414.52002,3,5.4563298,357.6650085,0.516223,4,222.0670013,12.4254999,257.4089966,0.339716,0.276463,0.353584,0.703051,0,0.565972,0.868665,0,0.0983066,0.141459,3,0,0.68627,1,0.176809,-3336773.583,1985819.722
459,0,66.3584976,1005.530029,3,4.2893701,347.7130127,0.475988,4,345.2529907,10.4710999,173.522995,0.450586,0.293242,0.296497,0.503679,0,0.653527,0.851052,0,0.147476,0.291205,1,1,0.704622,1,0.221233,-3737491.089,1733906.626
460,0,62.1651001,1001.849976,3,4.7715201,255.875,0.39125,4,136.8359985,10.8910999,28.4060001,0.475506,0.391443,0.325868,0.353194,0,0.488863,0.460311,2,0.244755,0.483581,2,3,0.579712,1,0.229887,-3691850.545,1762682.955
461,0,89.0385971,0,5,3.80917,241.6080017,0.473456,4,133.5379944,12.4027004,271.605011,0.293061,0.287486,0.399081,0.509595,0,0.517874,0.604892,1,0.0796545,0.221997,1,0,0.593581,0,0.196314,-3285649.729,1973294.218
462,0,77.0820007,0,5,1.72586,466.9060059,0.512443,4,638.8709717,8.5797901,43.4875984,0.511443,0.343611,0.209251,0.0527719,0,0.5956,0.906614,0,0.219012,0.346226,2,4,0.732145,1,0.205949,-3749571.841,1694309.13
463,0,82.5902023,0,8,6.74683,586.447998,0.512366,4,391.4230042,9.5736504,85.4620972,0.393912,0.299049,0.318937,0.407454,0,0.483418,0.915489,0,0.0607637,0.149821,2,0,0.668544,1,0.178762,-3337042.207,1935483.298
464,0,78.5134964,2840.550049,3,4.81071,307.2189941,0.446356,4,457.7200012,11.0778999,112.9980011,0.487429,0.323022,0.0845659,0.539305,1,0.438341,0.318423,2,0.0789324,0.508583,0,0,0.664178,0,0.196492,-3666230.257,1796363.901
465,0,61.4095001,2088.919922,7,11.0114002,921.8649902,0.452802,4,896.6740112,8.6673203,45.5914001,0.530268,0.376269,0.24398,0.0385365,0,0.531014,0.690818,0,0.337391,0.294119,0,2,0.649927,1,0.212241,-3736199.376,1684991.552
466,0,93.7149963,2415.479981,5,4.3594799,299.9249878,0.511528,4,267.0390015,12.3218002,232.0140076,0.159725,0.138169,0.344137,0.596669,1,0.535882,0.686406,2,0.0536379,0.254427,2,0,0.586696,0,0.183926,-3287911.401,1985363.453
467,0,68.6900024,0,3,4.4758101,299.7520142,0.442916,2,363.7399902,11.3154001,202.1869965,0.386807,0.501447,0.325173,0.551643,0,0.63569,0.595238,1,0.136454,0.234538,3,0,0.717578,0,0.20952,-3261536.671,1949829.051
468,0,61.9518013,0,3,0.633171,203.8049927,0.461841,4,235.7830048,10.5607004,298.5639954,0.44551,0.337962,0.289928,0.456207,0,0.661035,0.749382,0,0.157166,0.227194,4,3,0.689455,1,0.224066,-3728979.322,1738796.616
469,0,82.5651016,0,5,2.3973401,681.8070068,0.493546,4,219.0509949,8.6536703,296.6099854,0.533853,0.51238,0.355659,0.129912,0,0.484809,0.924199,0,0.386173,0.296882,0,1,0.736772,0,0.189862,-3813381.764,1667062.292
470,0,86.8147964,1003.380005,3,8.9838305,553.4210205,0.522298,2,289.1839905,11.0228004,354.6000061,0.356509,0.245558,0.286552,0.679371,1,0.536822,0.775513,0,0.05433,0.154517,2,0,0.703603,1,0.173583,-3316119.272,1954172.545
471,0,85.2814026,1414.689941,3,1.76792,146.6860046,0.498963,2,346.1619873,10.7657003,350.1119995,0.363129,0.246989,0.298061,0.644243,1,0.532662,0.80811,0,0.03581,0.182742,2,0,0.666164,1,0.17563,-3324058.516,1950233.542
472,0,94.0826035,1004.309998,3,6.2940202,338.4960022,0.580707,4,385.7919922,11.9208002,281.7430115,0.179808,0.143726,0.236873,0.654828,0,0.537782,0.930023,0,0.0570373,0.140294,1,2,0.639932,0,0.176436,-3258662.162,1994108.808
473,0,96.7024002,2829.790039,2,2.88536,173.2720032,0.583018,4,336.8510132,11.3704996,5.0425301,0.493497,0.349766,0.0816434,0.593393,0,0.608018,0.888447,0,0.212652,0.251925,1,0,0.781532,0,0.190673,-3739143.893,1788367.272
474,0,92.3580017,1022.900024,3,7.7166901,429.1029968,0.567526,1,402.2349854,12.4189997,193.3390045,0.184031,0.149559,0.226933,0.690637,0,0.581119,0.926987,0,0.074653,0.128735,1,0,0.655896,1,0.171141,-3245982.884,2011238.993
475,0,85.164299,1000.609985,3,2.3106999,105.8069992,0.492397,4,535.6669922,10.2722998,53.8516006,0.435092,0.449543,0.223773,0.527827,0,0.511245,0.541521,1,0.0700123,0.306758,3,0,0.737767,0,0.198609,-3278407.35,1942379.018
476,0,60.6175003,0,6,4.6003199,372.9679871,0.380992,4,491.8460083,8.7243004,255.1080017,0.47601,0.530765,0.420072,0.145565,0,0.381267,0.870066,1,0.253609,0.314875,0,0,0.578716,0,0.225427,-3405379.133,1790859.589
477,0,74.8429031,1000.229981,3,0.992723,150.3650055,0.483833,4,184.5339966,11.0535002,200.3609924,0.462824,0.287246,0.230339,0.595649,0,0.709673,0.94049,0,0.166911,0.173751,1,1,0.730508,1,0.212802,-3748748.469,1752583.368
478,0,66.2363968,2428.679932,3,1.09127,549.5620117,0.467046,4,539.7750244,10.2685003,163.2940063,0.458965,0.319011,0.277892,0.395494,1,0.628606,0.836783,2,0.187448,0.339452,3,2,0.716005,1,0.232081,-3700542.95,1747738.642
479,0,62.0330009,1008.349976,5,4.7347498,593.9470215,0.454774,4,813.125,8.4614897,295.6329956,0.532801,0.284672,0.199484,0,0,0.313536,0.217297,1,0.187459,0.489025,0,0,0.430475,1,0.23713,-3711158.324,1680199.151
480,0,86.4520035,0,2,10.0531998,507.0069885,0.541579,1,828.9219971,10.9314003,332.8330078,0.381026,0.272048,0.116911,0.303894,0,0.43927,0.817215,0,0.152631,0.167112,1,0,0.683414,1,0.155197,-3231823.751,1993342.692
481,0,84.8883972,0,2,13.6962004,742.7680054,0.536938,4,948.3359985,8.5717001,231.4539948,0.479895,0.610676,0.640587,0.0684767,0,0.596403,0.86944,0,0.278268,0.337766,1,1,0.759729,0,0.192199,-3580472.968,1831510.201
482,0,68.9893036,1000.229981,5,7.5194702,392.7049866,0.449295,2,999.8129883,7.2311201,173.098999,0.50342,0.503095,0.665109,0.0319191,1,0.25857,0.166492,2,0.0645863,0.821212,1,2,0.70567,0,0.239273,-3494883.936,1864612.43
483,0,78.1764984,1012.73999,1,6.42272,346.3880005,0.500741,3,611.0230103,9.10394,107.913002,0.383418,0.520965,0.638283,0.214444,0,0.555012,0.884727,0,0.135788,0.343373,3,1,0.736327,1,0.190208,-3519365.43,1896074.103
484,0,66.3266983,1019.25,6,13.0423002,713.1519775,0.477592,1,599.2810059,8.20047,189.5359955,0.537324,0.448964,0.326308,0.0102995,0,0.455455,0.763652,0,0.391781,0.229937,1,1,0.635533,1,0.213563,-3856803.51,1652804.876
485,0,95.5087967,1018.330017,1,5.9155998,476.2780151,0.520848,4,562.9140015,10.5527,35.6092987,0.386852,0.234624,0.400567,0.630821,0,0.537908,0.932448,0,0.0547759,0.218489,2,0,0.69291,1,0.181077,-3397932.22,1948143.989
486,0,68.1735001,1000.030029,3,10.8022003,593.5679932,0.417399,1,371.6799927,11.5628996,207.8739929,0.427538,0.322184,0.284892,0.551833,0,0.479418,0.733029,1,0.102619,0.206931,1,1,0.613459,1,0.196266,-3176031.228,1959978.077
487,0,67.4399033,2429.379883,3,3.70857,265.3800049,0.477109,4,365.8320007,10.2337999,31.5118008,0.480474,0.299032,0.265668,0.470969,0,0.667731,0.920486,0,0.219137,0.23375,1,3,0.726869,1,0.220508,-3689358.932,1756549.01
488,0,91.4252014,2446.320068,1,3.0339501,596.8410034,0.581222,1,722.1519775,11.5881004,65.3012009,0.367173,0.378011,0.186114,0.581748,0,0.659519,0.877054,0,0.0939053,0.196982,1,0,0.71669,1,0.174039,-3252021.779,1993288.816
489,0,82.0025024,1000.51001,3,5.53547,299.8569946,0.449292,4,237.0399933,11.9067001,359.631012,0.355364,0.287948,0.233473,0.648339,1,0.556965,0.252193,2,0.102263,0.244953,1,0,0.651714,1,0.173874,-3223691.944,1993543.269
490,0,93.5355988,0,3,1.25771,223.427002,0.501929,4,271.230011,11.5421,227.2890015,0.353417,0.255909,0.220172,0.667629,1,0.480897,0.650408,2,0.0756319,0.207633,3,1,0.635532,1,0.189688,-3288077.652,1960072.181
491,0,87.4360962,1004.309998,1,4.44486,205.0800018,0.526533,4,278.4079895,13.3094997,48.1011009,0.33705,0.309734,0.352874,0.611046,0,0.602093,0.672952,0,0.123456,0.155702,1,0,0.701532,0,0.173437,-3112383.16,2012091.669
492,0,81.1433029,1000.369995,3,2.51929,470.2529907,0.454944,4,500.0499878,9.69069,257.5069885,0.520245,0.436008,0.461837,0.2046,0,0.475286,0.919677,0,0.317336,0.188056,1,2,0.738113,1,0.212945,-3817859.566,1677303.576
493,0,62.5080986,0,3,2.3587101,235.1089935,0.448402,4,280.7049866,10.4244003,100.1760025,0.454595,0.326083,0.299907,0.424806,0,0.630718,0.773911,0,0.142177,0.303157,4,1,0.673901,1,0.22837,-3727357.116,1732590.339
494,0,57.3881989,1014,5,3.2335,531.8120117,0.377178,1,714.9119873,9.3610601,216.9060059,0.487485,0.493563,0.010167,0.183222,0,0.460024,0.830204,1,0.306803,0.388505,1,0,0.578516,0,0.235622,-3509531.763,1750335.645
495,0,59.5707016,2028.48999,3,6.0440202,311.9750061,0.441223,4,392.0780029,10.1858997,93.6149979,0.475122,0.354871,0.250459,0.350086,0,0.614649,0.839613,0,0.246947,0.280975,0,0,0.675273,1,0.219093,-3677415.052,1742615.139
496,0,105.439003,2005.910034,3,5.4717898,246.1150055,0.537525,4,651.9210205,10.4764996,63.6918983,0.396616,0.225798,0.40435,0.406051,0,0.509075,0.780082,0,0.0533842,0.170802,2,0,0.687277,1,0.180052,-3424222.73,1955056.58
497,0,97.2902985,1433.069946,2,3.46578,274.8169861,0.520492,4,805.7960205,9.9395399,180.4700012,0.398392,0.23148,0.429176,0.207311,0,0.414504,0.873556,0,0.0493401,0.182347,0,1,0.679819,1,0.186351,-3423088.305,1947096.712
498,0,98.6092987,2418.080078,3,1.82419,207.7389984,0.471578,4,184.8439941,12.6689997,303.9630127,0.292208,0.283258,0.315137,0.606854,0,0.604227,0.712957,0,0.0793018,0.208778,4,0,0.629153,0,0.190824,-3383810.183,1971713.941
499,0,75.0346985,0,3,3.0662,225.9190063,0.464804,4,934.2449951,7.5951099,158.7149963,0.523184,0.558299,0.645063,0.0470232,1,0.388236,0.90019,1,0.0922638,0.450344,2,2,0.76062,0,0.211759,-3492766.877,1873397.246
500,0,79.1166992,0,3,4.6676002,432.473999,0.475488,4,135.2619934,9.7847099,329.8599854,0.464162,0.199058,0.42261,0.366812,0,0.473543,0.636572,0,0.205066,0.207526,0,2,0.574195,0,0.203865,-3834105.567,1688828.229
501,0,96.7375031,2440.060059,2,10.1035995,491.3160095,0.561324,1,624.2860107,11.9579,40.9239998,0.175622,0.122035,0.2091,0.56743,0,0.467118,0.728673,0,0.0673362,0.182513,2,1,0.632297,1,0.166669,-3256067.172,2001535.413
502,0,86.1475983,0,5,1.46561,164.3769989,0.500225,4,134.0209961,11.1391001,89.9672012,0.510564,0.260942,0.282675,0.378426,0,0.617556,0.923011,0,0.245501,0.295205,6,4,0.669517,0,0.193183,-3940090.236,1676530.461
503,0,107.2600021,2414.459961,2,5.2342901,287.9590149,0.533728,4,527.4810181,11.1302004,45.4380989,0.368507,0.205923,0.328823,0.622598,0,0.534121,0.890007,0,0.0482671,0.20444,1,0,0.678163,1,0.172042,-3428672.491,1966151.144
504,0,91.1536026,0,3,2.51701,196.2400055,0.467251,1,697.6019897,10.6784,220.7389984,0.279038,0.117621,0.239272,0.527019,0,0.380967,0.74522,1,0.0747238,0.312363,0,0,0.628251,0,0.207639,-3198816.615,1964892.342
505,0,108.4169998,0,3,1.89249,256.4769897,0.54464,4,484.7309875,10.7526999,324.3829956,0.370544,0.204918,0.367609,0.527476,0,0.517609,0.844984,0,0.0372201,0.206602,1,0,0.676932,1,0.177017,-3430220.534,1962845.246
506,0,66.8988037,2414.790039,3,2.7317901,132.0509949,0.451079,4,227.2550049,12.7028999,98.2030029,0.281503,0.428364,0.229454,0.534216,0,0.431506,0.867989,0,0.0612539,0.253693,1,1,0.611003,1,0.199989,-3134343.749,1973214.384
507,0,96.4209976,0,1,6.78053,346.6830139,0.539196,1,208.1970062,12.5474005,4.7288799,0.220893,0.241232,0.296444,0.610238,1,0.494118,0.53276,2,0.0562042,0.278859,2,0,0.57898,1,0.173192,-3257366.895,2007713.574
508,0,68.4961014,0,5,7.0458498,546.5100098,0.482904,4,138.5549927,10.6589003,292.4580078,0.460978,0.277949,0.287543,0.558569,0,0.670166,0.691222,1,0.204197,0.281821,2,0,0.703128,1,0.21336,-3707709.272,1773242.055
509,0,66.664299,1414.380005,3,3.5750999,282.9790039,0.493762,4,513.2800293,9.6991997,128.375,0.487436,0.316645,0.268294,0.218325,0,0.605341,0.934954,0,0.211477,0.270801,2,2,0.714862,1,0.220108,-3717283.197,1719676.365
510,0,82.9294968,2425.419922,3,3.2970099,282.9679871,0.442976,4,416.9570007,10.9886999,78.2610016,0.489107,0.385082,0.0774582,0.543279,1,0.530533,0.59398,2,0.108492,0.501139,0,0,0.70765,0,0.195363,-3662308.264,1796260.012
511,0,85.5826035,1009.409973,3,2.63204,437.3330078,0.507791,1,687.5579834,10.6260004,356.4079895,0.437481,0.488742,0.212556,0.564798,0,0.571844,0.662711,0,0.134249,0.216586,2,0,0.785545,1,0.19347,-3274625.132,1947725.742
512,0,84.2436981,1000.150024,2,6.4078302,291.0339966,0.42627,4,288.4039917,10.8385,85.7603989,0.50191,0.441704,0.0995099,0.558288,0,0.637324,0.63367,1,0.141242,0.445757,0,0,0.745109,0,0.201062,-3659081.168,1791116.803
513,0,68.8955994,1007.5,1,8.5408802,380.1430054,0.47361,1,351.9289856,12.4202003,106.0189972,0.377347,0.323546,0.33132,0.547162,1,0.513988,0.614043,1,0.137467,0.183676,1,1,0.669006,0,0.196422,-3109022.785,1974597.962
514,0,66.3658981,1012.320007,3,2.0559199,359.5700073,0.477057,4,439.552002,10.1253996,66.7667007,0.456153,0.300289,0.315875,0.343416,0,0.623168,0.852731,0,0.16024,0.34752,1,2,0.69234,1,0.223852,-3737596.526,1721322.591
515,0,75.463501,2435.360107,4,5.9293799,312.7030029,0.479105,4,864.5410156,8.3884602,309.1919861,0.420723,0.535616,0.39908,0.161126,0,0.526264,0.468827,0,0.107176,0.376009,2,0,0.712098,1,0.213916,-3419321.407,1912312.675
516,0,99.4031982,2417.320068,1,3.5041001,255.8090057,0.540303,4,307.2489929,13.6738005,2.0647199,0.3387,0.317571,0.394128,0.671452,0,0.61697,0.900412,0,0.111139,0.26156,1,0,0.722714,1,0.164035,-3109609.069,2018835.243
517,0,80.8710022,0,3,5.3964601,272.2650146,0.486979,2,554.5269775,9.6989403,110.3030014,0.418792,0.288808,0.314445,0.425322,0,0.484444,0.780403,0,0.0590872,0.173481,2,0,0.668016,1,0.180972,-3331352.611,1935619.546
518,0,68.9929962,0,5,8.3969498,544.5510254,0.486686,4,310.2470093,9.3477097,278.3439941,0.510724,0.31272,0.372992,0.231083,0,0.591255,0.817785,0,0.293849,0.224507,1,2,0.732433,1,0.214226,-3854717.711,1681634.855
519,0,90.4977036,1001.609985,2,3.9343801,304.993988,0.505418,3,321.3380127,10.7849998,150.0659943,0.359965,0.426979,0.587054,0.737014,0,0.669766,0.888836,0,0.0886085,0.203449,0,1,0.71789,1,0.175401,-3497120.276,1918624.708
520,0,123.4420013,0,2,2.26566,161.1269989,0.559102,4,531.2540283,10.9678001,17.5051003,0.35593,0.195053,0.311646,0.560356,0,0.411152,0.924333,0,0.0458751,0.202534,2,0,0.666659,1,0.171453,-3438376.356,1969578.356
521,0,78.6716003,1009.77002,3,11.3516998,500.230011,0.49678,2,717.4890137,8.6737499,112.1399994,0.460531,0.352771,0.406357,0.155471,0,0.411488,0.584532,0,0.0853795,0.254114,1,0,0.704746,1,0.188129,-3377877.22,1913326.349
522,0,65.7558975,1002.479981,5,5.7973099,427.821991,0.49423,4,539.1409912,9.0055304,213.0870056,0.509226,0.375831,0.268852,0.0906757,0,0.541874,0.914152,0,0.279579,0.220677,2,2,0.718124,1,0.213755,-3735277.031,1694526.259
523,0,111.7109985,1438.5,2,9.9002199,487.302002,0.538489,4,665.0949707,10.1630001,334.7200012,0.468728,0.450221,0.354602,0.21118,0,0.48866,0.31881,1,0.105697,0.260987,1,3,0.707216,0,0.174803,-3631350.906,1832500.024
524,0,74.1219025,0,3,5.4773598,275.8640137,0.416778,4,160.7350006,12.8922997,153.6589966,0.302696,0.23315,0.168723,0.537245,0,0.491132,0.374707,1,0.0831972,0.300238,0,0,0.548024,0,0.198368,-3221694.581,2014182.491
525,0,69.3632965,1000.02002,3,3.59639,206.1190033,0.476975,4,147.5119934,10.7877998,168.026001,0.4572,0.299484,0.282533,0.5548,0,0.69162,0.921968,0,0.17178,0.209998,1,2,0.713035,1,0.214328,-3742959.356,1741477.736
526,0,70.9748001,0,5,5.1002698,442.7709961,0.456379,1,749.0859985,10.6506004,271.5140076,0.289263,0.106702,0.217578,0.479148,0,0.357638,0.771903,1,0.0853806,0.242178,1,0,0.56221,1,0.197885,-3188042.381,1959662.962
527,0,62.1907005,0,3,3.9754,352.4890137,0.47669,4,290.8450012,9.9186802,6.3049798,0.470084,0.359941,0.243648,0.332326,0,0.607812,0.856546,1,0.241622,0.269172,0,0,0.663492,1,0.223827,-3682528.702,1739687.597
528,0,73.5042038,0,3,5.4683299,425.6600037,0.486938,3,460.7999878,9.0403204,252.2669983,0.370307,0.307725,0.641177,0.358977,0,0.415133,0.495357,0,0.0706891,0.249005,2,0,0.672537,1,0.18687,-3526983.396,1893001.659
529,0,82.4949036,1440.420044,2,10.2151003,453.6600037,0.512395,4,813.5310059,8.8742104,46.5588989,0.443487,0.326295,0.308599,0.147901,0,0.406027,0.909738,0,0.0799814,0.227518,3,0,0.707623,1,0.184322,-3342540.052,1930475.815
530,0,76.4674988,4013.550049,4,1.47253,304.3880005,0.529779,1,739.526001,10.9438,323.6910095,0.395038,0.45276,0.254816,0.492094,0,0.623445,0.870084,0,0.124852,0.215959,1,0,0.717217,0,0.19649,-3253526.127,1960099.764
531,0,81.7348022,1432.390015,1,2.72932,449.1789856,0.45149,1,356.0369873,13.5264997,39.6711006,0.382725,0.313289,0.431444,0.538404,1,0.50197,0.588251,1,0.0641287,0.195964,2,0,0.670882,0,0.17856,-3094911.839,2011401.309
532,0,71.9316025,0,5,1.57021,596.9910278,0.443165,1,360.3359985,11.0948,260.0780029,0.3611,0.197759,0.253872,0.559622,1,0.364499,0.665164,0,0.0744087,0.319984,1,1,0.571439,1,0.189434,-3183423.307,1961823.034
533,0,87.6411972,0,3,1.41666,189.1439972,0.481941,2,277.4880066,10.1767998,95.3674011,0.372033,0.191328,0.457523,0.597079,1,0.4086,0.707416,2,0.0476085,0.114986,3,0,0.548929,1,0.171577,-3382524.804,1929905.313
534,0,77.8100967,0,5,3.51651,277.394989,0.520749,2,705.776001,7.5706601,290.4179993,0.498669,0.276585,0.670276,0.0521432,0,0.223746,0.224476,2,0.086042,0.369149,2,0,0.558224,0,0.200284,-3557903.098,1802131.832
535,0,65.0664978,1000.070007,5,1.00854,104.2969971,0.468291,4,253.4199982,10.6409998,227.7570038,0.449335,0.30241,0.272342,0.505416,0,0.672915,0.863285,0,0.133986,0.213311,5,0,0.711986,1,0.22745,-3725527.805,1749343.523
536,0,94.0927963,1072.219971,5,15.4440002,724.052002,0.560938,3,660.0170288,9.2986403,271.9169922,0.383457,0.491048,0.567427,0.425178,0,0.617138,0.931968,0,0.133221,0.124201,2,1,0.728194,0,0.168822,-3487777.255,1911317.904
537,0,96.8803024,1013.76001,2,5.4710202,350.4809875,0.526162,4,623.1640015,9.7055397,84.3912964,0.416063,0.474764,0.640616,0.328726,0,0.656563,0.826849,0,0.146327,0.277713,3,1,0.692843,1,0.196789,-3573543.02,1865670.147
538,0,73.2931976,0,5,1.82995,200.1840057,0.467552,4,56.8288002,10.9765997,81.0168991,0.452758,0.282852,0.275081,0.610838,1,0.699799,0.880573,0,0.191714,0.192288,0,1,0.706495,1,0.21052,-3750269.771,1743479.658
539,0,85.0568008,0,2,2.01635,246.5099945,0.494569,3,529.6199951,9.5867701,20.6191998,0.42864,0.560467,0.545562,0.213484,1,0.659476,0.584494,0,0.188739,0.369938,1,3,0.717454,0,0.195259,-3595231.234,1836813.008
540,0,84.8672028,1416.949951,2,5.1691899,414.1019897,0.487034,3,627.9899902,9.9262695,158.8320007,0.431588,0.531352,0.527989,0.236827,0,0.666815,0.897596,0,0.211312,0.288311,1,3,0.721331,0,0.194313,-3595982.766,1840117.352
541,0,92.7817993,1008.869995,2,11.1603003,596.3319702,0.51367,2,595.9500122,9.6233101,80.9140015,0.4239,0.43894,0.582924,0.493021,0,0.592146,0.911313,0,0.0836049,0.205921,1,0,0.729905,1,0.162287,-3503929.851,1910470.075
542,0,60.8111992,1026.290039,6,6.64078,476.6419983,0.399199,1,687.098999,9.4503498,194.0390015,0.504644,0.737477,0.0901053,0.120085,0,0.463085,0.876129,0,0.356146,0.198093,1,1,0.70113,0,0.208686,-3433771.338,1725162.864
543,0,69.6427002,2013.689941,3,5.2924199,346.6000061,0.47278,4,310.5270081,11.2553997,358.6180115,0.476751,0.47141,0.210247,0.550682,0,0.629475,0.71697,0,0.123994,0.420662,0,2,0.753189,0,0.205785,-3685080.773,1798107.985
544,0,78.552002,1016.539978,5,9.1413698,506.7219849,0.51237,2,712.072998,8.79739,209.9420013,0.442404,0.551911,0.419444,0.164304,0,0.512635,0.8848,0,0.137079,0.227926,3,0,0.748413,1,0.187782,-3396252.707,1916179.141
545,0,66.5954971,0,3,3.7427101,168.5200043,0.47617,4,389.526001,9.7624598,86.6857986,0.479172,0.317878,0.291703,0.280432,0,0.612754,0.935912,0,0.202488,0.362231,1,3,0.702031,1,0.214309,-3726366.589,1715582.595
546,0,98.764801,1000,3,0.318812,49.4127998,0.498764,4,107.9199982,13.2979002,116.9919968,0.321977,0.295352,0.340547,0.633593,0,0.608415,0.848475,0,0.0679599,0.160276,5,0,0.659783,1,0.189103,-3364196.361,1991345.326
547,0,79.9665985,1001.559998,4,11.3142996,520.5460205,0.460584,4,366.0190125,9.8667202,225.6699982,0.411424,0.50179,0.671308,0.521978,0,0.614197,0.727228,0,0.146943,0.150318,3,1,0.729927,1,0.180618,-3507126.195,1894684.232
548,0,92.0770035,2000.630005,1,8.06106,388.5889893,0.578898,1,738.6519775,9.7708302,124.0830002,0.433399,0.27563,0.259005,0.27547,0,0.454,0.914424,0,0.0690844,0.229496,2,0,0.723403,0,0.166488,-3335853.847,1948664.107
549,0,79.8956985,0,5,3.4883499,282.5109863,0.469898,4,49.6703987,11.2622004,282.8330078,0.419848,0.277612,0.246063,0.652932,1,0.715701,0.938094,0,0.178236,0.231902,0,0,0.72434,1,0.207393,-3757719.558,1749848.37
550,0,99.007103,2868.48999,3,9.3310299,516.9760132,0.524868,4,699.7520142,10.6368999,259.4979858,0.403978,0.258219,0.399258,0.432629,0,0.501608,0.912359,0,0.0698507,0.134851,3,0,0.707921,1,0.170728,-3380284.871,1946237.304
551,0,59.9300995,1015.570007,6,9.8120804,433.7309875,0.391884,2,540.0349731,9.9478197,218.1150055,0.461225,0.482494,0.533947,0.210504,0,0.431265,0.747633,0,0.309642,0.214136,0,1,0.55816,1,0.220863,-3317531.149,1857255.416
552,0,80.4721985,1001.539978,8,8.0939503,547.4949951,0.51657,4,738.6459961,8.7122898,13.1386995,0.444245,0.327643,0.270138,0.159881,0,0.414795,0.924453,0,0.0782444,0.288793,2,0,0.706979,1,0.185511,-3333468.264,1931039.935
553,0,77.0073013,1000.77002,3,3.52388,208.5820007,0.466941,4,190.9329987,11.1356001,30.8253002,0.349186,0.143267,0.298089,0.626294,0,0.540654,0.921714,0,0.153238,0.227098,0,1,0.676939,1,0.212648,-3763305.102,1740355.613
554,0,89.8992004,1000.390015,3,3.9040301,259.9899902,0.528422,2,789.9710083,8.4599304,255.5449982,0.443398,0.317304,0.316572,0.128505,0,0.413319,0.896233,0,0.0537031,0.440428,3,0,0.688997,1,0.191175,-3363516.293,1929321.859
555,0,65.2435989,1007.26001,5,11.0537004,558.6370239,0.438413,1,563.7390137,9.0272598,256.7049866,0.516778,0.729698,0.133885,0.0805517,0,0.42661,0.86275,0,0.342115,0.239128,1,1,0.707346,0,0.204808,-3427993.014,1723043.91
556,0,66.5636978,0,3,8.5145903,587.5079956,0.419185,2,843.6459961,7.8247099,112.9520035,0.476202,0.61172,0.620977,0.109479,0,0.464447,0.737847,0,0.154951,0.482927,1,0,0.729462,0,0.220058,-3480412.733,1872633.152
557,0,102.3410034,4251.040039,3,1.3267601,237.4179993,0.550627,1,517.8189697,12.1077003,83.4075012,0.183447,0.128199,0.263031,0.650441,0,0.490376,0.771782,0,0.0553811,0.191756,4,0,0.639753,0,0.174964,-3287856.713,1992015.601
558,0,91.3445969,2020.51001,2,6.97296,360.8529968,0.516654,4,637.75,10.0167999,75.4884033,0.418888,0.274248,0.423058,0.429703,0,0.508418,0.923702,0,0.0569067,0.179043,3,0,0.688695,1,0.184029,-3384598.174,1935909.827
559,0,72.6883011,2000.540039,5,5.70116,529.8530273,0.456299,1,408.82901,11.3493004,254.4230042,0.469763,0.30565,0.245237,0.649943,0,0.451739,0.834368,1,0.0834778,0.229419,1,1,0.678635,1,0.191168,-3176978.464,1963825.206
560,0,64.3443985,2442.860107,3,4.16856,263.197998,0.452934,4,498.8659973,10.2009001,338.0539856,0.492724,0.365363,0.257825,0.385155,0,0.55954,0.925739,0,0.303598,0.301562,1,3,0.723154,1,0.206661,-3683137.767,1754851.226
561,0,90.5766983,0,3,4.65166,243.7160034,0.540402,4,770.3859863,9.0453997,71.5839996,0.40324,0.260032,0.393132,0.167921,0,0.447497,0.908943,0,0.0498644,0.346396,2,0,0.6752,1,0.187185,-3418325.502,1936574.503
562,0,64.0888977,1002.080017,3,1.70661,180.3650055,0.478796,4,436.8139954,9.9747295,110.5950012,0.474308,0.328491,0.250922,0.334281,0,0.613077,0.924707,0,0.175846,0.255652,2,2,0.71466,1,0.230869,-3687221.138,1744277.996
563,0,84.5719986,2011.109985,1,11.1696997,466.5480042,0.516116,1,828.1560059,10.8636999,224.4960022,0.497354,0.334377,0.197758,0.349214,0,0.395002,0.817795,0,0.117379,0.260654,2,1,0.729419,0,0.169457,-3185872.767,1967824.315
564,0,70.6910019,1416.099976,3,6.0100298,613.789978,0.440457,1,727.5999756,8.2244701,163.4049988,0.46088,0.453335,0.292982,0.117617,0,0.409191,0.893762,0,0.204656,0.481347,0,1,0.679902,0,0.212157,-3320652.66,1911082.302
565,0,76.305603,1031.579956,5,7.29597,507.5020142,0.441763,3,833.4039917,9.2841797,92.8600006,0.421136,0.521255,0.481424,0.210307,0,0.530425,0.732795,0,0.115028,0.280927,2,0,0.719273,1,0.197873,-3415179.983,1916764.895
566,0,74.8610001,0,2,3.4495201,700.9589844,0.511242,4,610.2219849,8.1581802,148.727005,0.484869,0.625462,0.663953,0.0423121,0,0.568384,0.920896,0,0.268618,0.276801,0,1,0.752829,0,0.197396,-3572442.305,1816630.315
567,0,93.1272964,3415.939941,3,6.7018099,592.5150146,0.523083,1,789.5120239,10.7405005,281.1359863,0.334595,0.161505,0.211041,0.317853,0,0.380869,0.738801,0,0.116484,0.242293,2,0,0.68467,0,0.176103,-3197836.508,1969853.01
568,0,59.4715004,1000.02002,3,5.3302102,268.4100037,0.428053,4,268.6220093,9.7097597,237.4190063,0.481774,0.393786,0.207151,0.232088,0,0.588274,0.743383,0,0.257859,0.255987,0,0,0.591325,1,0.23319,-3673186.893,1722933.62
569,0,87.0335999,1001.840027,3,3.4115801,361.6119995,0.531787,1,676.7620239,10.3500004,316.5220032,0.428643,0.280709,0.188332,0.407155,0,0.44932,0.680936,2,0.0908866,0.27566,2,0,0.686929,1,0.185219,-3212709.465,1969729.22
570,0,70.3108978,0,5,3.9226201,192.8240051,0.511593,3,300.3420105,12.0695,7.1981802,0.356676,0.330655,0.287615,0.549906,1,0.52837,0.690266,0,0.126564,0.16007,1,1,0.666514,0,0.196379,-3113451.502,1970470.179
571,0,71.6107025,0,3,1.0887901,90.8655014,0.455882,4,216.0859985,12.7117996,16.9505005,0.369276,0.324148,0.311056,0.486396,1,0.510932,0.781317,2,0.0799854,0.255956,1,1,0.63665,1,0.202438,-3115956.951,1980028.129
572,0,67.0326004,1000.440002,3,2.9808199,309.4960022,0.503833,4,488.1940002,9.4887695,102.973999,0.497472,0.326574,0.25551,0.184264,0,0.604621,0.924418,0,0.217632,0.292416,1,2,0.719583,1,0.218843,-3718368.955,1715660.025
573,0,83.8572998,1001.809998,3,3.4233201,246.5559998,0.477966,2,417.6279907,10.6750002,102.8059998,0.378936,0.234506,0.328082,0.660042,1,0.516567,0.663736,2,0.0422291,0.181037,2,0,0.654035,0,0.17273,-3326573.373,1944829.467
574,0,63.5983009,1001.469971,3,5.1574001,270.3080139,0.482448,4,333.9649963,9.9770899,158.6880035,0.468203,0.331769,0.254265,0.322785,0,0.612455,0.918759,0,0.189516,0.219812,2,2,0.711822,1,0.236247,-3690300.498,1743360.997
575,0,93.191803,0,2,3.9209599,383.6549988,0.525392,4,1050.189941,7.5995102,49.4929008,0.308478,0.131203,0.316299,0.0123154,0,0.252622,0.828444,0,0.0683123,0.678507,1,0,0.634719,0,0.208667,-3458268.807,1921488.407
576,0,67.3206024,1000.219971,3,3.71768,253.029007,0.485916,4,181.776001,10.7589998,242.0130005,0.462227,0.287828,0.270684,0.54223,0,0.689524,0.935974,0,0.192741,0.192908,3,0,0.722695,1,0.222184,-3716403.818,1768042.745
577,0,94.3992004,2457.669922,2,7.6800098,555.1710205,0.539908,3,471.9570007,9.9127302,223.6790009,0.39957,0.471119,0.582588,0.429684,0,0.616168,0.909764,0,0.137404,0.136081,2,1,0.733569,1,0.164381,-3490736.378,1913258.595
578,0,89.6043015,1000.01001,3,2.38253,140.2299957,0.475504,4,190.9219971,12.1955996,50.5668983,0.309063,0.315237,0.36545,0.524587,1,0.553972,0.855153,2,0.093087,0.306759,1,0,0.630621,0,0.190595,-3289556.081,1967621.395
579,0,60.8534012,0,3,1.15244,172.1790009,0.454851,4,230.8769989,10.2447996,38.4476013,0.444427,0.331623,0.292904,0.378907,0,0.60977,0.320067,0,0.150774,0.335424,2,2,0.676205,1,0.234006,-3718693.189,1729562.604
580,0,94.6691971,3018.040039,3,8.0239496,423.230011,0.535368,4,387.447998,13.3156004,247.5910034,0.336711,0.323453,0.301784,0.652864,0,0.576974,0.860457,0,0.126247,0.181371,1,0,0.711563,1,0.171758,-3135986.979,2017434.256
581,0,86.0426025,1415.859985,2,5.8450098,551.4589844,0.478843,4,779.5040283,8.1979799,349.4110107,0.531806,0.478402,0.514581,0.0333053,0,0.525767,0.714758,1,0.0996951,0.420796,1,1,0.682154,0,0.19684,-3608467.347,1809883.416
582,0,119.473999,1002.659973,1,5.1909399,279.3080139,0.57883,4,418.6300049,10.2922001,92.3971024,0.410132,0.2629,0.247128,0.383503,0,0.623281,0.901939,0,0.165939,0.271229,4,2,0.683355,1,0.179504,-3642827.133,1813777.819
583,0,69.8626022,2043.459961,5,3.1312101,723.3239746,0.438047,1,830.5230103,9.4451199,327.8309937,0.415393,0.636487,0.614639,0.0789148,0,0.271124,0.801254,0,0.256989,0.40649,2,3,0.547466,0,0.214737,-3509018.444,1606309.493
584,0,91.7684021,2001.25,2,7.4492002,463.5409851,0.548441,1,408.0239868,10.9615002,140.5850067,0.379885,0.27932,0.328339,0.605036,0,0.503038,0.836022,0,0.150504,0.165219,2,0,0.682133,1,0.166138,-3335038.337,1954359.922
585,0,96.2182999,0,3,2.0790501,244.8580017,0.492535,4,208.8220062,11.5487003,119.3639984,0.288708,0.210009,0.371308,0.710698,1,0.579287,0.920056,0,0.0380341,0.122772,2,0,0.636794,0,0.183615,-3394616.98,1956218.394
586,0,86.3852997,3443.939941,3,2.4813499,565.664978,0.518524,4,485.1870117,12.4383001,219.7259979,0.333473,0.267901,0.401907,0.69611,0,0.545436,0.8165,1,0.0839331,0.205168,4,1,0.668006,0,0.189223,-3314133.39,1979858.456
587,0,65.5255966,1003.650024,3,2.20767,221.9880066,0.463001,4,397.7820129,10.0846004,133.6829987,0.464573,0.315582,0.304293,0.331821,0,0.620619,0.811497,0,0.162556,0.3665,2,1,0.683009,1,0.228849,-3727260.622,1721365.99
588,0,99.4545975,0,5,1.68049,330.6849976,0.479211,4,775.9379883,8.2294703,69.6088028,0.498515,0.346773,0.142582,0.0341064,0,0.624153,0.563427,0,0.210699,0.640511,1,2,0.723935,1,0.202906,-3784074.514,1684415.837
589,0,64.3942032,1007.419983,3,8.9295597,399.9159851,0.466273,4,519.8880005,9.2662497,80.0550995,0.50421,0.353397,0.199297,0.140594,0,0.569932,0.9263,0,0.289861,0.449686,0,2,0.680632,1,0.22813,-3681516.783,1720199.822
590,0,75.5283966,0,5,3.84571,492.6700134,0.476751,4,39.4418983,11.0840998,86.2278976,0.454695,0.28558,0.247973,0.622608,0,0.705363,0.882752,0,0.188438,0.172176,1,1,0.720964,1,0.209947,-3750925.493,1749586.15
591,0,68.1015015,0,5,1.55852,116.6719971,0.4595,2,507.3770142,11.7067003,265.2730103,0.464368,0.255132,0.26394,0.628797,0,0.349495,0.722341,0,0.0586147,0.328308,1,0,0.615467,0,0.201922,-3115137.004,1959970.401
592,0,131.923996,0,2,1.56165,208.7960052,0.572058,4,573.6040039,10.4491997,305.7030029,0.34445,0.189402,0.345132,0.415572,0,0.339364,0.89859,1,0.0486134,0.271476,2,1,0.647332,0,0.170088,-3447086.804,1964015.963
593,0,119.7149963,0,1,2.67116,293.29599,0.568013,1,357.8909912,10.6459999,196.9369965,0.388783,0.243746,0.220084,0.47439,0,0.626281,0.88069,0,0.153968,0.263519,4,2,0.669193,0,0.176157,-3643843.348,1819040.918
594,0,100.0820007,2003.540039,3,1.78929,137.8179932,0.508822,4,237.1999969,12.9337997,244.5359955,0.329969,0.287302,0.33249,0.694891,0,0.619276,0.923419,0,0.0858162,0.132358,4,0,0.684633,1,0.183248,-3356338.51,1990870.417
595,0,55.8456001,1000.090027,3,0.922014,138.4989929,0.458735,4,306.1489868,10.2765999,97.1227036,0.438352,0.345692,0.28574,0.38995,0,0.597427,0.905074,0,0.145222,0.316492,4,2,0.676204,1,0.232155,-3708001.513,1735354.396
596,0,95.631897,0,2,5.1953301,387.5180054,0.556744,4,83.8695984,11.8577995,170.003006,0.473366,0.329241,-0.0037362,0.745959,0,0.641655,0.672607,0,0.304903,0.272823,0,0,0.784411,0,0.182719,-3740978.275,1790844.569
597,0,99.976799,0,2,5.5082598,401.0960083,0.528011,4,879.0499878,8.6178904,12.5462999,0.482441,0.53158,0.512385,0.0270661,0,0.651528,0.902125,0,0.230211,0.459789,1,2,0.728794,0,0.191689,-3608762.763,1830108.322
598,0,77.6605988,3831.100098,2,5.7112002,280.7890015,0.446255,4,294.7349854,10.8682003,106.2030029,0.499225,0.475236,0.117497,0.571136,1,0.652598,0.716802,2,0.144794,0.518776,0,2,0.789394,0,0.200405,-3666677.143,1790845.799
599,0,86.2080002,1000.229981,3,3.9491799,263.1369934,0.533484,2,540.2020264,9.94734,33.6186981,0.38991,0.262435,0.286883,0.563794,0,0.521518,0.926386,0,0.0508974,0.148962,2,0,0.683005,1,0.177641,-3331846.534,1944129.735
600,0,77.563797,0,3,1.19921,160.2350006,0.524067,4,411.1990051,9.8205795,38.8381996,0.463041,0.309625,0.325859,0.266407,0,0.632908,0.932929,0,0.169388,0.245009,1,2,0.702842,1,0.207635,-3752008.617,1715541.614
601,0,73.0045013,1001.98999,4,4.1348701,193.8950043,0.477674,4,961.4039917,8.1040401,28.0527992,0.444215,0.546241,0.380506,0.0643623,0,0.470635,0.935366,0,0.0760517,0.447989,1,0,0.760999,1,0.224946,-3427741.463,1907939.68
602,0,62.9146996,1000.159973,5,10.4489002,481.5849915,0.460627,4,400.6830139,8.9005604,207.1430054,0.51348,0.398027,0.262567,0.071977,0,0.524322,0.891999,0,0.294341,0.266142,0,2,0.635701,1,0.21722,-3733220.16,1688957.8
603,0,70.1182022,1421.949951,2,12.0654001,632.0209961,0.462295,4,962.9899902,8.3269997,62.4502983,0.452409,0.576827,0.691399,0.117243,0,0.499301,0.833906,0,0.166711,0.323824,0,2,0.767651,1,0.194171,-3527644.99,1878846.399
604,0,86.2126007,1000.200012,2,6.3987398,464.1700134,0.482823,4,692.9030151,8.39118,25.1567993,0.265521,0.119714,0.405322,0.141948,0,0.407607,0.612897,0,0.086113,0.371937,2,0,0.511509,1,0.199426,-3450786.883,1922421.854
605,0,82.7711029,0,3,3.5200601,447.3670044,0.516397,4,558.53302,9.0370197,44.4972,0.457638,0.587816,0.613961,0.219484,0,0.628599,0.682681,0,0.245282,0.248834,1,1,0.727714,0,0.191588,-3583942.869,1831145.535
606,0,85.2699966,1421.76001,5,5.9115601,294.7489929,0.43061,2,370.7529907,11.8722,100.697998,0.369587,0.25845,0.316733,0.622194,1,0.506461,0.474213,2,0.0727416,0.244566,2,0,0.634604,1,0.17869,-3205841.952,1977023.69
607,0,66.8143997,1005.109985,6,3.7279899,553.3270264,0.474276,4,569.65802,9.7437201,214.5659943,0.484224,0.312318,0.297369,0.260401,0,0.615501,0.941779,0,0.196134,0.382298,1,3,0.712892,1,0.215325,-3730581.441,1713715.054
608,0,98.319603,3415.879883,3,2.3982799,118.1880035,0.495783,4,132.798996,13.4095001,95.5606003,0.336604,0.308873,0.334201,0.685536,0,0.61583,0.925121,0,0.082936,0.130725,4,0,0.6843,1,0.187587,-3361239.987,1996574.22
609,0,78.4300995,2001.630005,3,5.4225702,252.5769958,0.480654,4,142.052002,11.9293003,254.3200073,0.430376,0.389973,0.171536,0.675444,1,0.61697,0.559813,2,0.0683839,0.345997,0,3,0.715687,0,0.197395,-3669950.87,1820310.591
610,0,56.8731995,0,5,4.3414402,261.1530151,0.417246,4,651.460022,9.2536898,168.9420013,0.497309,0.62842,0.324055,0.286633,0,0.522316,0.799497,1,0.258731,0.235753,0,1,0.699123,0,0.217992,-3278115.949,1889972.028
611,0,90.072403,1414.26001,3,0.43213,35.9924011,0.49843,1,528.6030273,10.8823996,24.6905003,0.368177,0.421963,0.169422,0.551286,0,0.582707,0.912305,0,0.0528103,0.359732,5,1,0.738145,0,0.195291,-3295815.59,1955249.256
612,0,73.6773987,1056.630005,3,9.5221796,918.4539795,0.449305,3,795.9869995,8.7010498,255.2539978,0.419573,0.561367,0.619482,0.327766,0,0.548079,0.690244,0,0.158534,0.241073,1,0,0.725972,1,0.198874,-3485023,1891577.403
613,0,63.8497009,2009.98999,3,1.88682,387.6839905,0.472434,4,671.3389893,9.3143501,183.7660065,0.49697,0.334595,0.205352,0.179287,0,0.569894,0.924635,0,0.222337,0.391709,0,2,0.684729,1,0.228618,-3680348.418,1724731.218
614,0,72.1036987,2471.639893,2,8.1835604,602.6890259,0.471776,3,948.9260254,8.8087797,332.9159851,0.403297,0.327515,0.652249,0.133461,0,0.380219,0.747151,0,0.0823221,0.293961,3,0,0.687141,1,0.1956,-3535367.583,1887197.703
615,0,65.4116974,0,3,0.723311,231.496994,0.468524,4,359.8900146,9.98382,195.5769958,0.473546,0.308762,0.310517,0.331527,0,0.618247,0.755098,0,0.179451,0.376678,1,3,0.702208,1,0.219516,-3731638.691,1716775.95
616,0,75.180603,0,5,3.2200601,486.5660095,0.472472,1,691.8790283,8.4406404,325.7520142,0.343994,0.282817,0.290054,0.0278915,0,0.286093,0.758159,1,0.186498,0.651712,0,1,0.482502,0,0.210363,-3571841.132,1684407.474
617,0,87.1664963,1008.880005,3,5.37499,322.6910095,0.49996,1,341.4429932,11.7007999,248.9570007,0.395621,0.273193,0.130724,0.670452,1,0.614188,0.551955,2,0.121907,0.367878,0,3,0.670541,0,0.185292,-3664185.234,1820800.194
618,0,77.6604996,1432.209961,1,2.38392,367.2529907,0.463337,4,520.7410278,9.5334101,3.5790601,0.526426,0.433807,0.448962,0.171198,0,0.464358,0.921466,0,0.318304,0.241092,1,2,0.742696,1,0.212236,-3825112.752,1674250.682
619,0,78.3514023,0,5,3.51806,821.6790161,0.504674,2,498.2829895,7.2923398,101.3840027,0.558071,0.598311,0.185381,0,0,0.628842,0.913473,0,0.331075,0.499368,1,0,0.678141,1,0.198892,-3830744.654,1648164.843
620,0,86.2321014,2007.160034,3,2.39201,355.9379883,0.483415,4,356.6809998,11.5258999,238.1329956,0.410857,0.282428,0.0217521,0.629426,1,0.561406,0.500448,2,0.0953167,0.352654,1,1,0.63857,0,0.185141,-3660337.793,1812670.584
621,0,92.5078964,0,3,2.1799099,279.8359985,0.53518,4,639.4359741,9.3557701,193.3410034,0.39548,0.249502,0.409833,0.237367,0,0.475385,0.883087,0,0.0474771,0.291146,2,0,0.672249,1,0.197487,-3420158.897,1940000.22
622,0,78.9248962,1002.01001,3,3.6217599,203.5549927,0.454236,4,129.8309937,11.4278002,215.6950073,0.346259,0.140684,0.277541,0.681828,0,0.557338,0.938506,0,0.163353,0.383137,0,0,0.69212,1,0.210013,-3767770.228,1746346.874
623,0,94.6121979,0,3,0.772614,245.3630066,0.510813,4,332.177002,10.8402996,307.1440125,0.383011,0.246293,0.420556,0.700938,0,0.554092,0.917456,0,0.0489904,0.134122,3,0,0.696335,1,0.176233,-3384195.172,1944596.181
624,0,76.114502,2024.069946,5,2.4115,351.6090088,0.452353,1,918.7399902,10.6350002,169.6580048,0.297444,0.123325,0.230803,0.298991,0,0.3381,0.652333,1,0.0876255,0.456145,1,0,0.652181,0,0.197297,-3191569.183,1959748.116
625,0,70.2410965,0,2,3.6435101,615.2630005,0.434516,4,456.197998,7.7952099,65.0661011,0.453442,0.594905,0.630451,0.191724,0,0.4895,0.503845,0,0.171122,0.417531,2,2,0.719784,0,0.207605,-3484443.187,1873094.501
626,0,78.6585999,0,3,2.5571401,328.7099915,0.475871,4,273.0490112,11.8993998,118.1100006,0.353513,0.295057,0.213063,0.7108,0,0.565843,0.850818,0,0.111994,0.135682,0,0,0.710319,1,0.164493,-3227501.728,1996967.237
627,0,82.5934982,1021.669983,3,7.9462199,588.2150269,0.463787,4,485.3460083,9.9171,242.9429932,0.493167,0.308741,0.438516,0.295307,0,0.604891,0.952443,0,0.25023,0.171335,0,2,0.702563,1,0.203531,-3826565.715,1691832.741
628,0,75.7004013,0,2,3.31776,269.7260132,0.485244,2,946.690979,7.8336401,60.6884003,0.470712,0.501944,0.326775,0.0610464,1,0.440578,0.585342,1,0.064212,0.705393,1,0,0.710652,0,0.229634,-3416549.824,1903281.366
629,0,96.3800964,0,3,4.0002999,353.8349915,0.523817,4,115.8560028,13.3773003,286.0069885,0.342837,0.366126,0.323369,0.638483,0,0.612956,0.790135,1,0.12339,0.126684,1,0,0.724359,0,0.169877,-3132679.963,2015718.643
630,0,76.7034988,2433.77002,3,9.1651001,433.8380127,0.492947,1,727.0620117,11.1248999,330.4670105,0.465935,0.316673,0.214762,0.639531,0,0.451564,0.776542,1,0.0935987,0.193006,1,1,0.711695,1,0.185216,-3179171.702,1966160.493
631,0,84.7975006,1001.630005,2,4.4053502,257.9460144,0.538371,1,895.5200195,9.2958803,78.0397034,0.4434,0.306947,0.273217,0.12211,0,0.401266,0.91785,0,0.0741028,0.201531,2,0,0.715664,1,0.172676,-3335972.567,1939054.705
632,0,57.7116013,2005.869995,6,5.5268698,373.9330139,0.379592,1,580.3779907,9.5655203,226.5350037,0.469786,0.539769,-0.0090595,0.149034,0,0.440664,0.76019,0,0.35942,0.257434,1,0,0.564836,0,0.223573,-3519261.879,1750135.544
633,0,82.0338974,0,3,3.3156099,190.8880005,0.412162,4,190.5330048,10.9046001,102.1320038,0.494786,0.349188,0.095094,0.59502,1,0.500326,0.320174,0,0.0793586,0.376672,0,0,0.662275,0,0.199649,-3662234.1,1792586.784
634,0,59.8857002,3024.280029,3,2.7867701,481.5419922,0.422408,4,620.0310059,9.5414,34.7056999,0.493115,0.368761,0.191616,0.20425,0,0.558246,0.805686,0,0.24506,0.389304,0,0,0.630427,1,0.232745,-3671985.229,1717022.27
635,0,64.6423035,1426.560059,3,5.4675398,280.3519897,0.509009,4,526.3480225,9.4399405,317.2619934,0.495212,0.321862,0.221354,0.210827,0,0.597092,0.922162,0,0.235696,0.283659,0,2,0.702891,1,0.225543,-3691185.122,1728866.402
636,0,79.7474976,0,5,2.72542,777.3619995,0.485186,4,84.7656021,9.4407797,235.6649933,0.532086,0.341181,0.389147,0.117965,0,0.577655,0.903479,0,0.385764,0.24994,4,3,0.654469,0,0.199758,-3912181.456,1662965.494
637,0,83.2613983,0,1,2.2176001,204.4790039,0.496394,4,383.2390137,9.5165901,66.1584015,0.365946,0.487732,0.612807,0.370241,0,0.590218,0.550786,0,0.0566144,0.137527,2,0,0.708735,1,0.166593,-3528514.497,1902145.192
638,0,78.0440979,1010.580017,3,1.88933,350.0570068,0.498636,4,284.8649902,11.1317997,240.496994,0.454964,0.267526,0.170842,0.545778,0,0.720181,0.88448,0,0.149365,0.405491,3,0,0.710686,0,0.213288,-3735246.093,1770987.853
639,0,59.338501,1416.25,3,1.26375,171.2709961,0.453346,4,301.1119995,10.3945999,19.5408993,0.433419,0.338039,0.298629,0.385715,0,0.606834,0.673759,0,0.130075,0.293919,4,2,0.672167,1,0.235683,-3720786.158,1732593.73
640,0,71.0835037,2007.660034,3,0.259555,347.8739929,0.387143,2,296.1589966,13.2118998,191.1159973,0.309986,0.327623,0.393708,0.411177,1,0.417141,0.440436,2,0.0622825,0.335986,0,0,0.521579,0,0.202203,-3104373.88,1989810.334
641,0,62.2438011,1004.52002,6,10.9182997,472.098999,0.405115,2,540.789978,9.4197598,312.5289917,0.460095,0.522317,0.500543,0.237641,0,0.448495,0.907624,0,0.282403,0.220933,0,1,0.546379,1,0.221524,-3322221.412,1858726.786
642,0,92.8798981,0,6,3.81563,555.4320068,0.502877,4,282.9700012,9.7536497,45.6851997,0.455798,0.309563,0.374171,0.28567,0,0.634397,0.641581,0,0.182516,0.288973,0,1,0.685057,1,0.188107,-3766798.965,1705771.023
643,0,62.8717995,1003.859985,5,5.81142,255.1640015,0.41195,4,375.8999939,11.4003,89.0686035,0.4729,0.306816,0.283686,0.493762,1,0.413917,0.514344,2,0.0687654,0.303641,1,2,0.576981,0,0.205178,-3174351.769,1953715.574
644,0,73.9745026,0,5,2.6804399,229.2680054,0.50524,4,806.5269775,8.2181797,16.9188995,0.522079,0.345775,0.163252,0.0350487,0,0.588843,0.870982,0,0.210808,0.440175,2,4,0.717249,1,0.218093,-3747736.559,1688927.449
645,0,76.9709015,1027.569946,2,12.8952999,552.8909912,0.50837,1,814.1259766,8.8081999,69.370903,0.451638,0.338866,0.255043,0.156004,1,0.422069,0.798896,2,0.0881249,0.310124,1,0,0.715099,1,0.181353,-3322632.274,1930273.342
646,0,69.6832962,1006.26001,3,9.2866001,447.2690125,0.433336,3,556.9140015,9.2979202,288.7030029,0.380951,0.295239,0.696703,0.408554,0,0.403115,0.4736,0,0.0678726,0.259607,1,2,0.637909,1,0.188726,-3533215.717,1882742.282
647,0,73.4950027,1421.479981,3,2.32657,265.6319885,0.47451,4,268.4750061,10.8666,358.3250122,0.4607,0.28091,0.290178,0.571169,0,0.685126,0.737507,0,0.161824,0.245305,0,2,0.713212,1,0.21198,-3752195.75,1739211.693
648,0,73.658699,1000.48999,3,9.58144,531.5200195,0.434613,4,149.4490051,9.6683702,300.6470032,0.468008,0.20937,0.415478,0.354374,0,0.488264,0.282934,0,0.218719,0.181411,0,3,0.586834,1,0.204634,-3843243.294,1683685.492
649,0,61.5831985,1002.840027,3,8.3635197,405.6279907,0.43327,4,344.1889954,10.2356997,57.1805,0.456283,0.309632,0.254263,0.347949,0,0.617455,0.898744,0,0.27291,0.33189,1,3,0.64694,1,0.210912,-3678245.424,1753870.688
650,0,79.6268997,0,3,1.16382,208.9219971,0.498948,4,115.1589966,11.1578999,328.8309937,0.471468,0.242569,0.154737,0.569132,0,0.685923,0.893395,2,0.126423,0.385801,1,0,0.686798,0,0.211621,-3740249.826,1769326.359
651,0,90.455101,0,3,8.6560202,425.8429871,0.516984,4,400.7720032,9.9916401,333.4349976,0.400757,0.279539,0.427315,0.622788,0,0.544932,0.928409,0,0.0654242,0.134832,3,0,0.683827,1,0.177942,-3382095.951,1933889.816
652,0,95.8552017,0,3,3.5693901,281.9460144,0.502733,4,555.7310181,9.4831305,353.5740051,0.455315,0.328881,0.348622,0.165142,0,0.618889,0.888319,0,0.172064,0.331255,0,2,0.699214,1,0.190096,-3768160.633,1701817.906
653,0,71.3100967,0,5,4.8745899,408.2900085,0.479372,4,605.427002,8.0889797,275.9509888,0.497735,0.353944,0.673284,0.110242,1,0.301638,0.710994,2,0.185153,0.401896,0,0,0.580831,0,0.205868,-3552782.147,1802284.816
654,0,77.9337006,1416.329956,3,5.5035701,298.1400146,0.470449,1,627.8670044,10.4983997,217.2489929,0.407821,0.418272,0.297786,0.479433,1,0.477952,0.492392,2,0.104866,0.83729,2,0,0.648875,0,0.207201,-3230343.34,1960548.286
655,0,81.1043015,0,7,3.9581299,383.4249878,0.515408,4,717.2810059,8.2944002,177.7350006,0.511764,0.327577,0.166011,0.0314833,0,0.619708,0.95995,0,0.196609,0.539563,2,4,0.716334,1,0.220457,-3754775.749,1691824.798
656,0,97.5866013,1000.01001,3,4.0850701,355.5979919,0.502819,4,193.2619934,11.6386995,195.5090027,0.272245,0.198396,0.340453,0.69531,0,0.56179,0.81232,1,0.0384146,0.135437,2,0,0.617659,1,0.187241,-3399723.751,1960417.52
657,0,91.101799,2522.649902,1,12.5095997,828.5,0.512718,1,1029.300049,11.0380001,147.2140045,0.421045,0.287635,0.231317,0.28966,0,0.430031,0.808295,0,0.142617,0.18545,2,0,0.70608,0,0.168402,-3195043.738,1971751.754
658,0,62.644001,0,3,4.4810801,251.2089996,0.501739,4,440.4530029,9.6882601,134.7740021,0.483514,0.306857,0.240092,0.26466,0,0.595803,0.926108,0,0.216592,0.242174,2,2,0.705901,1,0.223982,-3696175.479,1731169.16
659,0,54.4262009,1000.789978,5,5.4962001,269.6099854,0.356481,4,388.6220093,10.5102997,24.2227001,0.426573,0.427698,-0.248571,0.108096,1,0.236807,0.419682,2,0.321623,0.648026,2,0,0.371771,0,0.241868,-3506594.96,1713040.866
660,0,71.6362991,2417.810059,3,4.6367602,225.1119995,0.435184,4,240.0359955,12.4407997,321.3569946,0.341569,0.356851,0.229312,0.53875,0,0.516384,0.798097,0,0.132897,0.394295,1,1,0.675936,0,0.203779,-3163392.142,1978231.027
661,0,88.5438995,2024.310059,3,3.6646199,520.3590088,0.493834,1,943.2009888,10.6134996,355.2940063,0.297306,0.122114,0.212942,0.373245,0,0.364143,0.766816,1,0.102416,0.395698,1,0,0.654298,0,0.196145,-3194582.111,1965005.304
662,0,80.792099,1000.119995,3,1.50204,181.4799957,0.48121,4,219.5579987,11.2136002,219.0559998,0.462097,0.273756,0.215573,0.648161,0,0.713299,0.930959,0,0.154042,0.237295,0,0,0.74034,1,0.209139,-3756760.931,1753883.808
663,0,115.9940033,1463.030029,1,15.1356001,786.7600098,0.550473,4,965.257019,9.0370998,110.4250031,0.433968,0.491413,0.456927,0.115786,0,0.468835,0.664891,0,0.162219,0.166113,3,0,0.742915,0,0.154371,-3479610.656,1925391.861
664,0,98.1781998,1414.959961,3,3.20784,169.0780029,0.538778,1,349.0610046,12.5942001,197.4279938,0.239888,0.283839,0.308091,0.647897,0,0.521907,0.912998,0,0.0525064,0.274435,2,0,0.602942,0,0.174583,-3260122.788,2009330.354
665,0,78.501503,1465.280029,3,10.7677002,735.1939697,0.497541,1,1272.369995,7.6799598,174.6799927,0.512827,0.396671,0.616939,0.0000198,0,0.575945,0.883246,0,0.117171,0.385001,0,2,0.700566,0,0.195395,-3582407.261,1794343.339
666,0,81.2754974,2415.649902,5,4.7423501,218.5720062,0.419397,4,206.3329926,12.3072004,48.4017982,0.281836,0.275192,0.279834,0.434512,1,0.41478,0.63352,2,0.0620627,0.266336,1,0,0.517682,0,0.189426,-3184044.274,1979222.466
667,0,78.5235977,1041.329956,4,5.2821598,531.2680054,0.47898,3,718.9130249,9.5919399,87.6276016,0.395644,0.300838,0.482049,0.344208,0,0.493659,0.914297,0,0.063412,0.19782,3,0,0.673364,1,0.183112,-3421297.107,1925826.679
668,0,73.1481018,1000.450012,4,7.1521602,422.6029968,0.432686,4,428.3059998,8.5323095,78.3732986,0.431991,0.601929,0.658957,0.338018,0,0.55957,0.862401,0,0.17476,0.301005,2,2,0.728916,0,0.198546,-3485291.239,1879300.027
669,0,56.9161987,2016.119995,1,6.73137,380.2810059,0.388088,4,571.7479858,10.1457996,95.9156036,0.496746,0.709538,0.0470128,0.155236,0,0.467941,0.771657,0,0.332345,0.392605,1,1,0.676107,0,0.216104,-3430403.467,1715480.746
670,0,64.8750992,0,3,1.7393301,161.322998,0.480478,4,287.5,9.9435997,166.8970032,0.459516,0.316336,0.277784,0.334531,1,0.60403,0.912573,2,0.163477,0.289303,4,2,0.683131,0,0.227125,-3715763.149,1724678.568
671,0,70.9490967,1009.080017,3,2.4779401,287.5369873,0.474327,4,255.3910065,10.7138996,169.8560028,0.458417,0.28761,0.299021,0.550143,0,0.686732,0.930683,0,0.157076,0.257358,0,2,0.709886,1,0.214402,-3747549.277,1736460.558
672,0,89.578598,3422.360107,3,2.5776899,282.6929932,0.565454,4,331.6170044,11.0579996,230.404007,0.471484,0.270746,0.106507,0.503177,0,0.699602,0.921178,0,0.172012,0.239366,6,0,0.761912,0,0.198784,-3740908.135,1778140.824
673,0,95.4281998,2007.530029,3,6.6967402,289.6149902,0.512735,4,389.6990051,11.1747999,30.7782001,0.319115,0.201718,0.354902,0.70807,0,0.555171,0.869812,0,0.042047,0.184364,2,0,0.650036,1,0.176432,-3410153.938,1959002.711
674,0,94.1063995,0,3,6.7727799,561.9910278,0.523653,4,822.0469971,8.2389097,256.1579895,0.270985,0.120724,0.358414,0.0738489,0,0.33087,0.912784,0,0.0820723,0.573628,1,1,0.585587,1,0.197398,-3449898.8,1927921.422
675,0,88.1904984,1002.969971,3,3.09061,388.7149963,0.511751,3,572.0789795,9.8080101,26.7679996,0.393962,0.494203,0.626196,0.449338,0,0.611202,0.920164,0,0.116777,0.11701,2,0,0.734551,1,0.175242,-3496237.861,1902915.71
676,0,91.5009995,3440.290039,1,5.39118,285.4630127,0.576919,2,871.5339966,10.066,297.3760071,0.443492,0.281063,0.255081,0.241519,0,0.439872,0.935071,0,0.0659895,0.221457,2,0,0.724978,0,0.16841,-3332780.518,1951463.829
677,0,84.2838974,1000.26001,3,2.1465099,124.4830017,0.498951,4,594.6450195,10.3355999,240.9290009,0.422557,0.400545,0.19851,0.405103,1,0.458686,0.559492,2,0.065703,0.294113,6,0,0.67947,1,0.202275,-3286460.447,1945099.691
678,0,88.6641998,0,3,7.1472001,548.5009766,0.502879,1,519.7509766,11.4324999,72.5124969,0.344444,0.266122,0.258109,0.701655,0,0.497051,0.81476,0,0.099097,0.155762,1,0,0.678445,1,0.180039,-3306852.499,1960829.606
679,0,79.6807022,0,3,7.6269498,401.5509949,0.427178,4,258.1380005,9.94736,315.3970032,0.490692,0.30859,0.452331,0.353247,0,0.637001,0.592961,0,0.255551,0.385285,0,2,0.718904,1,0.198194,-3828629.539,1685178.945
680,0,52.1982002,1000.01001,3,12.0529003,695.0739746,0.388531,4,312.7210083,7.3953199,329.0249939,0.602108,0.387823,0.208647,0,0,0.551242,0.746647,0,0.357679,0.399746,2,0,0.494696,0,0.246774,-4141164.775,1461090.854
681,0,64.7097015,0,3,1.37251,141.3410034,0.470272,4,217.1829987,10.7454004,96.8424988,0.451997,0.306137,0.29116,0.529093,0,0.683486,0.907786,0,0.157046,0.265438,3,0,0.688587,1,0.223239,-3715537.358,1761076.625
682,0,83.3945007,0,3,1.1462801,113.9720001,0.502687,2,596.8410034,9.8486605,147.8890076,0.42584,0.49695,0.198833,0.33627,0,0.546167,0.800524,0,0.0817698,0.265314,6,0,0.73179,0,0.1941,-3287545.804,1942161.355
683,0,66.1131973,1006.780029,3,1.31609,254.4140015,0.384811,2,470.2999878,12.0452995,187.5220032,0.476545,0.27474,0.350731,0.425353,0,0.309189,0.506704,2,0.0480403,0.343779,1,0,0.578131,0,0.209759,-3103529.766,1963487.401
684,0,97.9169998,2415.090088,3,1.3482,156.9909973,0.474432,4,135.1159973,11.7855997,50.2913017,0.462043,0.25257,0.22225,0.738298,0,0.701318,0.92528,0,0.158746,0.265323,2,1,0.755233,1,0.200805,-3775628.819,1759730.518
685,0,50.2472992,2001.780029,6,6.0245399,266.6220093,0.338884,1,381.4309998,10.3677998,107.8639984,0.421292,0.624041,-0.189781,0.120019,0,0.3553,0.672868,0,0.376265,0.337378,0,0,0.487134,0,0.237074,-3478123.11,1730005.114
686,0,70.3407974,0,5,3.4037299,346.2229919,0.444404,4,395.6380005,11.7301998,129.1880035,0.409123,0.334188,0.263509,0.534899,1,0.459571,0.580925,2,0.152865,1.18023,1,0,0.647299,0,0.203164,-3131778.801,1943377.123
687,0,95.8117981,0,1,4.64923,422.5610046,0.56081,4,799.8770142,8.24014,112.6900024,0.457442,0.372678,0.651183,0.0395015,0,0.346372,0.868471,0,0.0838422,0.432397,1,2,0.745165,0,0.20039,-3562836.419,1867142.065
688,0,74.8180008,0,3,2.9863801,295.9710083,0.465233,2,613.1890259,8.5710096,90.3135986,0.423291,0.556367,0.42687,0.234742,0,0.540782,0.887532,0,0.104204,0.387373,1,0,0.722766,1,0.21381,-3417333.914,1909784.571
689,0,99.4449005,1039.810059,1,9.1392002,767.9279785,0.548702,1,740.8460083,10.4856997,355.4830017,0.399848,0.242588,0.363046,0.549036,0,0.485893,0.635655,0,0.0620542,0.129236,4,0,0.712722,1,0.164561,-3354979.981,1945766.944
690,0,71.3664017,2419.889893,3,2.2476699,131.6130066,0.516671,1,538.559021,11.9742002,326.5509949,0.392965,0.297154,0.265109,0.640777,0,0.490466,0.895145,0,0.10789,0.245284,1,0,0.698775,1,0.189953,-3117812.511,1968260.49
691,0,102.3099976,0,1,2.8736,371.7149963,0.509662,4,468.1170044,9.4756899,16.2467995,0.458381,0.333348,0.404274,0.141677,0,0.585934,0.891655,0,0.189228,0.362335,1,1,0.695892,1,0.188602,-3794360.972,1695357.293
692,0,69.4253006,1031.089966,4,6.8466301,638.3519897,0.430609,3,577.190979,9.6812096,15.5908003,0.374028,0.294728,0.694755,0.450784,0,0.41227,0.753053,0,0.0585057,0.183162,2,0,0.643267,1,0.187831,-3530540.773,1885976.262
693,0,69.7720032,1000.01001,3,1.46571,96.1334991,0.481743,4,539.6619873,11.5326996,74.5512009,0.471424,0.309838,0.217005,0.622015,0,0.409621,0.704674,1,0.0623798,0.670133,1,0,0.694755,1,0.202482,-3119763.033,1957496.16
694,0,96.2417984,1006.969971,2,6.35181,310.2590027,0.538301,3,422.5239868,10.0127001,285.1619873,0.36466,0.456327,0.560572,0.600209,0,0.666131,0.931338,0,0.114039,0.209299,1,2,0.726373,1,0.165357,-3492057.257,1918341.422
695,0,57.6216011,0,5,2.8872199,244.3619995,0.382953,2,640.1829834,9.1891403,204.6759949,0.464517,0.464652,0.309344,0.198769,0,0.411525,0.823995,2,0.214363,0.579466,0,0,0.531306,0,0.23696,-3272859.183,1900026.199
696,0,83.2796021,0,3,4.2849102,453.5650024,0.53805,1,850.947998,7.8504901,264.9289856,0.353233,0.355041,0.287324,0,0,0.397583,0.898108,0,0.263041,0.431333,1,1,0.66546,0,0.211139,-3585282.56,1696048.022
697,0,126.9779968,0,2,8.5848398,581.6489868,0.553475,3,621.2819824,10.2628002,124.5479965,0.350769,0.40463,0.475328,0.50936,0,0.605027,0.909073,0,0.0881188,0.324582,3,1,0.719871,0,0.157927,-3470730.193,1937663.582
698,0,60.2098007,0,3,5.0720701,235.7590027,0.412753,2,622.6500244,9.2690496,319.8389893,0.476746,0.47894,0.44498,0.265826,0,0.445461,0.867162,0,0.258508,0.278808,0,1,0.576447,0,0.225883,-3312177.737,1871570.353
699,0,79.9885025,0,4,6.2474999,475.6149902,0.465357,4,225.7570038,10.0039997,209.5839996,0.387271,0.466791,0.664962,0.603068,0,0.644611,0.865182,1,0.129727,0.166994,2,1,0.683302,1,0.17344,-3509264.866,1896955.855
700,0,93.5768967,0,1,1.62792,201.2940063,0.466978,4,65.5902023,12.6955004,124.2549973,0.308255,0.268765,0.164305,0.674222,1,0.574095,0.834336,2,0.0779325,0.247806,2,0,0.622317,0,0.187847,-3405723.082,1976911.795
701,0,87.379097,1414.51001,2,4.1078901,389.5710144,0.471479,4,249.7389984,10.7681999,105.560997,0.38162,0.43636,0.632654,0.714095,0,0.641275,0.898153,0,0.0576697,0.140227,1,0,0.714738,1,0.170123,-3498099.806,1907861.58
702,0,91.3606033,1000.780029,3,0.711251,150.2409973,0.56031,4,245.3480072,11.3996,213.2879944,0.466485,0.286164,0.0746035,0.621011,1,0.677832,0.848039,0,0.187588,0.235912,5,0,0.761307,1,0.196276,-3746882.07,1779364.537
703,0,108.2939987,1018.109985,3,2.6647301,435.4079895,0.509171,1,478.3460083,11.8396997,14.5271997,0.337102,0.247791,0.362782,0.686698,0,0.523555,0.920727,0,0.0951054,0.150205,4,0,0.660917,1,0.167366,-3363227.878,1964706.253
704,0,83.6460037,1000.619995,3,2.9560399,131.5330048,0.49459,4,352.0360107,11.6620998,129.1289978,0.355465,0.432323,0.289701,0.603105,1,0.660511,0.723384,2,0.0865825,0.271718,1,1,0.699668,0,0.198333,-3261021.149,1967552.877
705,0,72.3735962,1415.859985,3,1.74564,221.8370056,0.440783,4,171.2630005,12.7280998,26.1343994,0.310576,0.30739,0.220156,0.535,0,0.609139,0.475903,1,0.0953454,0.375527,1,0,0.616537,0,0.196381,-3228538.213,2009284.773
706,0,54.7523003,1000.77002,3,1.63301,160.2299957,0.451008,4,204.0630035,10.4316998,130.5679932,0.42398,0.362859,0.294593,0.369034,0,0.593121,0.831161,0,0.118323,0.354576,4,0,0.657278,1,0.236695,-3709921.009,1737913.912
707,0,88.0482025,1000.099976,2,1.67971,95.0457993,0.564667,2,674.3209839,10.3997002,76.7670975,0.42666,0.243274,0.208383,0.458469,0,0.477392,0.816428,0,0.0465537,0.195481,2,0,0.728658,1,0.173257,-3318916.731,1957433.199
708,0,94.6520996,1007.309998,3,4.3961,332.6019897,0.51682,4,476.4079895,10.9652004,245.2510071,0.385111,0.228482,0.39221,0.710363,0,0.555609,0.855512,0,0.0476235,0.22413,2,0,0.686738,1,0.183386,-3392601.013,1951218.412
709,0,89.168602,3440.100098,1,14.3443003,730.2849731,0.512101,1,716.7890015,10.8848,61.0047989,0.385524,0.255603,0.220423,0.358477,0,0.440585,0.839212,0,0.139369,0.252445,2,1,0.691407,0,0.15363,-3220645.126,1977946.672
710,0,93.3625031,1414.459961,2,1.58445,107.8450012,0.457979,4,60.1904984,13.0541,28.3624001,0.296615,0.285546,0.24216,0.590503,0,0.604704,0.733709,0,0.080447,0.188349,4,0,0.611506,1,0.195374,-3393012.846,1977569.052
711,0,75.6524963,1018.140015,3,6.5156598,469.5310059,0.430717,1,656.973999,9.5331297,130.6309967,0.443235,0.536402,0.543481,0.224847,1,0.614803,0.563112,2,0.20062,0.337227,1,2,0.673563,0,0.212644,-3589139.264,1822818.936
712,0,67.0988998,1001.280029,5,2.14605,205.7480011,0.471275,4,242.0269928,10.9443998,32.7120018,0.460489,0.294768,0.256381,0.527654,0,0.703837,0.866849,0,0.17789,0.438951,3,0,0.71918,1,0.222508,-3724009.177,1767110.355
713,0,68.0727997,0,5,5.2175398,441.302002,0.45762,4,137.1959991,9.5231895,220.5079956,0.503802,0.435653,0.423112,0.237923,0,0.510846,0.922428,0,0.365247,0.22796,0,1,0.737388,1,0.212327,-3844226.938,1675438.534
714,0,57.8604012,1001.969971,6,2.8162899,315.5809937,0.393982,1,591.5419922,9.4593401,258.9570007,0.502986,0.736114,0.077131,0.138657,0,0.480683,0.823562,0,0.334282,0.225855,0,0,0.686359,0,0.219783,-3438354.274,1729524.986
715,0,63.139801,1414.73999,3,1.75204,159.2189941,0.472677,4,369.6809998,10.0152998,64.719101,0.476749,0.333316,0.250343,0.36231,0,0.620408,0.893083,0,0.220484,0.296633,0,2,0.711538,1,0.226665,-3683480.67,1744124.112
716,0,79.3214035,1000.820007,3,8.2970695,469.5559998,0.489033,3,824.8480225,9.3495302,28.8040009,0.43333,0.346668,0.445328,0.270282,0,0.47707,0.885959,0,0.0909771,0.305164,2,0,0.692326,1,0.176477,-3389868.643,1920210.934
717,0,78.4281006,1000.01001,3,8.5736799,583.2780151,0.444998,3,367.6359863,9.5740404,198.4129944,0.42219,0.593477,0.549608,0.278166,0,0.634794,0.85146,1,0.253127,0.264676,1,2,0.702643,0,0.199311,-3587865.64,1825946.269
718,0,98.7303009,1000.039978,3,3.7448399,371.3179932,0.525854,4,317.7260132,11.1261997,155.125,0.343648,0.207353,0.365407,0.663428,0,0.560359,0.858162,0,0.0382513,0.190603,2,0,0.659968,0,0.181172,-3418698.664,1958808.094
719,0,67.0644989,0,3,1.37562,230.9830017,0.419408,2,290.8930054,12.0129995,115.2870026,0.468064,0.321833,0.317082,0.48676,1,0.421807,0.686019,2,0.075383,0.258091,1,0,0.640121,1,0.20557,-3111162.528,1963054.187
720,0,63.5259018,1003.969971,3,4.29808,271.6180115,0.422181,4,574.8359985,11.3703003,317.5599976,0.472708,0.332347,0.274836,0.522488,0,0.404949,0.647892,1,0.079012,0.441434,1,1,0.612255,0,0.216948,-3170165.622,1949874.529
721,0,89.5378036,1428.790039,6,14.8594999,757.8449707,0.500464,2,536.7789917,9.3163795,278.4909973,0.415742,0.465934,0.60091,0.396781,0,0.581458,0.910373,0,0.0888735,0.118115,2,0,0.710985,1,0.163505,-3505787.192,1902615.749
722,0,101.314003,1446.930054,3,4.5517802,569.1060181,0.552119,4,1011.25,9.0938797,350.1610107,0.39814,0.233153,0.376122,0.148212,0,0.334809,0.909364,0,0.0521095,0.384486,1,1,0.672514,1,0.181066,-3433116.568,1943209.285
723,0,77.2522964,0,3,2.6396899,209.5180054,0.470393,4,232.4219971,11.0132999,333.9549866,0.384282,0.187651,0.308667,0.600099,0,0.584073,0.939532,0,0.145383,0.218217,0,1,0.687713,1,0.214462,-3762606.305,1736711.068
724,0,68.2474976,1000,5,6.7049799,399.3829956,0.426416,2,1007.25,7.52389,6.5116801,0.526794,0.545843,0.642656,0.0619946,0,0.375501,0.833692,1,0.114088,0.62993,2,2,0.734647,0,0.223634,-3486609.577,1868237.26
725,0,74.0593033,3005.639893,1,5.23248,228.9019928,0.449358,4,229.8910065,13.0585003,107.2419968,0.27171,0.40103,0.182814,0.676938,0,0.504792,0.718881,0,0.0617514,0.225297,1,2,0.635561,0,0.201733,-3183813.151,2017754.133
726,0,94.0698013,2426.229981,3,2.42044,347.5109863,0.503642,4,302.1679993,12.8347998,181.279007,0.326333,0.279578,0.443746,0.703291,0,0.652751,0.919964,0,0.0654068,0.18863,3,0,0.68981,1,0.175764,-3322233.245,1991886.13
727,0,67.3733978,2021.040039,4,4.56392,343.0859985,0.43835,4,464.3389893,10.4568996,131.3569946,0.507898,0.469168,0.163053,0.307807,1,0.593235,0.528188,2,0.151635,0.323811,1,3,0.700096,0,0.218464,-3653804.044,1773986.257
728,0,91.6106033,2012.51001,3,3.5216899,445.5710144,0.505129,4,422.8800049,12.3009996,255.0540009,0.273969,0.314089,0.351533,0.568293,0,0.631812,0.532811,1,0.0769537,0.357314,1,1,0.60524,0,0.188012,-3270030.464,1982943.592
729,0,112.4909973,1000.640015,2,3.1653199,258.3120117,0.555452,1,346.4490051,10.6278,98.8792038,0.402146,0.261257,0.18493,0.486439,0,0.629535,0.676066,1,0.155952,0.283167,2,1,0.67855,0,0.1809,-3647153.45,1812876.731
730,0,84.8917999,1414.359985,3,4.58781,191.1150055,0.487348,2,325.5710144,11.5135002,230.6970062,0.35595,0.238431,0.336514,0.66962,0,0.517029,0.86259,0,0.0433665,0.163477,1,0,0.695193,1,0.1759,-3312518.079,1953842.371
731,0,88.9042969,1000.909973,4,4.6518302,255.3480072,0.522554,4,313.3429871,12.1168003,20.1984005,0.340817,0.382964,0.314523,0.661492,0,0.684747,0.89873,2,0.0870911,0.208776,1,2,0.68514,0,0.183145,-3260483.258,1986104.695
732,0,74.164299,1414.530029,4,2.0998099,216.2250061,0.488346,4,805.2869873,8.1256504,34.1856995,0.427464,0.539044,0.378519,0.11342,0,0.503639,0.90948,0,0.0886766,0.506709,1,0,0.720695,1,0.226118,-3423926.986,1906972.726
733,0,96.3859024,3415.320068,3,1.5822099,99.6959,0.461445,4,144.1199951,12.5832005,24.7723999,0.286723,0.288597,0.28885,0.674818,0,0.610342,0.849874,0,0.0789635,0.172715,3,0,0.629423,1,0.191016,-3393135.989,1970020.669
734,0,97.7689972,1015.140015,5,5.4486098,581.9500122,0.539167,1,1051.930054,9.9796801,203.6950073,0.387092,0.46222,0.174776,0.167308,1,0.605298,0.579054,2,0.126031,0.332337,2,0,0.709446,0,0.182416,-3226725.226,1966426.944
735,0,67.0171967,1418.869995,3,1.76456,155.9049988,0.471511,4,258.4190063,10.8508997,359.5759888,0.460111,0.292805,0.256992,0.537927,0,0.689115,0.909522,1,0.166332,0.326878,3,0,0.732437,1,0.224307,-3723260.64,1763720.769
736,0,98.9468994,0,3,1.36178,134.5859985,0.48731,4,258.473999,12.0651999,222.003006,0.297385,0.232615,0.249571,0.694768,0,0.563649,0.765755,2,0.0665806,0.248437,2,0,0.580783,0,0.188513,-3414547.631,1969702.682
737,0,66.4363022,1414.229981,1,2.40065,276.3909912,0.436921,4,332.4450073,11.9106998,69.6576996,0.461968,0.363043,0.322533,0.459501,1,0.465941,0.715036,2,0.0878283,0.469753,2,2,0.615833,0,0.212139,-3153754.514,1945053.709
738,0,89.7426987,0,5,2.67506,296.4230042,0.519093,4,584.1170044,9.1917295,78.1928024,0.468492,0.336841,0.298504,0.11271,0,0.606097,0.923757,0,0.18771,0.344998,1,2,0.7149,1,0.198164,-3761268.554,1700808.77
739,0,92.0401993,2044.439941,2,10.0965996,510.6260071,0.499809,3,505.9949951,11.1541996,96.4300003,0.368352,0.415365,0.567842,0.635711,0,0.630015,0.896795,1,0.107517,0.194384,1,1,0.723747,0,0.172558,-3498359.572,1923550.677
740,0,76.1695023,2861.229981,3,7.5977802,698.3880005,0.461316,1,1239.890015,8.09764,87.5727997,0.390777,0.432447,0.617044,0.0022095,0,0.583639,0.680693,1,0.177555,0.530318,1,2,0.655205,0,0.200902,-3588096.783,1806041.423
741,0,87.1853027,0,3,2.58055,232.4029999,0.522052,1,328.54599,11.4398003,124.6589966,0.347022,0.269108,0.326636,0.722647,0,0.522844,0.92946,0,0.108138,0.173794,2,0,0.676681,1,0.170998,-3325195.839,1961410.47
742,0,62.1535988,0,5,8.7492199,444.1390076,0.440893,4,450.1000061,8.4220695,33.6565018,0.524838,0.331034,0.395997,0.0028092,0,0.617902,0.826986,0,0.296691,0.360604,2,3,0.593722,1,0.215352,-3916090.664,1644215.149
743,0,123.723999,1018.099976,2,4.43397,419.8559875,0.585244,3,523.7449951,10.1410999,189.7180023,0.354199,0.403001,0.469397,0.542133,0,0.597277,0.814271,0,0.106392,0.219873,2,1,0.728081,0,0.158286,-3485381.986,1934970.523
744,0,79.2549973,2416.429932,5,7.3552198,548.6630249,0.504161,1,655.9910278,10.9973001,11.2439003,0.482218,0.316736,0.213722,0.543723,0,0.42588,0.849818,0,0.100021,0.202676,1,1,0.722404,1,0.179024,-3182902.707,1965909.075
745,0,71.9541016,2422.649902,2,3.6790199,207.9589996,0.503435,4,413.0610046,10.6239996,311.3059998,0.494742,0.353976,0.255572,0.520941,0,0.586425,0.814294,0,0.300711,0.21333,2,0,0.765269,1,0.207504,-3708317.369,1778460.867
746,0,66.8002014,2427.080078,3,4.1903601,206.8509979,0.451787,4,353.5369873,10.6135998,106.9860001,0.470236,0.290956,0.304981,0.526648,0,0.677595,0.919494,0,0.19525,0.305458,2,1,0.739186,1,0.219682,-3703667.391,1763403.741
747,0,66.7789993,1428.369995,3,6.9906998,309.6059875,0.387778,2,674.901001,8.9675798,32.0676003,0.499789,0.397812,0.387947,0.275494,0,0.327065,0.570857,2,0.14929,0.434777,1,1,0.570468,0,0.224311,-3319273.271,1900289.717
748,0,92.6406021,1441.709961,1,4.53933,625.6140137,0.549565,3,1030.670044,8.7302999,30.4330997,0.445819,0.569794,0.671882,0.0790728,0,0.608613,0.899356,0,0.198489,0.320848,5,2,0.741567,1,0.200586,-3567956.84,1860208.909
749,0,80.6166992,0,3,7.8074999,606.3079834,0.468434,4,498.0639954,8.8475599,271.7940063,0.375445,0.332283,0.655903,0.211223,0,0.378333,0.865883,0,0.0649043,0.364377,2,0,0.652716,1,0.208966,-3542214.737,1885042.46
750,0,90.535202,2418.860107,2,2.3308001,235.5839996,0.482353,4,222.4470062,12.9631004,4.2158699,0.153292,0.141624,0.488417,0.520051,0,0.548364,0.821999,1,0.0403792,0.304741,4,0,0.54979,0,0.186036,-3283789.272,2001478.631
751,0,79.8610992,1006.119995,4,8.9190102,527.4310303,0.485584,4,347.5799866,9.7217503,73.9722977,0.38406,0.492759,0.64225,0.491406,0,0.620602,0.678382,0,0.113391,0.248449,3,1,0.72605,1,0.176287,-3517451.373,1900460.082
752,0,81.8861008,1000.039978,4,8.7550402,448.7600098,0.480348,3,537.6359863,9.5548296,162.7850037,0.438187,0.579198,0.568959,0.32474,0,0.664065,0.908787,0,0.249673,0.204522,1,3,0.740605,0,0.193405,-3587544.516,1834268.592
753,0,96.5156021,0,3,0.735388,44.2330017,0.462245,4,66.8895035,12.9856005,28.2150993,0.337678,0.286515,0.0464898,0.659077,0,0.599554,0.449469,1,0.0804143,0.463097,2,0,0.63607,0,0.191737,-3411753.007,1984224.529
754,0,73.5485992,1005.570007,4,4.4194398,337.3479919,0.491272,4,1125.910034,7.4291301,327.0130005,0.478801,0.619194,0.68461,0.028145,0,0.459458,0.849716,0,0.120299,0.701215,1,2,0.797155,1,0.217737,-3516734.842,1871097.828
755,0,88.4208984,1054.660034,2,9.6388102,692.2210083,0.496103,1,1134.689941,8.1222696,275.6730042,0.460361,0.525685,0.536251,0.0136859,0,0.663056,0.561458,1,0.203943,0.481732,1,0,0.689088,0,0.20015,-3603737.258,1815263.106
756,0,84.8712006,1436.780029,2,4.3687,285.9219971,0.546071,3,988.5219727,8.2459497,335.6489868,0.452547,0.559838,0.517447,0.0668083,0,0.483002,0.906185,0,0.105097,0.320625,2,3,0.77444,1,0.207951,-3482381.911,1904554.375
757,0,80.4648972,1004.429993,3,3.6765201,244.5690002,0.473942,4,303.7369995,10.2608995,206.9409943,0.436703,0.494805,0.543512,0.560685,0,0.691481,0.555806,0,0.137078,0.214643,3,3,0.686309,1,0.18822,-3589831.96,1844907.164
758,0,78.4110031,0,4,7.3563199,903.6890259,0.542287,1,688.5939941,7.9081898,103.288002,0.462205,0.562366,0.30645,0.0698043,0,0.459226,0.900619,0,0.130537,0.388982,2,1,0.776766,1,0.19132,-3389180.568,1912918.291
759,0,80.7531967,2001.619995,5,4.25529,256.8959961,0.424519,1,282.677002,12.2463999,20.6226997,0.316264,0.261665,0.271777,0.489593,1,0.474269,0.530511,2,0.0736654,0.264896,2,1,0.591345,0,0.191898,-3181056.014,1977899.551
760,0,74.5606003,2002.459961,3,3.5374501,160.3840027,0.428482,4,184.8639984,12.7469997,180.1199951,0.266328,0.429689,0.238091,0.526268,0,0.457563,0.772046,0,0.0681548,0.606749,1,1,0.585978,0,0.207487,-3158878.836,1985285.396
761,0,66.0753021,0,5,0.60815,95.3621979,0.465379,1,307.9100037,10.2488003,191.9409943,0.410668,0.303093,0.301309,0.402692,0,0.648199,0.889151,0,0.124113,0.32089,1,3,0.700886,1,0.228495,-3734911.319,1728111.022
762,0,93.710701,1000.280029,2,5.2189898,388.4989929,0.491418,4,274.1239929,10.5914001,209.1089935,0.477656,0.400003,0.129366,0.501846,1,0.581266,0.90369,2,0.132265,0.410423,1,1,0.711439,0,0.194453,-3653843.142,1793031.223
763,0,74.8547974,0,3,3.8539,252.2369995,0.452432,4,324.5469971,9.3963604,336.2269897,0.38569,0.546444,0.686113,0.554637,0,0.586949,0.456421,1,0.117693,0.147632,3,2,0.732691,1,0.180589,-3512386.782,1885930.452
764,0,56.1486015,0,3,1.2338001,198.0820007,0.423197,4,307.3070068,9.7362099,71.3026962,0.481984,0.413196,0.173339,0.211517,0,0.562589,0.853119,0,0.248981,0.241119,0,0,0.563933,0,0.235624,-3664959.335,1711947.99
765,0,85.3710022,1414.829956,3,4.3369398,222.348999,0.473238,4,148.4779968,13.5458002,189.7859955,0.392128,0.374995,0.386911,0.583949,0,0.547928,0.805515,0,0.0788504,0.165811,2,0,0.718712,1,0.179555,-3130644.072,2012163.882
766,0,78.6501007,1438.839966,4,8.1363201,498.1700134,0.462951,3,609.5479736,9.4735203,166.0180054,0.413914,0.521843,0.476778,0.284932,0,0.562507,0.922206,0,0.144977,0.154423,3,0,0.735086,1,0.180142,-3411637.717,1922738.71
767,0,78.4248962,1007.190002,3,12.1309996,589.9879761,0.468112,4,236.0879974,9.6303596,279.0079956,0.489313,0.291876,0.409349,0.34614,0,0.620296,0.313709,0,0.25809,0.259865,0,3,0.701612,1,0.201464,-3836730.138,1687245.845
768,0,68.0044022,1425.540039,3,1.0481,335.1080017,0.463418,4,425.8120117,10.4067001,180.3639984,0.46453,0.317163,0.287247,0.469062,0,0.65612,0.921526,0,0.175959,0.222629,2,3,0.725857,1,0.230751,-3696504.308,1754047.249
769,0,82.5236969,0,5,3.0024099,413.3779907,0.517698,4,103.3970032,10.7669001,274.5580139,0.505406,0.221621,0.307452,0.310296,0,0.712857,0.908975,0,0.242049,0.276393,6,3,0.655964,1,0.189732,-3943716.425,1670783.389
770,0,67.8253021,1000.119995,3,0.920563,124.802002,0.49028,4,408.026001,12.0942001,320.6820068,0.389152,0.339405,0.259277,0.632849,0,0.493068,0.9135,0,0.105384,0.220368,1,0,0.708694,1,0.198513,-3134878.754,1960187.493
771,0,94.7117996,2420.810059,3,1.96996,387.0190125,0.519957,4,636.5579834,10.8320999,73.7984009,0.397162,0.231807,0.401456,0.554043,0,0.521168,0.918379,0,0.0481611,0.168218,2,0,0.698785,1,0.180727,-3400463.707,1949945.354
772,0,114.6159973,1001.099976,2,6.9588299,611.0269775,0.564751,3,254.8820038,10.5681,124.9309998,0.353454,0.409937,0.498518,0.67136,0,0.654881,0.923946,0,0.119387,0.166426,1,0,0.72495,0,0.158697,-3491039.191,1932260.552
773,0,64.6520996,1414.599976,3,3.3060701,222.348999,0.427923,4,352.526001,12.1183996,39.0079002,0.431216,0.346102,0.281985,0.537114,0,0.480781,0.737763,1,0.0809132,0.43192,1,1,0.629831,0,0.202898,-3161226.337,1957734.824
774,0,89.1253967,1002.229981,5,4.8854599,227.9259949,0.536647,4,767.0570068,9.0726805,72.1399002,0.405979,0.27306,0.394981,0.179375,0,0.440197,0.91866,0,0.0546578,0.274816,2,0,0.683535,1,0.180937,-3411140.713,1934642.659
775,0,105.776001,1000.119995,2,4.6550298,322.6929932,0.562151,4,763.0250244,9.09974,221.8289948,0.392672,0.232023,0.368144,0.129152,1,0.305212,0.927164,2,0.0549727,0.379676,1,1,0.665463,1,0.186724,-3437519.384,1945451.213
776,0,89.3902969,1419.819946,2,6.1365099,310.480011,0.545615,4,346.5920105,12.1035995,211.8150024,0.195052,0.154959,0.236761,0.680909,0,0.555681,0.795004,1,0.0849325,0.128265,1,0,0.654172,0,0.165834,-3247497.727,2001571.277
777,0,56.1016006,0,6,5.4632502,319.6040039,0.392715,4,575.2719727,9.7309599,226.8880005,0.458544,0.490075,0.3918,0.313049,0,0.433297,0.902551,0,0.312063,0.223151,0,1,0.616116,0,0.217719,-3289976.84,1883506.354
778,0,67.6219025,1416.680054,3,1.2191401,146.0800018,0.48564,4,359.67099,10.4477997,5.6686201,0.46678,0.289927,0.276449,0.4845,0,0.669237,0.909568,0,0.166347,0.29009,3,1,0.731498,1,0.221808,-3711182.283,1756884.163
779,0,86.4083023,3009.110107,3,2.0718501,158.973999,0.496701,1,356.4580078,11.9300003,112.802002,0.318657,0.267239,0.349012,0.704228,0,0.526474,0.917546,1,0.0792361,0.178513,2,0,0.659516,1,0.183704,-3311715.844,1964746.574
780,0,57.6437988,0,6,7.6090498,468.5920105,0.373348,4,451.4989929,8.8722496,95.9733963,0.46175,0.536914,0.1692,0.0846449,0,0.236068,0.737916,1,0.262604,0.494103,0,0,0.424358,0,0.240551,-3459499.649,1760108.215
781,0,93.2923965,0,3,3.37518,307.6730042,0.517524,4,423.7009888,11.3410997,35.2998009,0.390099,0.254375,0.222424,0.704625,1,0.532819,0.777579,1,0.0968569,0.20814,1,0,0.692302,1,0.168164,-3227400.304,1986396.863
782,0,93.2384033,1008.169983,3,6.6417699,283.5310059,0.497787,4,300.276001,11.3320999,55.3904991,0.43189,0.446455,0.0476467,0.610211,1,0.663329,0.146298,2,0.086918,0.329241,1,1,0.748476,0,0.179464,-3656509.489,1812243.642
783,0,111.9160004,1418.800049,2,2.8171899,207.2830048,0.53467,4,388.5979919,11.8984003,48.3381996,0.345154,0.193815,0.226874,0.693345,0,0.537562,0.916672,0,0.0403307,0.172961,1,0,0.673237,0,0.167595,-3430489.272,1974467.085
784,0,72.5880966,0,5,2.60989,856.5839844,0.450138,4,391.7309875,9.1394196,175.3339996,0.3751,0.306334,0.683607,0.297329,0,0.376628,0.700066,0,0.0662652,0.278755,3,0,0.668272,1,0.194712,-3536298.71,1883845.78
785,0,63.3316994,0,3,3.4588101,393.8569946,0.43827,4,212.697998,9.2881098,120.427002,0.45766,0.334032,0.185309,0.148935,1,0.453829,0.779986,2,0.249001,0.233701,0,0,0.453915,0,0.216459,-3676503.385,1705187.731
786,0,92.4147034,3431.689941,1,3.9044001,245.3690033,0.583408,4,557.9710083,11.6717997,129.9230042,0.360722,0.395384,0.209042,0.551751,0,0.674883,0.930838,0,0.0975053,0.188123,1,2,0.713703,0,0.177506,-3254441.19,1989807.146
787,0,84.4695969,1000.090027,2,1.39691,89.1080017,0.475562,4,126.4260025,12.6073999,287.1589966,0.278937,0.295871,0.451665,0.542576,1,0.568993,0.756867,2,0.0725789,0.232498,5,0,0.604918,1,0.195598,-3321676.529,1973989.664
788,0,83.1371994,2420.800049,5,10.5198002,526.0390015,0.538811,1,380.4179993,12.2959003,308.480011,0.184077,0.145227,0.205243,0.699215,0,0.562783,0.912385,0,0.0769847,0.199982,1,0,0.634302,0,0.173057,-3238690.717,2008325.919
789,0,81.5902023,2422.179932,3,2.2310901,448.7749939,0.547451,4,1200.709961,8.2239103,90.6701965,0.472096,0.335422,0.266113,0.0434015,0,0.35839,0.906492,0,0.067355,0.372619,2,0,0.742657,1,0.192217,-3339780.999,1927639.766
790,0,128.352005,1416.319946,2,13.8162003,588.9539795,0.565075,4,470.0169983,10.7498999,206.6390076,0.409556,0.254447,0.239343,0.426013,0,0.623984,0.783243,0,0.212834,0.147982,4,2,0.688181,0,0.156851,-3645194.435,1825502.31
791,0,87.0945969,0,4,2.5000501,184.4109955,0.465446,4,154.6450043,12.3191004,106.3830032,0.314808,0.307849,0.397521,0.512862,0,0.566861,0.744216,1,0.0965702,0.247808,1,0,0.623838,0,0.19365,-3293735.678,1967753.758
792,0,67.7453995,0,3,2.4494801,660.2540283,0.512951,4,466.82901,8.7994299,330.0429993,0.508431,0.371621,0.171159,0.070485,0,0.545509,0.91592,0,0.259194,0.355436,1,2,0.705061,1,0.221388,-3693773.339,1711093.154
793,0,70.6893005,1441.199951,3,7.3896499,387.6830139,0.481385,4,457.9100037,9.5626898,86.5641022,0.520846,0.306545,0.372578,0.188577,0,0.563608,0.933336,0,0.262824,0.274637,0,4,0.731799,1,0.218688,-3853764.359,1685801.088
794,0,99.1580963,2003.540039,3,2.8837399,156.2940063,0.502603,4,154.727005,11.5781002,256.2900085,0.447592,0.25446,0.166676,0.707411,0,0.742059,0.938627,0,0.173268,0.386311,2,1,0.743601,1,0.194829,-3765969.254,1764822.96
795,0,102.4660034,1000.059998,3,3.27036,206.7940063,0.480844,4,42.8871002,11.8634996,238.9559937,0.452076,0.246812,0.204863,0.755493,0,0.718227,0.880919,0,0.192307,0.268361,2,1,0.744682,1,0.193614,-3773834.5,1763981.31
796,0,126.3809967,0,1,3.1241901,932.315979,0.556117,4,669.7000122,8.3200903,117.4020004,0.481386,0.309048,0.460981,0.0281865,0,0.56727,0.736912,0,0.235831,0.479481,1,2,0.690324,0,0.175237,-3619256.467,1821921.713
797,0,91.7998962,2022.410034,1,11.9645004,703.7620239,0.558828,4,676.6140137,9.0557804,78.1195984,0.427184,0.477059,0.520975,0.109226,0,0.490884,0.926561,0,0.0825823,0.167294,2,0,0.732351,1,0.158597,-3517569.437,1913329.357
798,0,88.0454025,1414.25,1,3.9280701,189.2420044,0.514717,4,473.1019897,11.3269997,150.0330048,0.384321,0.365871,0.254317,0.590049,1,0.615657,0.834061,2,0.0858741,0.392913,1,0,0.672438,0,0.180319,-3245930.974,1977337.975
799,0,69.7309036,1006.140015,3,3.43206,251.9219971,0.448667,4,289.7009888,12.7365999,150.3549957,0.339691,0.364204,0.251498,0.55545,0,0.522947,0.911252,0,0.0968694,0.231323,1,1,0.675011,0,0.20153,-3129583.887,1975591.582
800,0,81.8643036,1001.080017,3,5.0134501,253.5310059,0.481517,4,242.0149994,10.5693998,209.9909973,0.410741,0.458971,0.528187,0.549162,1,0.677651,0.499026,2,0.146059,0.166512,2,1,0.652916,1,0.18062,-3592113.305,1848190.051
801,0,62.3422012,1419.640015,1,7.19066,412.4559937,0.427133,1,730.5390015,9.43958,247.1399994,0.517331,0.741695,0.109393,0.0960441,0,0.451998,0.921528,0,0.358461,0.224233,1,1,0.706671,1,0.202192,-3426501.749,1720159.599
802,0,101.2050018,4056.459961,1,3.1946299,656.4760132,0.541887,3,777.3220215,9.8585796,145.6199951,0.382123,0.44505,0.531142,0.301804,0,0.571559,0.928311,0,0.118748,0.194927,1,1,0.727613,1,0.162978,-3489935.936,1921901.387
803,0,82.1248016,0,3,3.9860201,555.4450073,0.516412,2,309.3349915,9.6777096,295.92099,0.39793,0.294021,0.457842,0.5808,0,0.544338,0.757759,0,0.0769322,0.0994567,3,0,0.690678,1,0.169244,-3405117.609,1928906.382
804,0,92.7032013,2417.649902,3,4.8927002,397.3919983,0.541828,2,972.0739746,8.3457603,15.6864004,0.440874,0.257409,0.31864,0.0469186,0,0.255348,0.926482,0,0.057656,0.368675,2,1,0.69058,1,0.185812,-3427243.037,1934885.402
805,0,70.9441986,0,3,2.41169,296.756012,0.479026,1,213.2339935,12.2919998,211.5460052,0.40004,0.313804,0.269571,0.616441,0,0.505973,0.850681,1,0.125212,0.189134,1,1,0.682918,0,0.187251,-3122295.837,1969086.619
806,0,88.3496017,0,2,4.7653499,738.8259888,0.534902,4,632.0700073,9.1248398,84.594902,0.434503,0.301161,0.383392,0.164936,0,0.414163,0.927599,0,0.0630778,0.229991,3,0,0.699205,1,0.17458,-3375908.541,1929201.967
807,0,85.9873962,3415.25,3,4.8339601,219.1990051,0.489263,2,261.2999878,12.0747995,105.5650024,0.323152,0.289447,0.358912,0.652894,1,0.542831,0.901772,1,0.0967591,0.220946,2,0,0.663333,1,0.186657,-3305561.094,1967505.878
808,0,85.346199,1003.419983,2,6.07233,356.473999,0.536687,3,738.882019,9.0742397,86.4291,0.445551,0.556469,0.616022,0.142049,0,0.52926,0.57905,0,0.147861,0.208071,2,0,0.767748,0,0.183301,-3496229.685,1898737.21
809,0,60.6500015,0,3,1.03079,161.2350006,0.475807,4,281.5799866,10.0598001,203.3269958,0.463746,0.314808,0.277462,0.377384,0,0.617078,0.925013,0,0.161845,0.289481,4,2,0.702016,1,0.230394,-3712629.122,1728777.464
810,0,87.6809998,1009.070007,1,9.0634003,404.0090027,0.557263,3,1078.949951,7.6662202,250.2279968,0.489342,0.486121,0.678684,0.0068211,0,0.556729,0.897589,0,0.142187,0.435707,2,2,0.768708,0,0.206322,-3560790.378,1853645.904
811,0,68.5794983,0,5,2.1905899,416.0799866,0.431362,1,635.2930298,8.7336597,143.447998,0.518986,0.733621,0.150058,0.0632608,0,0.420323,0.909382,0,0.271746,0.322046,1,1,0.720058,0,0.207404,-3429523.199,1726001.947
812,0,57.8554993,2432.370117,5,3.9483399,575.3720093,0.427048,4,903.0679932,9.1914701,264.6629944,0.51702,0.651561,0.332402,0.25153,0,0.527991,0.843739,0,0.270299,0.23202,0,1,0.735179,0,0.214202,-3282918.816,1885721.489
813,0,94.0488968,1019.859985,3,1.58938,351.4289856,0.487671,4,413.2219849,11.5839996,139.8419952,0.287099,0.197058,0.368733,0.706592,0,0.55874,0.689332,0,0.0332084,0.161921,2,0,0.62142,1,0.182869,-3401782.733,1956483.216
814,0,84.5865021,1028.140015,3,10.0677004,646.3599854,0.491322,2,867.617981,10.1638002,54.1988983,0.415759,0.279585,0.258628,0.241405,0,0.446016,0.917683,0,0.0722406,0.216462,2,0,0.6953,1,0.166048,-3318036.699,1947385.164
815,0,79.1235962,0,4,5.2518902,281.4349976,0.476903,2,395.1239929,9.9826097,359.8619995,0.437561,0.263847,0.47729,0.588298,1,0.512331,0.252534,1,0.0651217,0.224567,3,0,0.64133,1,0.181469,-3390349.254,1924519.53
816,0,49.271801,0,6,5.2720098,304.5859985,0.337628,1,302.7579956,10.4636002,17.9309998,0.394452,0.409728,-0.227769,0.106086,0,0.136508,0.171658,0,0.152199,0.441323,0,0,0.323074,0,0.245646,-3483643.878,1731235.494
817,0,92.3102036,2010.77002,3,0.948648,385.4349976,0.52075,1,338.8500061,12.8654003,123.5479965,0.230142,0.303573,0.421994,0.558134,1,0.483138,0.32297,2,0.038779,0.354871,2,1,0.536942,0,0.184974,-3271044.537,2005022.464
818,0,93.4539032,2432.030029,3,8.1145697,469.803009,0.517758,4,597.9849854,10.3034,198.9680023,0.412742,0.259169,0.42521,0.461485,0,0.517574,0.90801,0,0.0558927,0.166643,2,0,0.698705,1,0.180394,-3397809.084,1941761.811
819,0,65.6492996,0,3,2.6175001,177.5110016,0.463934,4,181.0330048,10.7449999,196.6199951,0.449356,0.301505,0.268785,0.5209,0,0.67725,0.910041,0,0.142345,0.206061,3,1,0.709776,1,0.227955,-3727938.241,1751587.216
820,0,80.5287018,2430.340088,5,2.2811601,386.7569885,0.481487,4,619.8079834,9.4846697,157.8880005,0.447195,0.525578,0.663266,0.348186,0,0.570488,0.89153,0,0.13727,0.151336,3,1,0.751159,1,0.182368,-3503691.543,1893317.567
821,0,111.6259995,3041.300049,3,7.9054699,484.4670105,0.524442,1,550.1690063,11.4874001,250.9859924,0.371198,0.209258,0.379259,0.671252,0,0.506002,0.909439,0,0.047831,0.171926,5,0,0.697664,1,0.170015,-3365672.44,1957700.458
822,0,57.9631996,1007.570007,3,3.1696701,397.6480103,0.369973,1,716.9569702,10.8274002,184.397995,0.270212,0.118938,0.336023,0.311656,1,0.335602,0.642892,1,0.0684107,0.60112,2,1,0.392556,0,0.233486,-3193802.216,1947483.485
823,0,104.2399979,1053.150024,1,9.4407101,658.4849854,0.497159,1,634.9379883,10.54,137.4600067,0.411562,0.462193,0.369063,0.324236,0,0.681771,0.903555,0,0.181525,0.329613,1,3,0.681545,0,0.180518,-3623857.747,1835085.812
824,0,81.4096985,0,3,1.67744,97.1585999,0.50459,4,332.2659912,10.3442001,8.0338097,0.455683,0.284407,0.361392,0.397065,0,0.652993,0.929122,0,0.141623,0.371233,0,2,0.692924,1,0.205407,-3759452.163,1720207.038
825,0,63.2745018,2414.449951,5,3.40993,294.6789856,0.395929,1,615.1309814,10.9050999,249.1390076,0.285907,0.125976,0.254817,0.455715,0,0.370313,0.740239,1,0.0781937,0.344335,1,0,0.543647,0,0.221378,-3181052.299,1951333.055
826,0,67.9810028,0,5,5.7429199,384.9689941,0.403647,1,545.6989746,8.8945303,312.7460022,0.465645,0.421468,0.377469,0.3061,1,0.389215,0.646205,2,0.1397,0.341185,0,1,0.599388,0,0.215906,-3323028.265,1903795.151
827,0,93.9319992,1001.77002,2,2.7130201,229.2400055,0.523295,2,996.9569702,8.7126904,332.1549988,0.442983,0.302221,0.293119,0.105499,0,0.388388,0.911417,0,0.0609798,0.280861,3,0,0.704232,1,0.184041,-3356768.182,1934905.683
828,0,65.7333984,1009.630005,2,10.1948996,481.6610107,0.429074,2,789.7130127,8.0437403,69.2514038,0.485299,0.573114,0.5988,0.117661,0,0.429783,0.516557,0,0.12564,0.571776,1,3,0.726413,0,0.220576,-3476722.478,1880216.071
829,0,87.7950974,1005,3,5.1234102,255.901001,0.489508,4,115.2829971,11.4685001,70.2990036,0.455056,0.264196,0.184373,0.710376,0,0.742131,0.923792,0,0.16532,0.251768,2,1,0.740702,1,0.204581,-3762450.017,1761329.797
830,0,77.4804993,1018.890015,2,8.5459805,407.1059875,0.496113,3,845.4299927,8.6736298,77.8879013,0.377143,0.362748,0.597979,0.0626438,0,0.38633,0.604414,0,0.0499249,0.472139,2,0,0.662003,1,0.211039,-3536997.414,1894913.376
831,0,104.9599991,0,5,5.1549301,369.8649902,0.497549,4,444.3399963,9.5474596,113.9369965,0.453098,0.327637,0.410627,0.163757,0,0.605555,0.878551,0,0.19531,0.367768,2,2,0.696357,1,0.181591,-3787851.083,1695993.241
832,0,69.9962997,0,5,1.30744,317.9110107,0.510154,4,238.9389954,10.7087002,111.7200012,0.494162,0.352057,0.244181,0.543167,0,0.586277,0.907164,0,0.242356,0.224352,2,0,0.768197,0,0.209545,-3712804.149,1779667.381
833,0,81.6651993,0,3,1.31282,203.5200043,0.501976,4,154.6950073,13.3596001,48.2285995,0.360711,0.324216,0.343321,0.635491,1,0.574726,0.753186,0,0.0952825,0.134483,1,0,0.700244,0,0.171677,-3123610.467,2012405.468
834,0,82.5751038,0,3,11.5115995,645.697998,0.510514,4,303.7770081,10.0031004,241.9409943,0.445884,0.508314,0.562108,0.466186,1,0.690056,0.905307,1,0.204654,0.190447,2,1,0.698787,1,0.182966,-3588953.604,1847903.134
835,0,90.7658997,2005.030029,5,6.1050701,258.2399902,0.462192,4,434.4410095,11.4181004,55.1721992,0.37072,0.255225,0.270599,0.66232,0,0.487515,0.695314,1,0.0910449,0.211325,2,0,0.670172,1,0.164807,-3202380.799,1974960.914
836,0,76.9292984,0,3,3.43099,429.5310059,0.448539,4,505.9339905,8.30126,336.1579895,0.469827,0.553838,0.68484,0.375268,0,0.518233,0.714075,0,0.13433,0.33005,2,2,0.716835,1,0.204627,-3496800.286,1875835.715
837,0,101.7429962,1000.330017,1,7.6884098,453.5740051,0.551827,4,359.2200012,10.2299995,127.6869965,0.515643,0.507018,0.190041,0.363219,0,0.67047,0.553507,0,0.177304,0.372633,1,0,0.794162,0,0.188266,-3651192.895,1796961.103
838,0,94.3554001,1028.76001,2,12.6599998,599.1430054,0.532925,4,572.7730103,9.7973499,108.8590012,0.393528,0.438993,0.556266,0.270838,0,0.571556,0.728316,0,0.0712268,0.181121,1,0,0.716982,0,0.145268,-3510782.29,1915374.778
839,0,77.6593018,0,5,2.66522,241.7769928,0.471793,4,273.2630005,9.20187,14.1077003,0.513525,0.440122,0.418801,0.208614,0,0.467579,0.923371,0,0.335558,0.258995,1,2,0.727818,1,0.200089,-3825365.71,1671040.003
840,0,95.1727982,3832.5,3,2.7347,274.7770081,0.467025,4,263.0750122,12.5810003,212.2740021,0.300807,0.280582,0.412362,0.659386,0,0.59708,0.893516,1,0.0844653,0.235394,2,0,0.641169,0,0.187163,-3341318.139,1976712.261
841,0,61.9109001,1036.550049,3,5.7360501,439.7390137,0.475919,1,1103.01001,8.1991196,302.6690063,0.507621,0.49013,0.271964,0.0973117,0,0.393575,0.770841,0,0.222156,0.379936,0,0,0.751517,1,0.211852,-3296046.809,1896944.694
842,0,95.0548019,2000.880005,3,1.5213701,242.5240021,0.523679,4,189.2059937,12.2709999,347.9760132,0.333066,0.295065,0.360715,0.728849,0,0.595142,0.895863,0,0.0890844,0.188126,3,0,0.685304,1,0.179814,-3332333.635,1981440.345
843,0,75.6825027,1415.140015,3,4.2595,207.6880035,0.438478,4,121.8899994,12.9981003,5.3386502,0.263942,0.382459,0.163244,0.528212,1,0.468078,0.495194,2,0.0436331,0.196804,0,2,0.55528,0,0.204142,-3190207.55,2016059.619
844,0,112.4980011,3017.02002,3,4.7144399,427.5580139,0.580333,4,623.4660034,12.9182997,330.678009,0.348268,0.252656,0.193458,0.652349,0,0.529672,0.899778,0,0.147488,0.145347,2,0,0.72596,0,0.160409,-3123422.406,2019673.498
845,0,99.2798996,1414.839966,7,1.30393,174.9299927,0.473897,4,125.2539978,12.7433996,64.4626999,0.345024,0.289992,0.0815953,0.703067,0,0.619975,0.864524,0,0.0958944,0.321066,2,0,0.665904,1,0.186779,-3414064.706,1982089.364
846,0,86.1076965,1013.130005,2,1.39273,384.9869995,0.526799,2,1021.840027,8.4273901,173.8880005,0.461703,0.304439,0.342445,0.0747851,0,0.373798,0.870403,0,0.0407655,0.565179,4,1,0.684481,1,0.209285,-3364782.178,1923946.176
847,0,102.4329987,0,3,4.13167,435.2820129,0.545124,4,186.7779999,10.2733002,250.6609955,0.352105,0.280542,0.381425,0.667262,0,0.588502,0.865378,0,0.0575556,0.112428,3,0,0.694262,1,0.159864,-3376244.018,1945217.132
848,0,88.5090027,2419.929932,3,1.4077801,122.0360031,0.512193,4,466.4119873,11.7020998,303.0669861,0.368761,0.445757,0.268915,0.688191,1,0.666468,0.900205,0,0.0983434,0.140744,2,0,0.725741,1,0.193136,-3272894.394,1962577.588
849,0,78.7015991,2041.869995,1,4.6570301,577.9680176,0.493591,4,894.4879761,9.18297,24.4095001,0.428622,0.533688,0.653302,0.174813,0,0.535517,0.663888,0,0.139865,0.274703,3,1,0.750583,1,0.188381,-3514599.397,1894034.339
850,0,82.4809036,1039.23999,2,8.5862103,507.2860107,0.493761,4,658.9229736,9.5821304,23.5723,0.446929,0.576264,0.57866,0.304102,0,0.669127,0.854496,0,0.24081,0.328755,2,2,0.745788,0,0.195536,-3585416.183,1836515.811
851,0,60.0792007,0,5,4.8743901,379.7449951,0.378007,3,445.776001,9.0932903,262.7070007,0.466236,0.4504,0.358401,0.151565,0,0.445434,0.536734,0,0.279437,0.292968,0,0,0.52103,0,0.220176,-3394379.216,1769769.926
852,0,78.555397,1012.530029,2,8.4755402,365.1140137,0.484919,1,261.2269897,11.3621998,126.7220001,0.425719,0.284775,0.194346,0.652815,1,0.579481,0.551261,1,0.183848,0.419118,0,2,0.694919,0,0.19491,-3685950.864,1805831.861
853,0,77.0681992,1000.950012,2,1.73719,197.1009979,0.436648,4,130.2359924,11.507,224.0310059,0.348729,0.137766,0.294639,0.698036,0,0.558763,0.955,0,0.151415,0.461902,2,0,0.692426,1,0.210327,-3773650.853,1742726.011
854,0,88.1505966,2003.23999,2,4.87747,336.7999878,0.458544,3,497.6470032,10.0158997,37.5519981,0.419623,0.43048,0.486369,0.300594,0,0.637698,0.161586,1,0.134481,0.514843,1,3,0.62066,0,0.20194,-3602630.757,1837333.866
855,0,68.0062027,1031.430054,2,1.62367,574.7470093,0.477682,4,797.0390015,8.71315,352.3880005,0.526215,0.384374,0.156871,0.0385775,0,0.524496,0.868357,0,0.335024,0.488458,0,0,0.655933,1,0.217243,-3678204.131,1697333.509
856,0,66.2902985,1416.060059,3,1.2049,191.9299927,0.480205,4,225.9730072,10.4799995,353.7130127,0.451347,0.304065,0.276055,0.491716,0,0.654116,0.926627,0,0.140196,0.211172,3,0,0.716626,1,0.23061,-3716512.269,1750909.343
857,0,96.9991989,1000.070007,3,1.0332,70.1328964,0.487471,4,67.5681,13.4766998,123.3119965,0.321661,0.302987,0.311094,0.631791,0,0.635589,0.887872,0,0.0740121,0.208556,4,0,0.647035,1,0.194378,-3373000.638,1990666.903
858,0,79.7226028,0,3,3.7801499,230.2030029,0.505361,2,923.5120239,8.2770901,150.4450073,0.455009,0.388643,0.184338,0.0714798,0,0.369013,0.878341,0,0.151214,0.479789,2,0,0.681909,1,0.215446,-3298972.675,1929007.427
859,0,64.5266037,2014.079956,3,3.8208499,279.5960083,0.459134,4,324.95401,10.7712002,115.0469971,0.462366,0.295287,0.31005,0.542244,0,0.686281,0.920287,0,0.186864,0.353115,3,0,0.730706,1,0.21759,-3710474.904,1763564.489
860,0,103.9459991,0,3,4.9507899,534.6539917,0.557993,3,843.6450195,8.1561699,163.0899963,0.447655,0.52094,0.416674,0.0424354,0,0.436088,0.910041,0,0.12568,0.398944,2,1,0.765135,0,0.191559,-3477982.163,1918888.382
861,0,77.4660034,2079.310059,3,9.6115704,610.5650024,0.447793,4,581.5570068,9.5094204,103.1409988,0.528194,0.382302,0.409837,0.194175,0,0.534837,0.960666,0,0.323632,0.303564,0,2,0.746392,1,0.198963,-3839024.846,1683616.978
862,0,92.8019028,0,2,0.317211,148.6580048,0.517549,4,639.6259766,9.6299,265.5119934,0.382942,0.239764,0.430356,0.277575,0,0.486519,0.816542,0,0.0384297,0.23069,0,1,0.669519,1,0.192773,-3423227.449,1942575.954
863,0,89.3181992,2421.790039,2,8.42344,585.0560303,0.555777,3,874.1599731,8.0627699,243.8919983,0.455321,0.602478,0.693956,0.0227879,0,0.594964,0.866039,0,0.19283,0.399858,2,2,0.765941,0,0.20022,-3563849.976,1853760.539
864,0,95.5277023,3478.590088,1,8.9202805,629.2290039,0.517329,1,937.7420044,10.7772999,113.6350021,0.420287,0.29243,0.217453,0.336938,0,0.440412,0.755477,0,0.149671,0.194211,2,0,0.715672,1,0.173995,-3201378.396,1971889.197
865,0,99.8130035,1418.52002,2,6.6191001,314.0809937,0.5378,2,907.1539917,8.5448103,20.9428997,0.438369,0.285075,0.260628,0.0831459,0,0.370998,0.912354,0,0.0592556,0.349028,3,0,0.708061,1,0.184717,-3359945.315,1939364.809
866,0,72.6130981,1000.179993,5,8.0228701,512.4000244,0.50898,4,744.184021,7.6877899,288.9599915,0.537466,0.32432,0.106406,0.0138592,0,0.610422,0.808979,0,0.233003,0.735166,2,4,0.694607,0,0.21872,-3751759.436,1680033.208
867,0,82.2584,1009.900024,3,2.32019,436.6809998,0.495173,4,449.4039917,10.1935997,29.0454998,0.45253,0.293915,0.371954,0.367975,0,0.64161,0.924914,0,0.161817,0.28802,0,2,0.692018,1,0.198826,-3759588.551,1714937.223
868,0,53.0988007,0,3,3.4342599,519.3189697,0.395562,4,195.8959961,7.2196398,128.0859985,0.59151,0.419555,0.207189,0,0,0.521748,0.799032,0,0.311987,0.455771,2,0,0.555152,0,0.251203,-4137209.614,1463392.054
869,0,98.1958008,1000,3,2.1538401,206.3939972,0.510559,4,119.9700012,12.9940004,163.1340027,0.335021,0.302981,0.365466,0.698457,0,0.594256,0.919115,0,0.0866093,0.180356,5,0,0.684425,1,0.179942,-3347926.589,1994341.174
870,0,60.6920013,0,3,1.88367,197.2709961,0.412667,2,533.9819946,9.3267202,54.9916992,0.460511,0.486732,0.447488,0.266126,0,0.441911,0.776842,0,0.231717,0.299634,0,1,0.555354,0,0.228398,-3312828.763,1876867.093
871,0,58.2753983,2014.800049,3,1.56402,409.4249878,0.373441,1,722.7080078,10.9062004,102.375,0.280121,0.110359,0.374149,0.323705,0,0.313277,0.297602,1,0.0567866,0.56696,0,0,0.405234,0,0.231158,-3198639.609,1949027.48
872,0,62.4107018,2008.949951,3,4.51686,279.3840027,0.410102,4,265.0910034,10.7152996,17.7542,0.475313,0.400255,0.301226,0.471142,0,0.544062,0.660151,0,0.297281,0.307337,2,3,0.670055,1,0.219382,-3688686.307,1760081.946
873,0,68.3024979,1015.059998,5,3.244,480.4200134,0.439284,4,521.2520142,10.2882004,350.5509949,0.499424,0.359333,0.163046,0.165709,0,0.41637,0.226787,2,0.101545,0.385015,0,3,0.536803,0,0.229812,-3638182.272,1780643.496
874,0,91.9560013,1007.809998,3,7.79918,333.0820007,0.512147,4,462.0079956,10.4778996,342.7369995,0.36888,0.230379,0.432962,0.572038,0,0.538028,0.713127,0,0.0437028,0.209721,2,0,0.670989,1,0.18509,-3412899.982,1946300.662
875,0,81.8153,1414.640015,3,3.9567399,212.1880035,0.51445,4,489.3049927,11.1973,130.6829987,0.37057,0.438705,0.262256,0.596882,0,0.639375,0.904671,2,0.106555,0.225719,1,0,0.721584,1,0.19565,-3252576.687,1966160.562
876,0,63.9081993,2454.479981,5,4.77246,711.2009888,0.39843,1,912.2490234,8.7887802,208.2779999,0.479956,0.453464,0.296624,0.104885,0,0.395679,0.755149,0,0.262336,0.517163,1,1,0.630377,0,0.231947,-3542104.499,1760094.496
877,0,88.9044037,2004.969971,2,2.115,296.4880066,0.514987,4,688.9660034,9.94102,82.2865982,0.410765,0.267367,0.429783,0.378322,0,0.488128,0.888055,0,0.0431917,0.231717,2,0,0.686222,1,0.185168,-3394297.296,1936774.03
878,0,68.4680023,0,5,1.71671,300.9689941,0.476671,4,121.1009979,10.8378,66.7550964,0.45245,0.300069,0.249266,0.549182,0,0.696086,0.915906,0,0.156149,0.258631,3,1,0.714295,1,0.219061,-3738746.516,1750512.082
879,0,63.7355995,0,3,2.3900599,391.1740112,0.504775,4,362.6600037,9.6048403,158.6640015,0.486999,0.309358,0.237938,0.259256,0,0.606406,0.930846,0,0.208126,0.295722,2,2,0.708628,1,0.22224,-3700644.19,1728551.3
880,0,58.6338997,0,6,4.7837601,330.5249939,0.402827,2,448.3340149,9.85921,299.769989,0.458974,0.501788,0.500925,0.262181,0,0.455265,0.892155,0,0.303708,0.266338,0,1,0.599316,1,0.221164,-3312603.097,1862081.875
881,0,68.2249985,1007.23999,5,6.7213101,530.3699951,0.448776,4,526.5040283,9.2400703,349.6270142,0.501153,0.385369,0.206533,0.106833,0,0.502743,0.376199,0,0.284478,0.171812,0,0,0.532841,1,0.206834,-3687409.394,1701365.477
882,0,97.2246017,1001.419983,3,3.26051,219.6289978,0.481363,4,158.7599945,12.257,210.7819977,0.275894,0.269554,0.296724,0.709112,0,0.599881,0.882971,1,0.0787756,0.170225,3,0,0.616647,1,0.187702,-3396153.876,1967198.572
883,0,86.5549011,2069.649902,2,7.70824,669.1760254,0.513764,4,836.3519897,9.5850897,266.2630005,0.430121,0.281599,0.427242,0.374218,0,0.488039,0.913641,0,0.066832,0.15455,3,0,0.684484,1,0.180357,-3392000.832,1931344.526
884,0,87.9266968,1000.76001,2,7.0447001,412.0599976,0.476671,3,164.5149994,10.9025002,205.4190063,0.39162,0.399073,0.608293,0.706552,0,0.641487,0.896342,1,0.0546554,0.15642,1,1,0.684606,1,0.176088,-3497345.586,1914620.122
885,0,95.5028992,2839.52002,2,9.5844097,441.8739929,0.542752,1,811.5939941,10.9935999,318.4200134,0.382872,0.244692,0.220939,0.313611,0,0.45005,0.881919,0,0.109915,0.269579,1,1,0.660618,0,0.178509,-3232507.159,1979637.336
886,0,73.7248001,1000.130005,3,6.2218699,475.3640137,0.457716,4,1105.76001,8.2580605,352.04599,0.437492,0.492748,0.407077,0.0897668,0,0.530769,0.642467,2,0.107408,0.422925,1,0,0.665854,1,0.214936,-3433794.569,1910644.997
887,0,104.310997,0,2,4.2034998,340.5440063,0.562592,1,359.5849915,10.3615999,193.0899963,0.416764,0.213676,0.195031,0.425044,0,0.516923,0.89782,2,0.150221,0.325932,2,1,0.604529,0,0.186684,-3646895.623,1805362.346
888,0,98.6078033,1427.170044,3,3.0292201,351.2210083,0.511061,4,324.2669983,12.8922005,60.0531006,0.342497,0.292147,0.364568,0.707268,0,0.593274,0.909912,0,0.0903552,0.18664,5,0,0.693319,1,0.180346,-3345310.922,1992744.89
889,0,67.1650009,0,5,7.2513499,502.618988,0.449338,4,938.6240234,7.8656101,228.8450012,0.455563,0.34387,0.504443,0.0673357,1,0.31176,0.472863,2,0.0998321,0.691892,0,1,0.618516,0,0.229763,-3471317.405,1894694.668
890,0,78.4464035,1047.060059,2,8.1609898,704.9559937,0.45631,4,761.1300049,9.4230003,9.3196096,0.398242,0.496391,0.486085,0.373694,0,0.601649,0.754906,0,0.120215,0.14845,2,0,0.695278,1,0.18472,-3428489.208,1924283.176
891,0,99.8090973,1000.070007,3,4.4864802,327.0039978,0.484772,4,204.2250061,11.7258997,144.2819977,0.458369,0.252573,0.205549,0.726957,0,0.705697,0.922058,0,0.189727,0.289827,2,1,0.749286,1,0.198862,-3771343.432,1761886.033
892,0,74.2482986,2005.329956,3,0.61423,89.5078964,0.483809,4,222.1750031,10.9715004,126.9140015,0.46209,0.281793,0.195659,0.568582,0,0.700634,0.91391,0,0.147676,0.236204,1,0,0.736116,1,0.217603,-3742849.65,1759077.955
893,0,86.8367996,0,7,1.83632,158.6430054,0.448716,4,346.0429993,11.9122,52.1302986,0.365714,0.236245,0.299181,0.621095,1,0.511268,0.651145,2,0.0622939,0.364682,1,0,0.604429,0,0.180553,-3221287.081,1984021.72
894,0,56.6865997,1000.289978,3,7.8608198,516.9500122,0.428128,4,150.4450073,10.3973999,130.4450073,0.449696,0.351746,0.253597,0.291056,0,0.556952,0.851092,0,0.274079,0.393132,0,0,0.593841,0,0.217318,-3673310.009,1744241.366
895,0,64.4861984,0,3,1.8160599,129.3569946,0.4916,4,340.2059937,9.8934498,165.371994,0.467725,0.314152,0.270067,0.334349,1,0.610986,0.927399,1,0.178815,0.26571,4,2,0.695238,1,0.224923,-3712405.797,1725188.751
896,0,81.6745987,2414.610107,3,6.5795598,351.0620117,0.485983,4,431.8630066,11.4242001,59.5672989,0.387337,0.414248,0.26083,0.592887,0,0.617565,0.32422,1,0.101888,0.34269,2,1,0.685131,0,0.198443,-3262206.534,1961764.139
897,0,86.0028992,0,3,4.0466099,293.427002,0.500946,4,415.6849976,10.9031,135.4299927,0.371807,0.347978,0.270247,0.525367,1,0.553596,0.836645,2,0.104388,0.21715,1,0,0.629081,0,0.187784,-3240931.503,1968431.304
898,0,91.1596985,1422.390015,3,8.6912403,388.6870117,0.56528,4,642.6199951,11.0033998,211.6119995,0.368922,0.375437,0.153686,0.427622,0,0.624399,0.9337,0,0.137962,0.159538,1,0,0.701794,0,0.164909,-3235118.834,1988971.3
899,0,68.7461014,0,2,14.6897001,680.8010254,0.464934,4,917.3319702,7.77493,187.5279999,0.464914,0.643751,0.708255,0.042502,0,0.484393,0.851712,0,0.162676,0.237199,0,2,0.803823,0,0.192432,-3530514.702,1869821.475
900,0,82.3665009,2002.560059,3,2.3171301,199.7810059,0.556828,4,767.1190186,9.8067799,312.4259949,0.433449,0.480993,0.187099,0.283624,0,0.54748,0.92111,0,0.0828736,0.258313,4,0,0.742373,1,0.196549,-3297452.118,1945757.859
901,0,67.2762985,0,5,3.6486499,439.4379883,0.411951,4,296.8729858,11.4660997,43.4434013,0.461566,0.299364,0.290861,0.476571,1,0.426447,0.56021,2,0.0630588,0.227708,1,1,0.567261,0,0.1981,-3178989.306,1959310.89
902,0,91.2822037,1000.789978,2,3.53895,224.5509949,0.568775,4,492.4169922,11.6400995,50.9530983,0.366008,0.367585,0.217274,0.611686,0,0.668101,0.754078,0,0.0795422,0.287513,1,1,0.694342,1,0.185084,-3251031.876,1989457.904
903,0,67.0466003,0,6,5.5191102,485.3169861,0.462101,1,665.9089966,8.8673096,16.8027,0.547951,0.410922,0.373544,0.0828195,0,0.454804,0.924319,0,0.35905,0.401693,1,1,0.713243,1,0.212404,-3851416.394,1664899.668
904,0,82.0479965,1007.710022,2,3.94561,207.3099976,0.477579,4,151.1860046,11.3344002,291.0429993,0.456372,0.273333,0.229191,0.680141,0,0.723085,0.901235,0,0.172363,0.261986,2,0,0.735228,1,0.208019,-3760843.491,1752963.418
905,0,81.9906998,1451.550049,4,3.04216,656.4619751,0.489791,4,642.2410278,9.8610601,146.8959961,0.409178,0.495158,0.659142,0.512243,0,0.606081,0.573603,0,0.124792,0.25341,3,1,0.737789,1,0.18237,-3502779.492,1896931.774
906,0,79.6076965,0,2,4.7447901,630.9400024,0.521127,3,703.4180298,8.9093103,330.9060059,0.426238,0.501096,0.416972,0.150985,0,0.511951,0.925107,0,0.108151,0.222208,3,0,0.737167,1,0.183516,-3405174.377,1922213.057
907,0,76.9201965,2909.310059,4,9.4345999,568.5900269,0.475938,4,867.3900146,9.1303301,23.2868004,0.445529,0.536794,0.668186,0.230886,0,0.534208,0.606971,0,0.170855,0.14237,3,0,0.752069,1,0.176692,-3511769.43,1889920.346
908,0,59.1012001,0,3,2.19837,324.7969971,0.392011,4,597.3540039,9.6943903,358.9710083,0.450453,0.482538,0.473314,0.326036,0,0.4335,0.819904,0,0.264168,0.279228,0,1,0.602379,0,0.224494,-3310013.336,1868841.148
909,0,92.7068024,0,3,1.54909,490.7380066,0.491459,4,197.5639954,10.4720001,263.5169983,0.445709,0.357901,0.495359,0.325901,0,0.531863,0.903892,0,0.190068,0.546242,1,1,0.682473,1,0.189409,-3788143.025,1707403.322
910,0,92.8711014,0,2,3.2887001,246.2480011,0.508071,4,112.2060013,12.6896,139.8809967,0.335029,0.301397,0.428505,0.692027,0,0.595837,0.889091,0,0.0775134,0.181229,3,0,0.682278,1,0.18492,-3310903.021,1992789.086
911,0,82.2174988,2014.390015,2,12.2421999,632.625,0.464347,3,487.178009,10.1815004,48.3984985,0.439774,0.528857,0.535703,0.34262,0,0.678393,0.754324,0,0.263203,0.385604,3,3,0.733967,1,0.189966,-3591925.511,1842750.988
912,0,88.4961014,1414.400024,1,6.9788899,438.8070068,0.559869,2,504.3210144,10.5654001,80.0274963,0.397786,0.286334,0.235418,0.502605,0,0.495726,0.624287,0,0.115412,0.219289,3,0,0.696051,0,0.171338,-3323795.735,1958254.674
913,0,98.8251038,2843.159912,3,4.6168699,377.5069885,0.524682,1,443.0849915,13.4757996,251.7319946,0.328361,0.278727,0.423958,0.630323,0,0.599073,0.864705,0,0.114984,0.127545,2,0,0.70146,0,0.166461,-3094001.042,2017279.928
914,0,100.9909973,3021.149902,3,2.9328899,508.6319885,0.543306,4,515.4769897,13.2040997,326.9240112,0.349031,0.293689,0.292609,0.65932,0,0.584762,0.819664,0,0.132422,0.120384,1,0,0.731451,0,0.164882,-3120860.931,2015739.527
915,0,96.4951019,1008.700012,1,5.1441798,248.2330017,0.542229,1,692.6749878,10.7033997,163.6799927,0.377085,0.265787,0.219724,0.323434,0,0.481018,0.901701,0,0.105047,0.303555,1,0,0.682602,0,0.179526,-3230924.851,1974548.934
916,0,78.9427032,0,3,8.16014,749.2329712,0.509124,3,365.8699951,8.7996502,268.3240051,0.375385,0.392068,0.598817,0.309977,0,0.46524,0.658193,0,0.16939,0.233008,2,3,0.640746,1,0.197397,-3485626.467,1898077.3
917,0,82.9994965,0,3,1.01653,157.5630035,0.496567,2,1073.569946,7.4492698,289.8720093,0.464153,0.526081,0.361441,0.0316704,1,0.553144,0.892426,0,0.0790276,0.596663,0,0,0.682161,1,0.226595,-3464802.459,1909374.542
918,0,66.3479004,2418.75,3,2.25892,164.6269989,0.4932,4,442.8540039,10.0115004,10.3055,0.484251,0.29343,0.250361,0.348451,0,0.65329,0.923653,0,0.17488,0.240223,1,3,0.717798,1,0.222103,-3687583.755,1753594.158
919,0,66.449501,0,5,1.45995,343.4979858,0.467283,4,753.8619995,8.6237097,174.3359985,0.524104,0.382895,0.226414,0.0513604,0,0.54233,0.824726,0,0.248494,0.293026,0,2,0.726508,1,0.215111,-3738618.342,1689496.64
920,0,113.2099991,2003.040039,2,5.58848,514.1699829,0.558657,4,429.2219849,10.4286003,36.2145004,0.465847,0.488167,0.332951,0.293413,0,0.584631,0.5283,0,0.112142,0.28676,0,3,0.760239,0,0.175334,-3638198.418,1837486.354
921,0,97.6492004,2442.929932,2,8.76968,642.9039917,0.53241,1,716.0089722,11.6718998,143.654007,0.364088,0.251441,0.214929,0.523648,0,0.431404,0.63243,0,0.122629,0.191667,1,1,0.671684,0,0.175987,-3271395.28,1973257.05
922,0,86.4487991,0,5,1.69139,329.5629883,0.527765,4,375.3510132,9.8636703,269.7019958,0.429438,0.227767,0.247405,0.281255,1,0.535825,0.672724,2,0.1839,0.273334,1,2,0.572307,0,0.203968,-3643878.287,1788485.57
923,0,59.1287994,0,6,4.6932502,343.1900024,0.390188,4,442.7290039,9.6278801,38.2913017,0.461436,0.462217,0.46224,0.280815,0,0.434799,0.580908,1,0.26474,0.336867,0,1,0.538208,0,0.228722,-3309845.957,1875191.281
924,0,73.6159973,2042.180054,3,7.1259499,359.8479919,0.477622,4,618.8270264,9.4162302,20.5287991,0.498177,0.353146,0.311589,0.155824,0,0.595939,0.911099,0,0.247217,0.211476,2,4,0.733668,1,0.203863,-3745235.095,1701396.452
925,0,106.2979965,2050.840088,1,9.3763399,655.848999,0.545115,3,757.6560059,9.44806,88.1975021,0.375352,0.469874,0.514783,0.236736,0,0.564795,0.925187,0,0.130256,0.10692,1,1,0.724923,0,0.161211,-3484638.037,1922043.753
926,0,92.2501984,0,3,2.1667399,446.6470032,0.514593,4,227.727005,10.8231001,26.4073009,0.355146,0.235912,0.41603,0.706592,0,0.584013,0.933071,0,0.0492674,0.110189,2,0,0.67503,1,0.180336,-3405036.784,1947863.655
927,0,82.5915985,0,5,2.4168501,238.0769958,0.424729,4,225.4320068,12.1817999,350.6409912,0.342004,0.239472,0.286294,0.483799,1,0.499717,0.641221,2,0.0508257,0.385087,1,0,0.556685,0,0.191241,-3220141.114,1989325.559
928,0,95.7330017,2005.280029,3,1.0315599,156.0149994,0.455205,4,162.4889984,12.6261997,44.0147018,0.281819,0.282242,0.267935,0.651314,0,0.614701,0.724269,0,0.0856923,0.181907,3,0,0.619199,1,0.191585,-3395988.346,1971537.582
929,0,56.5471992,1016.320007,5,2.8919101,421.0400085,0.422854,4,410.8280029,9.4958,58.3331985,0.486217,0.391396,0.144484,0.138832,1,0.45285,0.613087,0,0.257596,0.360565,0,0,0.481504,0,0.240772,-3660594.596,1697707.379
930,0,65.5339966,1418.449951,3,0.69272,333.0880127,0.470677,4,338.9949951,10.6809998,11.8094997,0.451925,0.295967,0.276702,0.535486,0,0.670868,0.913444,0,0.154939,0.194706,3,0,0.721303,1,0.228644,-3719899.218,1756830.54
931,0,85.9017029,1050.180054,3,10.6777,657.5689697,0.499784,3,706.7189941,10.2883997,31.9368992,0.428764,0.513413,0.513002,0.3991,0,0.69179,0.77722,0,0.224509,0.427264,3,1,0.727774,0,0.186451,-3598218.766,1845837.872
932,0,66.1704025,0,3,6.0876398,278.572998,0.438955,4,176.7409973,10.6982002,12.4162998,0.45586,0.323935,0.314886,0.456886,1,0.656587,0.60147,1,0.208111,0.266728,3,1,0.646989,1,0.225989,-3696379.956,1759285.645
933,0,95.7190018,1415.030029,3,7.2339301,370.2770081,0.507891,4,286.45401,11.2306004,31.1657009,0.289365,0.196211,0.366758,0.707034,0,0.560997,0.774763,0,0.0403169,0.169575,2,0,0.625145,1,0.179372,-3407951.496,1956837.68
934,0,75.8258972,1416.469971,5,7.4977198,368.3330078,0.514013,3,886.559021,8.0573101,336.5150146,0.471206,0.305358,0.339376,0.0826935,0,0.342753,0.754962,1,0.0469574,0.501355,2,0,0.657889,0,0.213919,-3388797.055,1906344.733
935,0,77.1830978,2060.51001,2,4.5439,866.9869995,0.489309,1,1170.609985,8.8702002,60.7500992,0.510589,0.533577,0.417572,0.0000363,0,0.580142,0.438913,1,0.162964,0.52617,1,2,0.730498,0,0.186703,-3626490.524,1792487.143
936,0,97.5820999,2042.77002,5,2.5741301,441.3649902,0.531915,4,289.9710083,12.2074003,170.9720001,0.171871,0.128808,0.301634,0.660276,0,0.524231,0.852685,1,0.0544897,0.245602,3,0,0.611261,0,0.180102,-3286307.19,1988386.693
937,0,105.9199982,2445.189941,2,2.76092,862.7089844,0.561369,4,847.3579712,10.4548998,125.3069992,0.446743,0.262769,0.192515,0.255344,0,0.615737,0.696689,1,0.232901,0.353597,2,1,0.700956,0,0.181502,-3647525.715,1808871.511
938,0,62.7882996,0,5,3.9967501,546.9210205,0.47529,4,508.5360107,8.5350399,82.7315979,0.523259,0.390547,0.190833,0.0276998,0,0.50671,0.912838,0,0.293083,0.480565,0,0,0.63542,0,0.228302,-3712371.161,1687184.575
939,0,94.4954987,2005.349976,3,0.807203,68.8671036,0.517665,4,331.3529968,11.4184999,32.6249008,0.450707,0.258018,0.0862511,0.573279,1,0.705592,0.770288,2,0.153047,0.497458,1,0,0.749228,0,0.196226,-3757135.575,1771743.368
940,0,93.2498016,0,2,0.802413,113.9329987,0.537854,2,923.1989746,8.36479,62.1563988,0.44215,0.507365,0.519663,0.0418572,0,0.48073,0.914388,1,0.0382391,0.437957,1,0,0.754057,1,0.184416,-3510748.113,1907196.704
941,0,87.1196976,1426.449951,5,2.05831,273.6619873,0.520966,1,858.9169922,10.3520002,274.3940125,0.395517,0.42536,0.238503,0.302135,1,0.577387,0.838621,1,0.126985,0.58786,2,1,0.680886,0,0.186455,-3236406.239,1962882.619
942,0,89.6355972,0,3,0.425006,156.8139954,0.510158,4,100.3659973,11.4748001,209.8679962,0.449233,0.261847,0.163291,0.713593,0,0.745541,0.887198,0,0.168146,0.23402,0,1,0.73641,1,0.199196,-3760473.931,1763935.477
943,0,95.5526962,1000.880005,3,10.0213003,564.8389893,0.546989,4,487.5409851,9.8445396,7.7993898,0.418068,0.498768,0.467407,0.314782,0,0.699273,0.82081,1,0.191751,0.284587,0,2,0.693612,0,0.187889,-3612891.834,1842935.971
944,0,79.718399,0,4,5.18367,499.8919983,0.481775,4,251.4629974,10.0073996,224.9360046,0.376219,0.466829,0.640921,0.482122,0,0.600474,0.687219,0,0.0656093,0.148214,3,1,0.696736,1,0.168934,-3522779.112,1902492.967
945,0,92.0373993,2015.790039,2,7.7973399,544.1560059,0.537773,3,907.1119995,8.9409704,245.2920074,0.437945,0.553852,0.672146,0.108788,0,0.616258,0.894197,0,0.203128,0.255206,2,2,0.731395,0,0.19807,-3569692.168,1856748.853
946,0,73.4572983,0,5,2.50721,217.0850067,0.480086,1,62.3955002,10.6976004,185.6959991,0.494565,0.214309,0.371556,0.367801,0,0.713722,0.915676,0,0.223064,0.217599,5,5,0.657141,1,0.195642,-3927865.915,1668192.382
947,0,64.2611008,1001.030029,3,3.6403501,208.8090057,0.512036,4,439.7720032,9.7116003,156.8130035,0.477881,0.300232,0.251273,0.280221,0,0.599291,0.921628,1,0.213191,0.285576,4,2,0.708656,1,0.222634,-3707627.255,1726662.55
948,0,90.6667023,1440.48999,3,4.7751398,584.0949707,0.521031,4,772.5679932,9.92768,36.0238991,0.414575,0.294497,0.418459,0.346509,0,0.477601,0.950228,0,0.0633592,0.139057,3,0,0.684694,1,0.171124,-3373715.493,1932892.951
949,0,108.3799973,2453.110107,1,3.1196499,427.618988,0.555844,4,593.0869751,13.3156004,123.1669998,0.339934,0.246617,0.271274,0.65352,1,0.508839,0.843022,0,0.127024,0.26735,2,0,0.721066,0,0.157625,-3128758.89,2021581.853
950,0,88.4812012,0,2,9.1046696,596.3759766,0.532813,4,463.7120056,9.4423504,264.1340027,0.389681,0.46885,0.584321,0.277388,0,0.578566,0.910295,0,0.0730316,0.227925,3,1,0.72082,1,0.163654,-3529191.796,1906078.592
951,0,98.990799,1000.01001,3,3.19242,226.6309967,0.505274,5,199.6549988,11.6870003,346.1470032,0.278006,0.211226,0.353243,0.704836,1,0.588275,0.885771,0,0.0340015,0.124371,2,0,0.633055,1,0.18449,-3394137.618,1959387.996
952,0,64.3608017,1415.290039,3,1.77403,165.3820038,0.415197,4,209.9259949,12.9034004,106.3519974,0.286453,0.464627,0.206861,0.464091,0,0.470718,0.736432,0,0.0742618,0.420353,1,1,0.593541,1,0.206028,-3138323.842,1973111.323
953,0,87.9384003,0,2,0.811806,584.9940186,0.539871,4,987.0819702,7.1196699,260.6539917,0.516727,0.349553,0.682737,0,0,0.516626,0.90791,0,0.0705358,0.605597,1,2,0.716674,0,0.221388,-3564893.231,1829218.936
954,0,82.8759003,1022.219971,5,9.6846199,767.4840088,0.488148,4,588.4890137,8.7615404,253.3760071,0.534596,0.487066,0.368711,0.110764,0,0.431389,0.909595,0,0.361426,0.270499,0,0,0.733194,0,0.197997,-3809567.407,1668155.115
955,0,58.3202019,1011.969971,6,3.9428201,307.769989,0.39555,1,581.3060303,9.3072004,23.8202,0.480513,0.616034,0.0543422,0.139263,0,0.420827,0.841304,0,0.29958,0.28978,0,0,0.587305,0,0.230367,-3449967.505,1732708.886
956,0,89.5483017,2415.879883,2,6.3726702,422.5809937,0.540775,3,945.7960205,8.61444,98.6569977,0.459433,0.559908,0.528856,0.0707864,0,0.511503,0.662443,0,0.124969,0.247345,7,3,0.777938,1,0.188903,-3483254.693,1907988.926
957,0,95.360199,0,3,0.512978,60.3209,0.462867,4,33.571701,12.9735003,11.2656002,0.313016,0.286449,0.275164,0.565304,0,0.600598,0.837273,0,0.0611432,0.186532,4,0,0.60616,0,0.19334,-3390186.972,1975128.742
958,0,94.9737015,1437.199951,1,3.0390301,421.6149902,0.54433,4,462.3139954,13.2440996,90.1214981,0.330439,0.287067,0.31081,0.677429,0,0.592337,0.858541,0,0.115044,0.143331,1,0,0.709175,0,0.166096,-3116773.042,2016121.873
959,0,116.4029999,0,2,3.33639,341.1700134,0.543259,4,821.4630127,9.0266199,110.3980026,0.456932,0.336731,0.452681,0.0540393,0,0.560179,0.903677,0,0.21479,0.32024,1,2,0.72468,1,0.18025,-3618346.908,1827693.507
960,0,74.3439026,0,5,5.1306,258.8070068,0.424704,1,619.7020264,10.7623997,173.5659943,0.275857,0.105747,0.269655,0.48127,0,0.390788,0.768856,1,0.073084,0.406716,1,0,0.527327,0,0.209619,-3197088.242,1960724.796
961,0,75.8287964,0,3,1.05014,167.772995,0.478639,4,223.0870056,10.8776999,90.6598969,0.414441,0.221275,0.28497,0.593013,0,0.618018,0.929504,0,0.15378,0.254944,0,2,0.702166,1,0.212076,-3755367.868,1740050.431
962,0,106.6220016,1003.070007,1,9.5125504,644.4990234,0.523164,2,1010.76001,9.5747995,152.7189941,0.446957,0.245522,0.317789,0.16007,0,0.362213,0.929788,0,0.0724126,0.184054,3,0,0.700888,0,0.158567,-3363559.269,1944173.413
963,0,89.8393021,0,1,3.39013,595.9970093,0.528614,4,349.0289917,8.7875795,344.5100098,0.5093,0.261697,0.330344,0.035345,0,0.653874,0.789708,0,0.251129,1.07918,6,3,0.621814,1,0.200712,-3905285.02,1668633.363
964,0,101.0059967,1004.039978,1,1.59461,412.8760071,0.514265,4,458.0870056,11.4394999,274.2080078,0.33425,0.198364,0.317077,0.702028,0,0.557934,0.89285,0,0.0374004,0.185436,1,0,0.649199,0,0.173558,-3425058.058,1965496.095
965,0,66.3240967,2003.619995,3,3.7815299,227.7559967,0.427738,4,283.8980103,12.6234999,187.3300018,0.278824,0.449471,0.246405,0.489756,0,0.43804,0.888173,1,0.0770262,0.33273,1,1,0.575735,1,0.20498,-3140820.828,1963882.594
966,0,111.961998,1000.890015,1,3.31182,175.1880035,0.544126,4,578.335022,10.8739996,176.1320038,0.380733,0.204087,0.350996,0.459723,0,0.478952,0.930624,0,0.0396391,0.193099,1,0,0.682218,1,0.173137,-3432267.908,1965536.961
967,0,63.0102997,0,3,4.37012,393.1669922,0.425884,2,715.4689941,8.6349697,200.7700043,0.474614,0.465125,0.263621,0.166741,0,0.414373,0.789645,1,0.197442,0.697823,1,0,0.62973,1,0.228723,-3280098.143,1910161.977
968,0,54.6763,0,5,1.63352,255.6349945,0.412833,4,197.2259979,9.7774801,33.9664993,0.476755,0.43318,0.14044,0.133051,1,0.527822,0.706081,1,0.270447,0.293956,0,0,0.491096,0,0.247531,-3657981.47,1700041.605
969,0,131.322998,1002.650024,2,4.5377102,263.3970032,0.562222,4,811.0499878,9.1346903,319.2200012,0.361773,0.189248,0.356833,0.136783,0,0.269435,0.646642,0,0.0445887,0.500576,2,1,0.627164,1,0.173534,-3452462.254,1947010.06
970,0,56.4982986,0,6,3.9701099,313.5369873,0.407658,4,686.4699707,9.3147097,227.3659973,0.487734,0.5686,0.361381,0.276326,0,0.474644,0.814955,0,0.285857,0.256571,0,1,0.670891,0,0.216242,-3290814.01,1886600.444
971,0,71.8981018,1009.890015,3,1.5106699,369.4159851,0.374739,1,236.3609924,13.2924995,82.6660004,0.31247,0.383414,0.370121,0.45702,1,0.433767,0.676282,1,0.0664571,0.490966,1,0,0.557662,0,0.19861,-3114116.172,1992471.43
972,0,109.9100037,3445.479981,1,10.2046003,525.940979,0.560898,4,566.8530273,13.2980003,51.9672012,0.323346,0.236087,0.261677,0.632307,0,0.497675,0.788645,0,0.129123,0.299591,2,0,0.693811,0,0.155253,-3125112.606,2022160.308
973,0,83.9039993,0,2,9.4437799,451.6099854,0.55154,4,1084.979981,7.03475,289.20401,0.545283,0.397605,0.665708,0.0028834,0,0.51699,0.88262,0,0.13078,0.639419,2,1,0.737688,0,0.197179,-3559662.461,1804606.47
974,0,91.6486969,2017.660034,3,7.0987701,368.1889954,0.541382,4,402.9200134,12.3417997,130.2409973,0.185808,0.14447,0.323211,0.68424,0,0.53339,0.919811,0,0.0672303,0.157726,1,2,0.646497,0,0.174463,-3266746.382,1994920.361
975,0,72.2226028,3005.709961,1,5.0249701,233.0980072,0.525952,4,626.0460205,11.7363005,80.1107025,0.389544,0.250707,0.22158,0.628444,0,0.408625,0.694794,1,0.10426,0.425948,1,0,0.651653,0,0.186225,-3123865.682,1964189.025
976,0,89.2272034,0,3,0.805961,317.8340149,0.545735,4,986.7509766,7.9240098,178.0610046,0.496196,0.58845,0.673883,0.0035781,0,0.637017,0.889925,0,0.154734,0.500755,2,2,0.745235,0,0.206548,-3573285.528,1838032.579
977,0,82.1322021,0,8,8.4475403,610.2589722,0.515587,4,527.5130005,9.0685196,104.6299973,0.421219,0.312244,0.306142,0.218719,0,0.421835,0.920043,0,0.0688434,0.235778,2,0,0.684556,1,0.181776,-3339270.321,1932648.367
978,0,92.081398,0,4,2.8663099,196.3240051,0.504348,3,474.848999,9.9125404,122.8389969,0.405047,0.453806,0.61578,0.418638,0,0.648538,0.45164,0,0.121119,0.328291,3,1,0.669437,1,0.201634,-3579733.753,1860742.463
979,0,119.5459976,1005.580017,1,11.2704,511.5639954,0.600717,1,386.9419861,10.7420998,260.0379944,0.411175,0.250486,0.262909,0.526353,0,0.646911,0.905974,0,0.189503,0.116376,0,2,0.694366,0,0.162841,-3651072.99,1832454.508
980,0,70.9401016,0,3,3.83957,297.1109924,0.484153,4,338.9450073,9.5119104,11.4773998,0.524153,0.299508,0.349797,0.195371,0,0.559056,0.958122,0,0.203889,0.363276,1,4,0.732798,1,0.228592,-3858708.389,1686831.949
981,0,89.7823029,1422.699951,3,2.704,413.7829895,0.526276,4,801.914978,9.6085501,38.9665985,0.407444,0.259239,0.422602,0.333864,0,0.497777,0.909654,0,0.0506662,0.254862,2,0,0.68579,1,0.187845,-3410275.564,1938665.563
982,0,102.6139984,2844.090088,3,3.0562601,251.6549988,0.489017,4,319.9200134,12.2132998,348.526001,0.314491,0.252521,0.199553,0.716833,0,0.578146,0.909963,0,0.084013,0.192677,2,0,0.637039,0,0.180274,-3420365.367,1974601.998
983,0,71.9347,1001.969971,5,10.1652002,543.427002,0.463219,1,822.5430298,8.19841,226.0269928,0.352618,0.341382,0.588057,0.0243134,1,0.436382,0.614323,1,0.164839,0.457895,1,2,0.650027,0,0.202351,-3591744.718,1800141.173
984,0,76.2762985,1436.48999,3,12.7916002,785.5360107,0.489853,4,614.6469727,8.6062603,313.4719849,0.437302,0.569591,0.65798,0.194744,0,0.526098,0.813599,0,0.158152,0.165766,3,0,0.760804,0,0.183615,-3516171.802,1887927.267
985,0,83.1267014,1007.369995,3,4.9966898,270.7940063,0.473087,2,380.1530151,11.2452002,71.7414017,0.355868,0.265027,0.316344,0.646184,1,0.550207,0.863724,2,0.0470526,0.165855,2,0,0.685153,1,0.167708,-3311931.093,1950609.717
986,0,87.2726974,1012.5,2,4.2883601,272.368988,0.546182,4,299.3309937,10.9994001,55.1049004,0.464873,0.264161,0.134179,0.612359,1,0.720412,0.893276,0,0.196443,0.256822,3,0,0.755729,0,0.200865,-3736098.546,1778488.845
987,0,91.4899979,1000.419983,2,9.3750296,837.1270142,0.513828,4,641.9829712,8.4588099,287.696991,0.386525,0.265177,0.369522,0.13136,0,0.376233,0.906187,0,0.0576969,0.39001,1,1,0.656527,1,0.183644,-3441557.625,1929890.288
988,0,68.3690033,1007.049988,3,8.1951303,513.6970215,0.479759,4,343.9630127,9.1659298,260.0599976,0.51845,0.298688,0.345614,0.126102,0,0.559593,0.878383,0,0.273347,0.348913,1,2,0.697545,1,0.226798,-3864470.641,1678775.477
989,0,79.0967026,1002.979981,3,2.0161901,187.1340027,0.479249,4,222.4120026,10.9034996,1.47359,0.45915,0.279255,0.326943,0.561372,0,0.689588,0.930665,0,0.121907,0.290656,0,1,0.708152,1,0.215913,-3763568.269,1732748.974
990,0,68.4853973,1440.689941,3,10.9750996,503.6499939,0.442113,4,545.5440063,9.2079,56.9070015,0.502673,0.388715,0.187851,0.0810235,0,0.517907,0.937099,0,0.325377,0.439265,0,0,0.610921,1,0.205477,-3680277.061,1701701.69
991,0,90.3432007,3428.290039,1,4.97368,243.0440063,0.573887,2,724.4829712,10.1243,12.0612001,0.425418,0.277076,0.242268,0.400851,0,0.503908,0.691991,0,0.0640088,0.203453,2,0,0.726078,0,0.170354,-3329576.113,1953703.035
992,0,66.155098,1418.420044,3,2.2330501,157.3090057,0.490296,4,369.1719971,10.0244999,311.6839905,0.473574,0.322014,0.253046,0.362813,0,0.638447,0.937267,0,0.196291,0.212489,1,3,0.715258,1,0.231495,-3687758.799,1749317.857
993,0,76.5419006,1425.459961,5,5.1544399,447.3089905,0.48932,4,600.6309814,9.6201897,115.1289978,0.485918,0.331256,0.324373,0.197196,0,0.624329,0.906057,0,0.23853,0.253932,2,3,0.716131,1,0.204418,-3747953.179,1707487.191
994,0,72.9453964,0,5,1.75205,505.0859985,0.487842,4,187.0200043,9.4435196,140.322998,0.525634,0.246989,0.375907,0.169728,0,0.667528,0.91933,0,0.294,0.274219,7,3,0.631265,1,0.192925,-3936650.359,1661071.136
995,0,85.2929001,0,3,4.9065599,425.605011,0.514319,2,365.6619873,9.17869,261.4169922,0.391453,0.293935,0.418637,0.548647,0,0.554514,0.817442,0,0.0669408,0.133253,1,0,0.672532,1,0.1659,-3420463.265,1929743.469
996,0,102.8600006,2004.849976,5,2.2924199,171.7920074,0.507282,4,317.6870117,11.5732002,48.2335014,0.451435,0.236729,0.117733,0.602918,1,0.641465,0.837374,2,0.133303,0.576198,0,0,0.732915,0,0.194408,-3762728.466,1773468.05
997,0,104.8479996,0,1,7.30088,442.2550049,0.538959,1,645.5469971,9.3520899,146.4400024,0.458258,0.570026,0.467726,0.0735275,0,0.643462,0.886122,0,0.249295,0.228967,1,2,0.749104,0,0.182028,-3614293.559,1833563.437
998,0,85.9565964,1420.969971,1,7.83529,502.1849976,0.49607,4,480.098999,10.3285999,36.9026985,0.407073,0.263074,0.452122,0.552532,0,0.525212,0.857801,0,0.068868,0.159201,3,0,0.693729,1,0.177261,-3403168.717,1937073.34
999,0,116.4570007,1000.130005,1,4.9633799,418.8080139,0.567412,4,528.5490112,10.0516005,7.5281601,0.472627,0.540988,0.348633,0.222061,0,0.609313,0.572812,0,0.119754,0.280535,1,3,0.783912,0,0.171378,-3636785.536,1833173.976
1000,0,92.4641037,1000.919983,5,2.52601,405.7470093,0.483142,4,437.6099854,10.4392996,288.1329956,0.449766,0.356596,0.523443,0.30451,0,0.529622,0.912628,0,0.19046,0.331655,2,1,0.686451,1,0.192344,-3792634.134,1704030.096
1001,0,88.0211029,0,2,3.35004,192.2689972,0.53892,3,948.1060181,8.1576405,197.1399994,0.455054,0.544044,0.480459,0.0503178,0,0.471463,0.915,0,0.0876497,0.357226,7,3,0.777392,0,0.207066,-3479341.852,1908079.637
1002,0,86.4534988,0,1,13.9042997,650.6790161,0.549258,4,710.632019,8.6503696,212.6210022,0.471928,0.628292,0.65245,0.127919,0,0.624684,0.787634,0,0.317007,0.262466,2,3,0.765641,0,0.193679,-3578618.823,1838165.034
1003,0,96.5876007,1001.469971,1,7.2892098,565.7299805,0.569123,2,615.8809814,9.6039495,331.4020081,0.408171,0.260445,0.279885,0.378785,0,0.475667,0.886786,0,0.0681735,0.258172,3,0,0.702483,1,0.169728,-3344854.669,1946638.952
1004,0,86.6794968,2005.349976,2,6.2491899,266.894989,0.496293,1,295.3699951,11.9574003,91.5360031,0.317216,0.270733,0.344482,0.66468,0,0.521054,0.880388,0,0.0957965,0.187909,2,0,0.662174,1,0.185902,-3308594.992,1966379.565
1005,0,59.1543999,0,3,6.6943102,366.3510132,0.438335,4,354.5429993,9.3709002,178.2460022,0.502338,0.418626,0.167845,0.126299,0,0.548625,0.924817,0,0.30627,0.280591,0,0,0.546252,0,0.230406,-3668696.79,1697878.311
1006,0,78.5787964,0,3,4.0925398,297.493988,0.517228,4,443.927002,11.1400995,281.1400146,0.383591,0.445424,0.239437,0.627804,1,0.639218,0.800169,0,0.0957733,0.277846,1,0,0.713837,0,0.198651,-3260887.04,1958883.705
1007,0,93.0547028,1013.070007,8,3.8117499,354.6730042,0.443413,4,163.3029938,11.9447002,217.4640045,0.462308,0.230682,0.246958,0.767663,0,0.675001,0.835384,0,0.193223,0.302662,2,1,0.723621,1,0.198159,-3782334.649,1757531.765
1008,0,102.3339996,2005.27002,3,2.4339199,202.0019989,0.484501,4,232.1759949,12.8978004,221.5540009,0.31524,0.289479,0.340332,0.69331,0,0.611016,0.856967,0,0.0862558,0.204172,4,0,0.67229,1,0.183178,-3366831.778,1982661.634
1009,0,71.7164993,1006.919983,5,5.6310301,316.2569885,0.443495,4,914.21698,8.2278204,105.1869965,0.416476,0.213643,0.690015,0.0452703,1,0.181903,0.671862,1,0.0425532,0.529654,0,0,0.591761,1,0.210673,-3537537.568,1875720.381
1010,0,88.5678024,0,5,0.09606,27.7579002,0.437989,1,28.1809998,13.2547998,26.0333004,0.332217,0.250353,-0.0111834,0.576882,1,0.563835,0.673678,2,0.0570207,0.497755,1,0,0.565823,0,0.199775,-3406461.517,1988056.189
1011,0,86.4033966,1001.940002,3,5.09303,799.6389771,0.545877,1,594.3950195,10.5270996,232.572998,0.480807,0.332333,0.167754,0.411102,0,0.408728,0.827483,0,0.11057,0.278351,2,0,0.720388,1,0.172474,-3190325.105,1968213.679
1012,0,82.2637024,0,2,7.0541601,586.9949951,0.540518,4,871.052002,7.2079601,83.0636978,0.540373,0.385605,0.698853,0.0052986,0,0.460105,0.87545,0,0.118139,0.569125,2,1,0.731042,0,0.20147,-3560865.195,1810683.144
1013,0,66.9924011,1000.280029,5,4.1039,347.8640137,0.493859,4,631.6060181,9.0981798,186.8399963,0.508408,0.365597,0.273287,0.0931274,0,0.554161,0.92591,0,0.241376,0.216583,3,4,0.736707,1,0.214844,-3737048.63,1697372.526
1014,0,94.3442001,1029.630005,6,7.2818298,515.5380249,0.498109,4,561.697998,10.4205999,349.0650024,0.450537,0.346585,0.431219,0.323359,0,0.538452,0.801279,0,0.196867,0.800283,0,0,0.68749,1,0.179195,-3779577.37,1714236.835
1015,0,90.4018021,1416.109985,3,1.35444,272.5899963,0.50948,3,739.5180054,9.5677996,93.7546005,0.42487,0.502689,0.618049,0.22192,0,0.644348,0.883135,0,0.153409,0.380435,3,1,0.712912,1,0.198771,-3581117.952,1857410.391
1016,0,84.2100983,1021.719971,4,5.4933,521.9769897,0.516199,4,585.3640137,9.8688602,182.6419983,0.445644,0.541744,0.574255,0.389864,0,0.68898,0.826934,0,0.220228,0.219783,3,2,0.727396,1,0.183929,-3585303.849,1845345.897
1017,0,98.7238998,0,3,4.1510401,434.2810059,0.534353,4,280.072998,11.8108997,144.3639984,0.356995,0.274853,0.231448,0.693642,0,0.503462,0.865981,0,0.11118,0.166037,3,0,0.683183,1,0.179625,-3274330.665,1971983.185
1018,0,87.9021988,1001,5,5.1012902,281.9750061,0.527897,4,203.6889954,11.2560997,218.0870056,0.464744,0.256277,0.135415,0.663912,0,0.73114,0.902018,0,0.225118,0.269714,2,1,0.757439,0,0.19909,-3732801.682,1784374.196
1019,0,89.7769012,1033.719971,3,8.8895903,438.2780151,0.498313,4,436.8720093,10.2828999,32.9743996,0.448786,0.28366,0.40219,0.38185,0,0.649532,0.940733,0,0.170731,0.265346,0,1,0.681513,1,0.18865,-3767710.498,1712704.498
1020,0,63.5266991,1000.099976,3,8.4686203,474.053009,0.434497,2,974.9730225,7.6319199,262.6530151,0.509412,0.386752,0.535564,0.0547216,1,0.318041,0.572475,2,0.0958925,0.845594,0,0,0.646392,0,0.236926,-3472680.643,1880798.323
1021,0,76.3647995,1463.920044,4,10.7509003,654.8049927,0.459204,4,849.0670166,8.9872799,4.8650198,0.45799,0.5821,0.700736,0.257027,0,0.519571,0.865417,0,0.16427,0.274736,4,2,0.766604,1,0.188214,-3509993.279,1881435.97
1022,0,92.6772003,1006.409973,3,9.24545,430.2749939,0.491859,4,292.0079956,12.2925997,196.1369934,0.285219,0.33153,0.343782,0.580965,0,0.641267,0.902679,1,0.0847729,0.320359,1,1,0.639167,0,0.187102,-3276350.902,1981743.302
1023,0,83.3542023,2499.77002,2,11.5675001,660.4949951,0.511613,3,993.7080078,8.9836502,65.3262024,0.410204,0.510626,0.580712,0.0827277,0,0.513055,0.912394,0,0.0863201,0.257647,2,0,0.737268,1,0.174586,-3533622.386,1901015.505
1024,0,82.1230011,1001.210022,5,7.3054399,500.3940125,0.417329,2,365.4630127,12.4069004,173.1629944,0.306602,0.293844,0.287048,0.600076,0,0.563095,0.866643,0,0.0850246,0.663999,1,0,0.63701,1,0.197838,-3202160.395,1986931.491
1025,0,82.2498016,0,6,5.1048398,950.1939697,0.4796,4,312.5429993,8.1945896,65.2855988,0.555148,0.578566,0.272922,0.0612858,0,0.481267,0.936779,0,0.414507,0.349067,0,0,0.743248,0,0.187393,-3808360.068,1663690.982
1026,0,109.9720001,1044.790039,1,4.7683902,674.6669922,0.56543,4,950.6619873,8.7326298,273.8890076,0.434475,0.343939,0.633298,0.0597174,0,0.353779,0.902394,0,0.0781744,0.346646,1,1,0.723721,0,0.193802,-3563688.15,1874538.99
1027,0,76.3630981,1470.76001,4,7.63344,517.3359985,0.466804,3,745.1300049,9.1841202,163.2480011,0.456631,0.601658,0.674182,0.227326,0,0.536582,0.859175,0,0.192323,0.224054,2,0,0.774302,0,0.19465,-3495170.165,1886675.291
1028,0,100.2109985,1000.210022,3,4.3512702,335.4240112,0.495798,5,142.1260071,11.9910002,86.0020981,0.294373,0.218518,0.348418,0.674232,0,0.563863,0.912351,1,0.0328981,0.1872,4,0,0.663481,1,0.17955,-3384756.698,1963329.63
1029,0,79.2248001,2457.149902,4,14.9453001,708.4390259,0.494979,1,976.3530273,9.1121702,11.8165998,0.449817,0.355811,0.430748,0.200175,0,0.442334,0.70912,0,0.10073,0.230345,2,0,0.709374,1,0.17556,-3384300.814,1917387.541
1030,0,77.5337982,0,2,7.5945802,415.4400024,0.508556,3,943.1190186,8.5319099,166.6320038,0.430759,0.548171,0.39001,0.0819468,0,0.465921,0.905785,0,0.106434,0.242999,2,0,0.763264,1,0.1948,-3405273.156,1915039.881
1031,0,70.9056015,1418.01001,3,4.5654001,275.1610107,0.475062,1,200.1880035,12.8439999,313.4630127,0.314668,0.354263,0.184444,0.564946,0,0.562825,0.67608,1,0.108198,0.289216,1,2,0.686412,0,0.197822,-3180990.659,2015612.354
1032,0,91.2412033,2422.75,1,7.0703402,340.7909851,0.543248,1,573.1970215,11.5397997,106.5619965,0.364347,0.395245,0.216798,0.629242,0,0.631682,0.912603,0,0.113219,0.279148,1,1,0.719078,0,0.182147,-3263094.24,1973909.652
1033,0,81.8119965,0,3,2.4096301,176.276001,0.519684,4,932.901001,8.2996798,81.9841003,0.453508,0.32415,0.303633,0.0743013,0,0.373511,0.839185,0,0.0554631,0.325196,2,0,0.722374,1,0.202693,-3351330.767,1925442.673
1034,0,63.6262016,2003.5,3,2.0104301,99.9288025,0.484093,4,397.7349854,10.0269003,20.7866001,0.464038,0.329143,0.258986,0.347253,0,0.615701,0.891459,0,0.164629,0.225741,2,2,0.710045,1,0.2366,-3693667.662,1742895.953
1035,0,64.9932022,1426.810059,3,2.4098101,398.5480042,0.487847,4,732.6119995,9.1994495,262.7539978,0.505548,0.3395,0.199481,0.118509,0,0.56857,0.930478,0,0.231407,0.418674,0,2,0.69326,1,0.227745,-3684194.812,1723104.668
1036,0,94.4262009,2009.599976,1,11.1183996,528.0250244,0.526508,1,500.2120056,11.6416998,81.060997,0.360679,0.260543,0.221329,0.607044,1,0.465441,0.727876,0,0.131735,0.312054,1,1,0.683065,0,0.174386,-3267583.781,1973737.674
1037,0,75.9401016,1025.619995,3,11.9336004,561.7940063,0.497324,4,668.2440186,8.6682596,84.8155975,0.468901,0.621058,0.635246,0.113088,1,0.59806,0.890135,0,0.294465,0.243977,0,2,0.751102,0,0.200601,-3579755.184,1819157.935
1038,0,95.3132019,2035.98999,2,5.3754501,377.8959961,0.550542,1,398.7820129,10.7601995,109.3330002,0.385879,0.22064,0.34352,0.663469,0,0.487019,0.914677,0,0.0439982,0.222111,3,0,0.701531,1,0.165549,-3342633.328,1950485.507
1039,0,95.4144974,1421.25,2,3.13585,230.3849945,0.482178,4,79.4775009,13.1520996,28.8728008,0.241269,0.368886,0.54408,0.564472,0,0.554427,0.56481,1,0.0495547,0.25195,2,0,0.572797,1,0.187085,-3302620.157,2004250.648
1040,0,73.3203964,0,2,8.5326595,947.46698,0.442258,4,528.8280029,7.7605,23.9242992,0.455261,0.623823,0.701489,0.135801,0,0.478311,0.419014,0,0.157242,0.554217,2,2,0.754939,1,0.227169,-3497353.198,1868456.86
1041,0,92.8059006,2007.560059,3,2.17472,303.4089966,0.495049,4,247.9109955,13.0534,132.3000031,0.223319,0.343667,0.464062,0.497158,0,0.539578,0.818296,1,0.0458215,0.373143,2,1,0.55119,0,0.187415,-3272701.874,2008350.793
1042,0,107.9290009,1000.52002,3,0.515879,106.6559982,0.52468,4,299.6879883,11.1775999,252.4340057,0.368237,0.256305,0.1307,0.593343,1,0.627604,0.81015,1,0.108368,0.385839,2,2,0.64656,0,0.176713,-3649278.308,1818565.613
1043,0,91.254097,0,3,1.75387,191.7149963,0.539556,4,218.996994,12.1247997,304.5969849,0.171049,0.129511,0.294515,0.630225,1,0.502025,0.834219,2,0.0528116,0.206062,1,2,0.601485,0,0.184099,-3266690.92,1987872.108
1044,0,68.983902,1002.429993,3,2.26212,234.3849945,0.477939,4,191.9089966,10.6674004,84.3482971,0.457116,0.28995,0.29229,0.546845,0,0.680909,0.937672,0,0.162103,0.263817,1,2,0.711483,1,0.214892,-3743932.23,1737077.714
1045,0,102.4469986,2042.390015,2,5.8589702,468.3850098,0.504584,4,599.8179932,10.8764,50.5951004,0.42744,0.409632,0.322891,0.35695,0,0.575987,0.309852,0,0.12664,0.419394,0,3,0.654108,0,0.182776,-3632392.548,1837261.41
1046,0,98.8654022,2003.430054,3,3.66838,236.8379974,0.503878,4,386.6180115,11.6191998,60.7447014,0.330729,0.238247,0.310979,0.666536,0,0.529227,0.78551,0,0.0859639,0.209597,1,0,0.631669,0,0.180753,-3420081.32,1964564.681
1047,0,95.1026993,3845.790039,1,6.0921998,366.2820129,0.583569,1,745.1110229,11.7235003,226.8950043,0.256555,0.233326,0.19526,0.446936,0,0.53347,0.83384,0,0.0773021,0.165073,1,2,0.664553,0,0.170612,-3254655.238,1995512.387
1048,0,91.9161987,0,2,3.8334999,462.6669922,0.538431,3,586.6049805,8.4635801,154.1869965,0.412628,0.560564,0.685867,0.104415,0,0.547294,0.69877,2,0.160171,0.427797,4,2,0.685898,0,0.201072,-3567566.901,1853621.065
1049,0,63.7790985,0,3,3.5824201,267.6380005,0.445631,4,397.1759949,9.30089,304.3699951,0.491625,0.386913,0.19306,0.186641,0,0.560944,0.785122,0,0.274372,0.434675,0,0,0.620847,1,0.226517,-3678487.479,1714452.878
1050,0,69.7944031,1000.940002,3,3.5539601,204.0939941,0.510129,4,315.9240112,10.8681002,302.8059998,0.488352,0.361073,0.255748,0.583508,0,0.59657,0.914018,0,0.259087,0.281564,1,2,0.762143,1,0.217321,-3716996.473,1778438.787
1051,0,62.7817001,0,6,1.0488501,278.8179932,0.387055,4,642.815979,9.0817299,200.0110016,0.476402,0.68433,0.495376,0.197997,0,0.507926,0.913068,1,0.223839,0.362473,0,1,0.663551,0,0.234205,-3328345.048,1862829.197
1052,0,75.8014984,0,5,1.86755,254.7850037,0.480712,2,811.4390259,8.1474705,122.5350037,0.412839,0.459158,0.367404,0.100942,1,0.409424,0.63158,2,0.0777287,0.41315,2,0,0.655249,0,0.219997,-3414735.573,1906274.873
1053,0,76.360199,1010.440002,3,3.91731,292.9030151,0.430654,3,632.1989746,9.3998699,108.913002,0.47808,0.484891,0.544433,0.20811,1,0.585339,0.45435,2,0.139896,0.484122,1,2,0.621588,0,0.228213,-3590878.257,1820083.062
1054,0,84.3937988,1414.900024,3,1.82173,111.2779999,0.529768,4,202.4660034,11.1805,2.7909801,0.451509,0.264227,0.115724,0.60327,0,0.713495,0.928767,0,0.158426,0.327797,5,0,0.737217,0,0.206336,-3745911.971,1771165.276
1055,0,66.218399,2416.929932,5,7.0007701,316.7770081,0.420129,1,497.0740051,11.4918003,84.9916992,0.474899,0.317071,0.257565,0.541883,1,0.415861,0.689138,2,0.089882,0.597333,2,1,0.62967,0,0.217469,-3156960.798,1940751.456
1056,0,80.7643967,1000.309998,3,5.5541101,308.0499878,0.522784,2,1022.590027,7.7742901,99.5912018,0.472206,0.332968,0.292162,0.0311428,0,0.35971,0.921218,0,0.0634731,0.592122,1,0,0.748363,1,0.208096,-3358615.727,1916612.919
1057,0,67.3292999,1000.059998,3,3.5142,196.0429993,0.469066,4,466.5079956,11.6752996,194.1159973,0.467404,0.328011,0.243735,0.591909,1,0.464307,0.684167,2,0.0952923,0.510518,1,0,0.691703,0,0.195975,-3124642.134,1951883.866
1058,0,71.4763031,0,3,1.5375201,111.1470032,0.467344,4,157.121994,11.0206003,125.2109985,0.468808,0.266938,0.214897,0.538639,0,0.692518,0.913975,2,0.149753,0.364779,3,0,0.701287,1,0.219149,-3731312.402,1766460.411
1059,0,87.918602,3005.820068,3,6.5111198,381.8110046,0.535603,4,577.8569946,10.4476995,20.1576004,0.44403,0.501538,0.170891,0.541239,0,0.585969,0.72804,1,0.140985,0.266857,3,0,0.79476,1,0.187803,-3275585.258,1951554.672
1060,0,63.9650002,1415.060059,3,3.0121901,356.6329956,0.481084,4,457.0150146,9.3765497,20.2238007,0.498006,0.333728,0.211188,0.202729,0,0.579162,0.919033,0,0.221964,0.381119,0,2,0.695054,1,0.225975,-3683993.127,1727059.057
1061,0,71.2631989,0,3,3.96895,479.302002,0.484854,4,252.1269989,9.7402201,266.1270142,0.510251,0.296272,0.363923,0.225497,0,0.577384,0.927126,0,0.215618,0.641299,1,4,0.740498,1,0.227332,-3854788.315,1690408.694
1062,0,78.7128983,0,3,4.8413801,559.2329712,0.445323,4,482.553009,10.0277004,176.947998,0.416453,0.482916,0.681582,0.533864,0,0.627136,0.774513,1,0.150893,0.128327,3,0,0.674408,0,0.17634,-3506866.095,1890877.735
1063,0,58.2896004,0,5,3.4646499,156.9320068,0.434287,2,721.2550049,9.7198496,104.1070023,0.457158,0.350886,0.332858,0.283763,0,0.379397,0.796424,1,0.137336,0.613965,1,0,0.587249,0,0.233906,-3238948.794,1928848.469
1064,0,60.4431,0,3,6.8262401,425.7850037,0.456619,4,228.9140015,9.9918003,75.0437012,0.465603,0.365174,0.243874,0.33387,0,0.574514,0.652369,1,0.247895,0.283369,0,2,0.627866,0,0.222503,-3680530.856,1736831.391
1065,0,89.9636002,0,2,0.998128,156.0079956,0.524534,4,141.927002,12.5487003,125.5110016,0.330984,0.298749,0.405924,0.674438,0,0.581801,0.928047,2,0.079411,0.166254,2,0,0.679078,0,0.185897,-3315949.376,1986798.648
1066,0,90.410202,1449.829956,5,10.4807997,600.2810059,0.5463,1,1032.380005,10.0156002,8.5296097,0.399238,0.393326,0.159164,0.195317,0,0.523895,0.883532,1,0.152531,0.31309,2,0,0.70964,1,0.175835,-3221334.979,1969522.135
1067,0,88.3492966,1033.319946,2,12.2552004,601.8400269,0.563811,4,892.5349731,8.2958603,265.0809937,0.43438,0.598485,0.681716,0.0538691,0,0.575169,0.84522,0,0.17667,0.29735,2,2,0.74957,0,0.200907,-3563188.956,1861170.558
1068,0,68.1539993,1000.02002,6,1.51408,233.9980011,0.471783,4,468.8169861,9.8464499,193.1390076,0.475464,0.314343,0.313725,0.291998,0,0.616632,0.89418,0,0.153425,0.307588,1,2,0.710448,1,0.217161,-3737697.984,1713991.441
1069,0,87.969902,1012.780029,5,12.8653002,590.9429932,0.556356,4,947.3759766,8.1589003,256.8370056,0.482685,0.615981,0.669905,0.0455501,0,0.597274,0.847908,0,0.261198,0.390215,2,2,0.771652,0,0.201158,-3575983.352,1836320.357
1070,0,95.572197,1000.01001,3,2.6064301,170.9279938,0.470357,4,100.7959976,12.7481003,355.6530151,0.331031,0.293987,0.123172,0.674312,1,0.609922,0.847301,2,0.0880647,0.258596,2,0,0.652885,0,0.188289,-3410430.915,1979465.981
1071,0,75.0891037,0,5,2.67151,185.345993,0.492398,4,103.3889999,10.7067003,105.6740036,0.492007,0.224085,0.343855,0.314848,0,0.719999,0.922215,1,0.233122,0.250704,6,6,0.665845,1,0.192497,-3934235.879,1669012.684
1072,0,80.2065964,1457.199951,2,4.81249,624.2739868,0.535708,3,966.5700073,8.5668898,42.4943008,0.431642,0.53835,0.384413,0.129946,0,0.505111,0.900212,0,0.120208,0.192688,3,0,0.750149,1,0.189248,-3401997.763,1918824.404
1073,0,70.9517975,2432.120117,2,8.6786499,569.4639893,0.455248,4,936.7030029,8.8548203,122.8079987,0.476067,0.578703,0.702733,0.102603,0,0.47565,0.90405,0,0.145926,0.361248,1,2,0.774707,0,0.190759,-3520688.058,1880456.897
1074,0,80.4432983,1000.01001,4,8.5946798,544.0620117,0.50748,3,563.5859985,9.1796999,31.7227993,0.407445,0.299405,0.433369,0.335699,0,0.482331,0.907812,0,0.0711821,0.208604,3,0,0.679339,1,0.176775,-3402491.639,1924328.127
1075,0,81.922699,2838.370117,3,2.15434,186.7890015,0.495569,4,502.3829956,11.4130001,138.647995,0.390109,0.440985,0.254407,0.607785,1,0.630288,0.913461,0,0.0910884,0.22727,2,1,0.715932,0,0.19784,-3265225.757,1959775.272
1076,0,98.2370987,1006.559998,2,5.0878801,275.1789856,0.499719,4,332.3569946,11.8077002,193.0010071,0.291612,0.236839,0.293741,0.695489,0,0.550192,0.836598,0,0.0837595,0.189972,2,0,0.60461,0,0.184917,-3412908.377,1965317.57
1077,0,64.8830032,0,3,2.08055,149.1450043,0.461776,4,230.7689972,10.3552999,229.8280029,0.441117,0.332475,0.284267,0.415299,1,0.615564,0.834996,1,0.149368,0.367086,3,2,0.671725,1,0.232721,-3707154.228,1746642.593
1078,0,77.2229004,1000.440002,3,0.92116,145.3049927,0.468234,4,219.552002,11.1069002,176.7519989,0.348974,0.140715,0.30834,0.615893,0,0.526155,0.937625,0,0.12705,0.207698,0,2,0.679566,1,0.214215,-3765573.371,1738328.423
1079,0,99.790802,1416.170044,1,8.3156996,415.6610107,0.578792,4,457.7669983,11.8964996,276.0509949,0.180132,0.132865,0.202447,0.582528,0,0.501912,0.713495,0,0.0684766,0.122696,2,1,0.633855,0,0.169477,-3258986.253,2000080.846
1080,0,66.6984024,0,3,0.98115,515.8579712,0.502599,4,462.5570068,9.0605297,96.456398,0.502352,0.345086,0.226529,0.104144,0,0.563312,0.920001,0,0.216185,0.485396,3,2,0.71016,1,0.226153,-3719130.201,1706635.695
1081,0,95.4865036,0,5,2.0681701,131.4329987,0.503682,4,180.427002,12.1352997,164.746994,0.335696,0.294674,0.32255,0.552806,1,0.531754,0.913285,1,0.095775,0.185401,3,0,0.631526,1,0.185931,-3278384.912,1971949.464
1082,0,71.9000015,1419.560059,5,1.78487,282.696991,0.487254,4,160.9640045,10.7886,144.7669983,0.460801,0.287195,0.255754,0.580525,0,0.686736,0.946831,0,0.150121,0.207892,1,1,0.730876,1,0.215707,-3743574.186,1746672.086
1083,0,85.9933014,0,2,7.1658101,1045.660034,0.515701,4,582.9890137,8.4359303,288.8770142,0.398327,0.283994,0.359478,0.202549,0,0.39643,0.917261,0,0.0751304,0.235993,2,0,0.672294,1,0.170479,-3433695.984,1929987.068
1084,0,60.9301987,1425.670044,6,2.0353,484.2130127,0.390604,1,737.6710205,11.1288004,329.776001,0.295946,0.104764,0.267421,0.479426,0,0.307966,0.429317,1,0.058209,0.446629,1,1,0.43498,0,0.223916,-3175217.089,1948426.262
1085,0,79.0944977,0,3,1.41109,674.5780029,0.460564,4,728.0579834,8.5998402,121.2730026,0.428773,0.519372,0.418295,0.120493,0,0.516638,0.900591,0,0.124373,0.309323,2,0,0.743188,1,0.200311,-3437853.78,1921081.935
1086,0,86.3965988,2435.689941,3,6.9200802,446.1210022,0.525262,2,604.8720093,10.8727999,241.9689941,0.375363,0.238583,0.219625,0.553672,0,0.49927,0.89544,0,0.0524001,0.207927,1,0,0.711201,1,0.181752,-3307971.451,1954818.383
1087,0,77.0203018,1451.709961,3,12.9035997,638.7960205,0.488583,3,737.5380249,9.2613297,220.5310059,0.412218,0.547382,0.465798,0.281769,0,0.556828,0.87103,0,0.15259,0.171657,3,0,0.740725,1,0.185282,-3409394.656,1920464.597
1088,0,58.4062004,2004.869995,3,2.6222999,278.6619873,0.410669,1,780.3250122,10.5184002,249.8059998,0.284665,0.131169,0.318715,0.399526,0,0.363141,0.711748,1,0.0909897,0.608377,0,0,0.624792,1,0.218342,-3211051.039,1955195.105
1089,0,65.1098022,1000.030029,3,4.8574901,245.8549957,0.425327,2,877.0789795,8.2650299,353.3399963,0.488409,0.485205,0.376328,0.150569,0,0.40804,0.833636,0,0.213006,0.508081,1,1,0.644839,1,0.223553,-3323668.321,1891600.162
1090,0,89.3682022,2416.840088,3,0.704891,137.2220001,0.483018,4,223.4190063,11.5249004,120.6849976,0.463469,0.261418,0.212647,0.709028,0,0.739161,0.922246,0,0.146502,0.21597,2,1,0.751423,1,0.206428,-3768914.41,1758173.027
1091,0,76.0859985,1003.119995,4,10.8316002,728.947998,0.462706,3,566.6530151,8.5990496,278.9639893,0.448059,0.584944,0.644894,0.199024,0,0.507203,0.901653,0,0.160484,0.278689,1,0,0.749583,0,0.197669,-3490972.336,1885257.75
1092,0,67.6725006,1000.340027,3,2.7360301,219.9109955,0.47711,4,195.0119934,10.7461004,317.3630066,0.45767,0.291042,0.246009,0.544195,0,0.687221,0.913598,0,0.149916,0.275913,3,0,0.730567,1,0.225377,-3725616.594,1761359.795
1093,0,101.4449997,1001.359985,2,5.2971702,293.9970093,0.548603,4,708.0059814,9.1511698,209.8500061,0.437063,0.373829,0.657081,0.135705,0,0.440288,0.909328,0,0.100379,0.337384,2,2,0.712108,0,0.196523,-3566289.904,1869689.897
1094,0,67.7555008,1419.280029,3,5.8055201,310.6080017,0.427704,1,263.855011,12.6638002,105.8209991,0.362317,0.329077,0.359325,0.441667,0,0.491741,0.599643,1,0.13852,0.279036,1,0,0.640169,0,0.198243,-3105539.001,1975789.197
1095,0,84.0142975,1000.679993,5,7.4517899,445.6659851,0.436345,4,154.9909973,10.0559998,227.5330048,0.483296,0.330286,0.454557,0.326468,0,0.626595,0.901438,0,0.240106,0.164691,1,2,0.706405,1,0.202242,-3818603.107,1683334.468
1096,0,95.3466034,2418.389893,3,5.00385,464.5559998,0.537211,4,876.96698,8.7421198,61.8474007,0.420583,0.244975,0.355445,0.0732543,0,0.276988,0.930642,0,0.0566157,0.280477,2,1,0.68082,1,0.182461,-3428317.922,1938051.454
1097,0,98.2316971,1415.410034,3,1.3029799,128.7830048,0.501454,4,196.654007,12.7931004,246.4400024,0.318668,0.288211,0.379721,0.663515,0,0.606579,0.79822,0,0.0695117,0.153044,5,0,0.662066,1,0.183715,-3346816.792,1987495.387
1098,0,78.9207001,0,2,5.1394901,489.7489929,0.451632,4,760.6950073,8.4299297,121.2649994,0.427548,0.267163,0.664095,0.0574893,0,0.289135,0.8641,1,0.042518,0.595631,1,0,0.645909,0,0.227646,-3543918.007,1879991.991
1099,0,68.8195038,1003.789978,3,3.0139201,156.1710052,0.477419,4,407.0780029,10.1850996,66.2291031,0.471157,0.315954,0.26838,0.399665,0,0.642916,0.918639,0,0.171674,0.308398,3,3,0.725427,1,0.23054,-3693376.524,1750490.893
1100,0,99.7941971,1001.059998,3,3.7197399,394.0820007,0.511138,5,172.4660034,11.6162004,95.6968002,0.308255,0.214041,0.369955,0.720059,0,0.57463,0.814291,0,0.0394397,0.164861,2,0,0.660571,1,0.178006,-3390034.929,1957201.762
1101,0,64.351799,0,5,0.66154,142.9720001,0.463431,4,209.9499969,10.5885,16.3169994,0.444761,0.318002,0.294545,0.506545,0,0.656978,0.839472,0,0.149317,0.263678,3,3,0.697783,1,0.222121,-3733353.86,1736924.075
1102,0,84.3536987,3063.540039,1,10.2053003,688.2039795,0.517167,1,678.6040039,12.4754,29.5755005,0.185943,0.132752,0.192257,0.676656,0,0.547529,0.308234,0,0.0810174,0.195566,4,0,0.6383,0,0.171252,-3239129.586,2013751.963
1103,0,76.5198975,2459.340088,3,5.1412101,511.9089966,0.464525,4,921.4860229,8.9641399,73.0677032,0.497029,0.594092,0.68745,0.13374,0,0.50044,0.954016,0,0.165042,0.300112,2,0,0.784296,1,0.193064,-3507102.149,1884035.682
1104,0,106.9199982,2439.709961,3,6.9968801,465.0239868,0.543842,2,505.7909851,13.3799,114.5920029,0.344314,0.278742,0.275898,0.665167,0,0.557042,0.875446,0,0.123712,0.452026,1,0,0.711779,0,0.16256,-3134282.248,2022611.611
1105,0,77.2237015,3063.820068,2,5.0711002,518.242981,0.472091,1,403.3609924,11.6707001,343.7869873,0.426045,0.302099,0.231271,0.658669,1,0.621295,0.44842,1,0.183636,0.47011,0,0,0.716042,0,0.19557,-3686882.17,1811660.032
1106,0,134.3829956,0,1,7.1176,687.8660278,0.561981,4,1054.170044,7.55337,81.1656036,0.484578,0.258798,0.444593,0,0,0.569994,0.636886,0,0.194531,0.654798,2,1,0.586714,0,0.182353,-3620020.338,1818603.126
1107,0,79.6557007,0,6,2.26351,257.3729858,0.439653,4,264.0190125,11.1540003,68.0063019,0.383402,0.401947,0.302243,0.5455,0,0.473806,0.568747,1,0.0836316,0.188829,2,0,0.683306,0,0.192968,-3269646.349,1945896.17
1108,0,97.0521011,0,3,2.91026,233.1809998,0.487311,4,166.2949982,12.3781004,295.0039978,0.307714,0.263858,0.194241,0.699832,0,0.574117,0.892842,1,0.0753489,0.251285,2,0,0.634816,0,0.185988,-3409367.269,1974065.659
1109,0,90.5615005,1010.299988,2,7.3389702,346.3529968,0.533551,4,212.4539948,11.6639004,59.4473,0.474022,0.300425,0.114527,0.731085,0,0.591089,0.286529,1,0.256637,0.369693,1,1,0.743288,0,0.192188,-3731167.217,1795835.062
1110,0,88.9593964,1090.920044,2,11.0424004,759.2890015,0.516985,4,1246.310059,7.81498,280.6600037,0.32091,0.110132,0.338403,0.02206,0,0.239798,0.881932,2,0.0652499,0.502413,1,0,0.588692,0,0.204121,-3454801.98,1921130.689
1111,0,78.9608002,1022.700012,5,5.6634798,389.7810059,0.504128,4,226.0379944,11.3404999,257.9599915,0.497372,0.211266,0.347114,0.414633,0,0.726993,0.888834,0,0.25255,0.346353,4,6,0.655213,1,0.19203,-3927848.533,1677309.005
1112,0,90.2477036,1415.459961,3,3.87198,237.9900055,0.546498,4,383.6579895,11.8450003,223.5180054,0.193626,0.149275,0.223015,0.673166,0,0.539964,0.910443,0,0.0748843,0.156797,0,0,0.650827,1,0.173249,-3239777.209,1995727.115
1113,0,79.0842972,0,3,4.6946101,380.5280151,0.523884,1,967.1359863,7.8112602,258.7590027,0.487884,0.316198,0.270662,0.0478796,1,0.350567,0.734581,2,0.0571467,0.594116,1,0,0.717117,1,0.203527,-3345468.268,1920417.284
1114,0,92.455101,1018.450012,1,7.8993101,407.9639893,0.520984,1,382.0429993,13.3423004,316.8670044,0.328978,0.244887,0.403509,0.582211,1,0.538164,0.602338,2,0.0897097,0.111613,2,0,0.642438,1,0.167366,-3096698.517,2014483.91
1115,0,96.6885986,0,3,1.10708,167.2319946,0.497174,4,187.1470032,12.6718998,337.3340149,0.307234,0.28146,0.422314,0.591718,0,0.608363,0.859298,1,0.0810755,0.291034,4,0,0.654619,0,0.18493,-3301957.788,1996654.417
1116,0,61.4374008,0,7,1.99981,317.3980103,0.420515,2,719.0009766,7.54425,195.2660065,0.51305,0.544843,0.403273,0.0540421,0,0.348741,0.843984,0,0.237157,0.625212,0,0,0.667978,1,0.24209,-3453062.243,1789731.063
1117,0,67.0417023,1443.560059,3,10.2124996,479.802002,0.456594,4,470.243988,9.5138397,128.0709991,0.519828,0.318573,0.405698,0.144949,0,0.548076,0.929459,0,0.300744,0.326831,1,2,0.726258,1,0.2131,-3853136.41,1677926.865
1118,0,93.5904999,1525.560059,2,13.3713999,831.9769897,0.560908,3,1066.400024,8.6850204,156.7680054,0.466159,0.561939,0.506768,0.0630962,0,0.487903,0.937084,0,0.168974,0.197811,4,1,0.773893,0,0.182577,-3481976.483,1913505.228
1119,0,89.2937012,1415.449951,3,5.14009,251.6210022,0.496069,1,679.7030029,10.4497995,20.4782009,0.327408,0.0972984,0.208547,0.488042,1,0.328726,0.686444,2,0.06393,0.309084,1,0,0.600667,0,0.192153,-3205715.239,1966744.878
1120,0,73.2443008,0,5,5.7390399,361.6860046,0.490749,4,212.0570068,10.0802002,286.0390015,0.510247,0.235043,0.36723,0.240791,0,0.691817,0.858145,0,0.278176,0.214614,7,2,0.656147,1,0.192701,-3933503.679,1664461.745
1121,0,90.6718979,1000.51001,3,2.83778,228.746994,0.508148,1,464.1220093,10.9794998,137.746994,0.391812,0.43783,0.157657,0.634822,0,0.589176,0.890354,0,0.0803131,0.263668,6,1,0.765246,1,0.192088,-3289872.258,1955654.646
1122,0,86.3283997,0,3,1.23153,188.7559967,0.524488,1,338.928009,11.6029997,220.9859924,0.384947,0.386489,0.268786,0.654516,1,0.651196,0.687804,0,0.0669885,0.294598,1,1,0.674481,0,0.197786,-3256592.664,1973593.116
1123,0,74.3656006,0,5,2.5308499,367.769989,0.486648,4,59.8132019,10.7939997,299.1380005,0.49955,0.217986,0.350928,0.364846,0,0.715415,0.931379,0,0.238553,0.255798,6,6,0.661166,1,0.19466,-3930953.097,1670379.483
1124,0,68.3495026,0,1,2.8752699,169.5850067,0.426258,4,280.144989,12.3149996,88.4129028,0.334645,0.281762,0.242868,0.548375,0,0.442194,0.667836,2,0.0969826,0.41744,1,1,0.60147,0,0.20043,-3165834.94,1971737.742
1125,0,87.2137985,1000,3,5.0317798,343.6369934,0.526624,4,340.2810059,11.5960999,309.0639954,0.363555,0.452007,0.244879,0.662869,1,0.68534,0.796486,1,0.102207,0.193321,1,1,0.71879,0,0.191287,-3265041.698,1967009.154
1126,0,95.7602005,1418.819946,2,3.77564,262.3930054,0.561982,4,245.8910065,11.8484001,122.5299988,0.474907,0.328063,-0.0071337,0.747052,0,0.646661,0.920276,0,0.27484,0.342126,0,0,0.786274,1,0.182821,-3743885.612,1790007.223
1127,0,100.5410004,1027.969971,2,6.803,392.0859985,0.558198,4,704.6719971,10.1239004,349.8049927,0.531314,0.50667,0.203448,0.248121,0,0.650425,0.805769,0,0.177457,0.350952,1,0,0.781256,1,0.191928,-3649245.594,1794409.191
1128,0,84.0270996,0,2,2.7234199,150.8339996,0.527146,2,505.5209961,10.3732996,147.223999,0.367995,0.270218,0.228062,0.525299,0,0.524112,0.744281,2,0.0429824,0.212294,4,0,0.670256,1,0.174153,-3305739.34,1948676.119
1129,0,98.6787033,2022.859985,1,0.618554,477.6329956,0.476636,1,434.4200134,12.2777004,6.9834599,0.328133,0.219498,0.396631,0.687691,1,0.461219,0.394609,2,0.0756341,0.213931,3,0,0.588384,0,0.176949,-3350515.155,1968806.838
1130,0,87.8945007,2000.23999,2,3.37621,240.2899933,0.491438,4,68.3200989,12.1753998,311.223999,0.474742,0.332125,0.192674,0.751954,0,0.67832,0.781128,0,0.267746,0.403865,0,2,0.769366,0,0.204497,-3724534.702,1806091.704
1131,0,66.6877975,2414.429932,3,2.6650801,170.1880035,0.471735,4,173.2599945,10.8515997,3.3714001,0.449881,0.300754,0.254279,0.532587,0,0.686778,0.838822,0,0.145801,0.258441,3,1,0.715078,1,0.221577,-3735646.693,1750769.87
1132,0,89.7017975,2002.810059,1,7.1928501,319.0769958,0.545973,4,381.1040039,11.8149996,118.0510025,0.356128,0.388705,0.271192,0.674135,0,0.662911,0.824671,1,0.0950665,0.220603,1,1,0.699486,1,0.187877,-3260710.003,1979009.264
1133,0,53.9724007,1004.369995,5,1.6256,295.5190125,0.349141,5,489.2009888,10.5881004,202.5789948,0.437458,0.558701,-0.256786,0.131944,0,0.375582,0.633889,0,0.407602,0.846788,2,0,0.496264,0,0.242283,-3510741.887,1713779.969
1134,0,110.7020035,0,2,4.3783202,539.8790283,0.557292,4,774.0700073,8.7072096,60.4362984,0.473465,0.312429,0.485202,0.0227124,0,0.558494,0.904305,0,0.202464,0.479413,1,2,0.699026,0,0.185119,-3615088.25,1829625.245
1135,0,96.9673996,0,3,1.37614,238.6529999,0.547483,4,40.1764984,11.7987003,293.4710083,0.451726,0.314786,0.0523852,0.751394,0,0.667287,0.813866,0,0.226042,0.337307,1,0,0.749741,0,0.188158,-3754474.055,1778738.13
1136,0,93.3746033,1417.02002,3,2.5701499,133.3650055,0.487218,4,286.8129883,12.0115004,163.6230011,0.326352,0.294795,0.322706,0.619794,1,0.526045,0.84504,1,0.0844708,0.222734,2,0,0.660637,0,0.189456,-3286434.311,1965535.347
1137,0,83.4595032,0,2,8.4049101,470.6589966,0.558599,2,552.3410034,9.8521299,191.2089996,0.411486,0.276235,0.192213,0.327189,0,0.475986,0.894272,0,0.0640308,0.251346,4,0,0.685528,0,0.183785,-3302308.949,1946792.913
1138,0,71.1521988,0,7,1.20666,751.2249756,0.470596,4,213.2579956,8.7878599,169.3090057,0.520791,0.261882,0.388565,0.0874783,0,0.668932,0.793462,0,0.322344,0.363101,6,3,0.631345,1,0.200077,-3931642.066,1657266.104
1139,0,102.1620026,1004.369995,3,1.2219501,253.9750061,0.549463,3,294.5,13.5924997,85.1604004,0.334465,0.312854,0.377009,0.65146,0,0.61381,0.923195,0,0.108377,0.240692,1,0,0.724209,1,0.160745,-3106061.944,2020714.43
1140,0,87.7332001,2414.530029,3,1.0794801,110.1829987,0.520531,4,442.1679993,11.915,92.1980972,0.3291,0.289046,0.260464,0.635141,0,0.589734,0.889325,2,0.062446,0.257442,1,0,0.615776,0,0.190351,-3244680.35,1992623.294
1141,0,97.134201,2001.01001,2,1.60452,177.7389984,0.472911,4,138.7610016,12.3129997,346.2279968,0.273929,0.26761,0.273628,0.692167,0,0.591807,0.839209,0,0.0742783,0.195152,2,0,0.609069,0,0.18692,-3400857.506,1968656.369
1142,0,98.0746002,2003.979981,3,3.29337,379.0660095,0.490515,4,108.9550018,12.3733997,102.4980011,0.303447,0.264967,0.189126,0.694134,0,0.577454,0.851542,1,0.085842,0.20044,2,0,0.633267,0,0.185839,-3412680.028,1973943.103
1143,0,69.5613022,1008.929993,1,10.4343996,657.8989868,0.438479,3,488.6119995,9.2179899,172.5829926,0.416372,0.322823,0.6984,0.232807,0,0.360505,0.829147,0,0.0937371,0.318128,2,2,0.691444,1,0.188019,-3529489.423,1883017.765
1144,0,81.8858032,1452.680054,3,5.6935902,369.131012,0.483006,4,449.9249878,9.9497004,133.548996,0.50357,0.384113,0.432907,0.272714,0,0.546879,0.92164,0,0.225997,0.221407,0,2,0.733344,1,0.204668,-3826077.097,1694849.242
1145,0,83.8271027,1011.280029,3,3.7868199,586.2910156,0.480843,4,441.5599976,10.6922998,56.9063988,0.427795,0.490785,0.507428,0.599315,0,0.718012,0.670329,0,0.152182,0.268408,3,1,0.700015,0,0.181735,-3596998.716,1849626.606
1146,0,85.8019028,1012.099976,3,3.94224,375.3439941,0.444548,4,176.8339996,11.6286001,51.728199,0.352574,0.13015,0.263275,0.742752,0,0.570722,0.521394,0,0.177899,0.354092,2,0,0.699458,1,0.206469,-3775748.205,1750796.563
1147,0,82.7181015,1008.25,3,10.3568001,519.3920288,0.429745,4,312.625,12.1795998,80.5318985,0.335278,0.29324,0.301408,0.59361,0,0.567041,0.697161,1,0.0900675,0.410168,0,0,0.636557,0,0.193353,-3206670.21,1983667.482
1148,0,96.7706985,2012.949951,2,4.20123,297.9049988,0.517449,3,314.6459961,11.1090002,204.9859924,0.351043,0.415919,0.541619,0.726864,0,0.672722,0.909097,0,0.0983743,0.138676,1,1,0.727318,1,0.169293,-3498244.254,1926847.837
1149,0,89.2294006,0,3,2.24385,311.6239929,0.514165,1,359.0329895,12.0605001,180.0820007,0.323532,0.401287,0.316974,0.589638,1,0.677347,0.571076,0,0.0809693,0.268061,1,2,0.66062,0,0.189926,-3263731.833,1980508.611
1150,0,110.5289993,1004.099976,2,3.1384499,249.1909943,0.545324,4,268.7120056,11.5766001,359.0209961,0.376427,0.236188,0.195052,0.680992,0,0.695618,0.772664,1,0.125844,0.223052,1,2,0.683257,0,0.172317,-3653544.477,1827913.179
1151,0,59.4618988,1015.289978,2,5.2161298,310.0010071,0.430459,4,391.006012,10.1377001,313.1860046,0.460802,0.373962,0.243791,0.304937,0,0.58623,0.878295,0,0.245027,0.410064,0,0,0.641236,1,0.222133,-3677576.841,1735550.641
1152,0,93.3707962,1007.48999,2,2.8987501,300.6629944,0.478196,1,262.0880127,12.2749996,60.6917992,0.286833,0.272572,0.438849,0.582328,0,0.557244,0.906775,1,0.0867258,0.164379,2,0,0.588379,0,0.17925,-3345119.088,1961038.451
1153,0,128.7449951,0,1,7.1553602,483.026001,0.587593,4,496.125,10.0208998,143.2189941,0.433258,0.29812,0.315959,0.242445,0,0.596646,0.761965,0,0.232621,0.141567,1,3,0.69826,0,0.15852,-3641295.719,1829628.526
1154,0,98.6965027,2419.189941,3,2.2302799,249.0209961,0.498177,4,338.9530029,11.5913,71.1544037,0.36946,0.19893,0.131218,0.648387,1,0.518628,0.391554,2,0.082702,0.418445,2,2,0.568164,0,0.182996,-3657525.667,1822137.942
1155,0,97.6046982,2414.790039,3,0.582485,85.6875992,0.499885,4,140.4649963,13.4371996,50.843399,0.344305,0.306822,0.385726,0.680942,0,0.599549,0.871816,0,0.0797196,0.160237,4,0,0.675992,1,0.187192,-3351162.395,1999622.778
1156,0,64.8704987,1440.02002,3,8.1398602,469.6040039,0.452479,4,606.4110107,9.1810503,7.08636,0.516577,0.376823,0.175191,0.0656687,0,0.536282,0.806437,0,0.341797,0.365791,0,0,0.59191,1,0.217165,-3675117.587,1700523.078
1157,0,66.5970001,1007.369995,3,4.4282198,235.1719971,0.48246,4,294.3009949,10.7103004,290.2139893,0.459567,0.295115,0.284786,0.525141,0,0.686655,0.869359,0,0.201708,0.18943,3,0,0.721883,1,0.220864,-3713757.573,1766568.514
1158,0,64.6841965,0,7,3.5987501,408.8919983,0.487319,4,537.9169922,8.7658701,328.3580017,0.511565,0.365399,0.212851,0.0571843,0,0.536733,0.928187,0,0.23594,0.474654,3,2,0.692486,1,0.234757,-3721644.776,1696480.027
1159,0,67.6669998,0,3,1.98638,162.0809937,0.471248,4,248.5879974,12.3544998,166.3930054,0.339077,0.411984,0.25533,0.545832,0,0.46695,0.801203,0,0.0958613,0.188496,1,1,0.644811,1,0.201897,-3137423.861,1963423.855
1160,0,91.8832016,2423.27002,5,6.1125102,310.8729858,0.49476,4,416.4150085,10.6803999,302.776001,0.481531,0.468842,0.118875,0.548873,0,0.656801,0.553821,2,0.12931,0.424895,0,0,0.764639,0,0.192118,-3657661.367,1798371.113
1161,0,105.1110001,0,2,1.61893,645.1959839,0.519665,1,446.1539917,10.0742998,108.3889999,0.441193,0.53028,0.406408,0.199443,0,0.686156,0.868342,0,0.238339,0.34889,1,3,0.723798,0,0.182099,-3620850.475,1833828.559
1162,0,85.1578979,1009.799988,5,7.2074499,345.3909912,0.501466,4,453.5,10.1939001,271.4400024,0.527208,0.402869,0.183957,0.302323,1,0.534396,0.529604,2,0.116124,0.355378,1,0,0.648625,0,0.206821,-3648838.771,1784860.018
1163,0,65.7957001,0,3,1.1331,123.6470032,0.431135,4,408.8210144,11.2461996,164.4680023,0.403962,0.425314,0.365233,0.456063,1,0.558455,0.593782,1,0.0661563,0.309038,2,0,0.641914,0,0.218306,-3249642.285,1953209.719
1164,0,84.4824982,1000.710022,3,1.66529,101.6380005,0.508899,2,371.4970093,11.0649996,217.2570038,0.358499,0.266263,0.270685,0.651635,1,0.554486,0.750807,2,0.0408811,0.1549,3,0,0.68703,1,0.17417,-3307597.08,1951552.748
1165,0,84.5643997,1000.109985,3,3.7481201,254.701004,0.526591,2,946.3200073,8.0038605,311.6470032,0.456677,0.240638,0.295235,0.0626575,1,0.243549,0.540058,2,0.0321213,0.450975,2,0,0.623982,1,0.208355,-3355877.539,1921943.651
1166,0,90.9225006,0,2,5.8526201,475.0130005,0.530036,4,739.1900024,8.2834501,215.2449951,0.514145,0.533818,0.452687,0.0246309,0,0.59397,0.818809,0,0.139262,0.356905,1,2,0.768021,0,0.181138,-3621426.286,1806801.253
1167,0,52.6090012,0,3,3.1186399,476.6799927,0.389655,4,272.1659851,7.68472,343.7219849,0.599432,0.39266,0.210844,0,0,0.533638,0.718193,0,0.321684,0.36848,2,0,0.55206,1,0.242448,-4143821.846,1459592.572
1168,0,87.3740997,0,1,1.5567501,594.5009766,0.493714,4,217.1380005,9.8982601,307.3540039,0.485333,0.355358,0.452463,0.266986,0,0.563264,0.935614,0,0.18719,0.357528,0,2,0.720069,1,0.203606,-3818286.111,1695064.65
1169,0,74.8746033,1021.5,5,8.9915895,601.8499756,0.447726,4,633.5930176,8.7429895,55.0247993,0.435899,0.594585,0.667289,0.319722,0,0.526023,0.822687,0,0.153649,0.253893,1,2,0.744253,1,0.196767,-3490913.659,1881221.743
1170,0,66.9095001,0,3,3.4296899,336.6659851,0.458001,4,124.3899994,10.8037996,21.8735008,0.471098,0.323679,0.314913,0.530779,1,0.610435,0.478938,1,0.212642,0.211792,0,0,0.65791,0,0.212118,-3705310.545,1776369.817
1171,0,90.8068008,1005,3,5.4887199,393.6409912,0.502871,1,601.9229736,11.1700001,324.3659973,0.377868,0.437412,0.184168,0.659432,0,0.593481,0.906582,0,0.0986573,0.204526,3,0,0.761685,1,0.191022,-3286429.902,1954960.93
1172,0,85.7853012,1005.169983,2,4.6841102,340.5230103,0.538199,1,997.1749878,9.8174,202.0540009,0.411407,0.484519,0.157205,0.180493,0,0.602341,0.287475,1,0.140701,0.356246,2,0,0.724326,0,0.181583,-3224002.985,1965156.153
1173,0,85.3813019,1000.109985,4,2.5641899,215.3399963,0.517803,2,967.098999,9.0202799,54.8494987,0.442515,0.299222,0.182643,0.085633,0,0.389433,0.905606,0,0.0634669,0.246869,2,0,0.719659,1,0.164516,-3314570.629,1945296.828
1174,0,108.5670013,0,2,4.5655298,454.3420105,0.555286,4,501.321991,9.3663197,227.9589996,0.41344,0.302357,0.648797,0.192519,0,0.387754,0.921288,0,0.06762,0.29572,1,1,0.678497,0,0.192664,-3566786.449,1873329.435
1175,0,87.2003021,1065.709961,2,11.1514997,635.1370239,0.554225,1,1015.650024,8.4912596,24.1392002,0.440758,0.312693,0.338282,0.108843,0,0.398316,0.747286,0,0.0722933,0.273495,3,0,0.705771,1,0.185345,-3373115.804,1926172.06
1176,0,72.7353973,1433.719971,3,3.76914,618.992981,0.454591,4,731.7839966,9.2576799,190.0599976,0.473626,0.39649,0.435246,0.111736,0,0.344554,0.727253,2,0.324454,0.377822,1,2,0.537204,0,0.215743,-3604074.816,1751748.667
1177,0,75.3458023,1002.950012,2,8.81147,435.1170044,0.483015,3,655.8070068,9.1326199,139.2429962,0.404314,0.559153,0.660977,0.205565,0,0.5468,0.932054,0,0.143178,0.209215,2,0,0.753223,1,0.189857,-3522067.733,1891110.35
1178,0,98.1937027,0,3,1.67948,327.1159973,0.518159,4,249.1199951,11.4897003,226.1049957,0.288254,0.240869,0.330459,0.70606,1,0.573062,0.920955,1,0.0818271,0.211453,2,0,0.598243,1,0.17995,-3416948.435,1961996.572
1179,0,88.0451965,0,3,5.3489299,366.5039978,0.506976,2,141.5500031,11.8148003,103.1039963,0.326734,0.279234,0.391012,0.695609,0,0.53897,0.8336,1,0.0919923,0.155584,2,0,0.653369,1,0.177142,-3333516.06,1959861.279
1180,0,68.9798965,2423.030029,5,6.4822798,310.5,0.446406,4,291.2940063,11.0008001,41.7170982,0.481647,0.336206,0.283197,0.621811,0,0.578359,0.311693,2,0.245037,0.646109,1,0,0.731296,0,0.209321,-3714051.69,1784421.237
1181,0,85.6418991,1431.589966,3,4.5468001,398.7390137,0.496265,4,366.519989,10.4842997,110.2160034,0.452343,0.280192,0.379725,0.441598,0,0.653829,0.949346,0,0.166158,0.287735,0,1,0.690178,1,0.196685,-3765163.472,1718806.504
1182,0,70.9544983,0,3,2.92524,167.8919983,0.473335,2,922.4719849,8.1415005,327.1520081,0.482193,0.437577,0.216473,0.097594,0,0.421482,0.793377,0,0.180341,0.606303,0,0,0.666295,1,0.22476,-3282976.413,1917655.665
1183,0,96.1224976,0,2,2.92874,195.5180054,0.541459,4,334.0310059,12.0910997,292.0620117,0.171949,0.141433,0.272056,0.670618,0,0.519819,0.917152,0,0.0453039,0.203208,2,2,0.630677,1,0.183823,-3274803.196,1987808.612
1184,0,90.1171036,1000.630005,3,0.949855,89.8034973,0.448237,4,50.1338997,12.9954996,35.8112984,0.322679,0.304292,0.132831,0.637766,0,0.618356,0.773938,0,0.0735662,0.254105,2,0,0.650018,1,0.192681,-3403876.194,1980416.842
1185,0,60.0965004,1000.030029,3,3.7739699,483.618988,0.424558,4,217.3609924,9.9216805,61.5740013,0.45701,0.354215,0.228606,0.278611,0,0.566711,0.902075,1,0.243881,0.378524,0,0,0.62274,1,0.224838,-3674540.668,1732548.415
1186,0,74.9480972,2422.679932,3,4.8483701,362.7680054,0.448488,1,309.8179932,11.3273001,238.9790039,0.464515,0.364328,0.0903384,0.575433,1,0.593814,0.556615,2,0.112194,0.48108,0,2,0.692596,0,0.199653,-3672583.926,1802056.456
1187,0,82.5458984,2421.800049,3,5.12431,301.5,0.531559,2,821.7680054,9.3503599,44.5242004,0.448228,0.29159,0.187844,0.180023,0,0.433484,0.920575,0,0.0684779,0.281069,4,0,0.702369,1,0.183707,-3304368.597,1942826.413
1188,0,70.1167984,1415.229981,5,2.0487399,116.2109985,0.496925,3,564.6400146,11.8077002,357.9620056,0.454772,0.287826,0.254956,0.624416,0,0.404142,0.909309,1,0.0673144,0.369453,1,0,0.685594,0,0.192317,-3118044.027,1964316.618
1189,0,62.844101,0,3,1.7834001,417.7860107,0.469682,4,187.4199982,10.0586004,309.881012,0.466236,0.368683,0.249993,0.351671,1,0.626568,0.826173,1,0.234935,0.232898,0,2,0.628265,1,0.224253,-3681282.756,1746697.865
1190,0,68.0130005,1029.52002,3,5.7349401,474.2810059,0.48309,4,624.59198,9.1825504,74.7640991,0.529345,0.307125,0.353897,0.117141,0,0.537551,0.916347,0,0.273882,0.239498,1,2,0.707276,1,0.216866,-3857508.501,1680032.207
1191,0,70.5270004,1005.210022,7,12.3773003,519.0040283,0.473087,4,356.9349976,8.9079399,114.4029999,0.529268,0.256911,0.382995,0.0742805,0,0.658552,0.696582,0,0.326665,0.309816,6,3,0.623777,1,0.199781,-3925239.77,1658102.933
1192,0,109.7050018,0,3,0.896681,237.2850037,0.560103,4,644.4619751,9.7961702,52.3605003,0.374299,0.210905,0.394591,0.252266,0,0.351796,0.848024,0,0.0412556,0.302204,1,1,0.662466,1,0.186426,-3432842.718,1952946.109
1193,0,123.9779968,1000.179993,3,4.3442702,205.9920044,0.559671,4,559.7470093,10.5025997,32.0458984,0.348002,0.199794,0.374141,0.424395,0,0.371652,0.851672,0,0.0449194,0.253897,2,1,0.653081,1,0.174441,-3445226.3,1961044.647
1194,0,86.4393997,0,3,3.77282,172.0240021,0.524569,1,647.0390015,10.3283997,92.3080978,0.406579,0.468868,0.168961,0.366834,0,0.571381,0.922638,0,0.084631,0.355837,6,1,0.751655,1,0.19394,-3296347.68,1951363.498
1195,0,93.7044983,3002.679932,1,1.37219,171.8320007,0.560352,1,627.4379883,11.3163004,356.5559998,0.371763,0.44023,0.154753,0.546276,0,0.657565,0.91657,0,0.0950754,0.195835,1,1,0.726211,0,0.182536,-3266713.483,1969748.179
1196,0,80.9293976,2027.75,1,4.2184901,508.5690002,0.550724,3,989.3900146,8.35184,322.2380066,0.441495,0.496688,0.574664,0.153682,0,0.476272,0.960201,0,0.180209,0.220689,2,0,0.730622,1,0.193959,-3490162.258,1897157.631
1197,0,89.4530029,1008.340027,3,5.3824301,250.0059967,0.541905,4,929.0599976,8.9699602,102.9469986,0.41858,0.283144,0.390565,0.097301,0,0.387764,0.931058,0,0.0545404,0.212537,2,0,0.693628,1,0.181022,-3413702.533,1932918.526
1198,0,77.3536987,1422.949951,3,5.8877401,344.5920105,0.445074,4,593.8759766,9.03971,68.1920013,0.455666,0.569522,0.69459,0.333732,0,0.542352,0.518317,0,0.168139,0.299493,3,2,0.754438,1,0.194294,-3501981.441,1881347.069
1199,0,91.9610977,1006.789978,3,6.1522498,341.2619934,0.478384,1,337.7609863,11.0810003,27.7301998,0.390331,0.165699,0.0508975,0.610187,1,0.358594,0.393817,2,0.092908,0.478144,0,1,0.507927,0,0.18599,-3658242.76,1805460.253
1200,0,90.9476013,2008.599976,3,5.4208498,250.9309998,0.510966,4,493.5159912,10.7094002,23.3691006,0.382328,0.237324,0.428688,0.599765,0,0.541833,0.871186,0,0.0483786,0.188204,2,0,0.679941,1,0.184832,-3408997.854,1946330.3
1201,0,96.5613022,1003.229981,3,5.9183502,276.1759949,0.508943,1,408.6390076,10.6311998,256.7739868,0.38211,0.404265,0.385947,0.442394,1,0.650166,0.551624,2,0.134373,0.240254,1,2,0.619829,0,0.178269,-3621027.456,1839271.552
1202,0,88.2330017,2421.229981,3,10.5973997,477.5950012,0.558293,2,604.9030151,10.4406004,280.723999,0.396185,0.257492,0.236203,0.454671,0,0.503781,0.860487,0,0.0591186,0.181177,2,0,0.713747,1,0.174703,-3321484.537,1953841.06
1203,0,63.8580017,2014.790039,3,1.57285,433.0960083,0.421326,4,439.1919861,12.2465,137.5330048,0.42614,0.33173,0.276511,0.494288,0,0.465536,0.530165,1,0.0726463,0.522233,1,1,0.598565,0,0.204038,-3158743.305,1959695.154
1204,0,78.8675003,0,2,2.10307,580.75,0.529931,4,710.617981,7.6312199,93.9606018,0.526388,0.387964,0.72452,0.0275867,0,0.425304,0.838004,1,0.126694,0.346126,2,0,0.745235,0,0.199083,-3558433.667,1814437.53
1205,0,90.1249008,1414.5,3,2.4384601,132.6820068,0.497311,1,447.1600037,11.3670998,70.6999969,0.341786,0.264394,0.226509,0.693994,1,0.505494,0.909844,2,0.0803276,0.320653,2,1,0.669046,1,0.187079,-3300172.164,1960329.2
1206,0,89.9439011,2420.939941,5,5.6450601,269.1669922,0.474438,4,470.8590088,11.3610001,89.7057037,0.41019,0.237731,0.265446,0.645511,1,0.464401,0.901334,2,0.0812946,0.287544,2,0,0.648195,1,0.164744,-3198367.597,1974210.698
1207,0,76.384697,1002.849976,2,2.43139,135.3800049,0.475464,4,177.4380035,10.9295998,71.6876984,0.461696,0.276224,0.298496,0.580416,0,0.692191,0.947286,0,0.163884,0.250898,0,1,0.715038,1,0.21375,-3759126.736,1737751.821
1208,0,82.6147995,2470.080078,2,10.6370001,609.7150269,0.549702,1,867.0869751,8.7807102,263.2349854,0.435287,0.313417,0.383866,0.201971,0,0.437612,0.878319,0,0.0867241,0.126506,2,0,0.685018,1,0.168089,-3381913.963,1924179.101
1209,0,74.9195023,0,3,3.5557101,333.4840088,0.439614,2,246.6329956,11.3190002,298.17099,0.412717,0.455032,0.304766,0.478409,1,0.527929,0.274046,2,0.0809661,0.186789,1,0,0.70513,1,0.197921,-3267283.473,1948800.613
1210,0,74.6196976,1414.939941,5,5.1709199,273.4339905,0.387924,4,235.4559937,12.4110003,38.1898994,0.278069,0.170644,0.185915,0.500945,1,0.402788,0.454974,2,0.0442435,0.373996,0,0,0.458806,0,0.20124,-3212763.272,2004687.02
1211,0,66.1684036,1417.319946,6,7.4737101,456.5130005,0.466752,1,795.473999,8.1380997,238.3269958,0.280327,0.285067,0.603386,0.0242792,0,0.391074,0.538045,0,0.18144,0.87434,1,1,0.622398,1,0.202708,-3575703.909,1777506.024
1212,0,92.9304962,1428.98999,3,5.76297,370.2420044,0.534869,4,375.0329895,12.2522001,344.0379944,0.338356,0.268141,0.337685,0.72832,0,0.628586,0.532714,0,0.0814665,0.203536,3,0,0.686275,1,0.171668,-3325807.442,1985896.806
1213,0,54.8678017,0,6,4.55478,308.644989,0.379854,1,505.9909973,9.7002401,225.4120026,0.504808,0.69204,-0.0037063,0.168495,0,0.489933,0.873425,0,0.314771,0.327149,0,0,0.618952,0,0.236029,-3453741.731,1727915.597
1214,0,63.1096992,0,3,2.1691699,200.8849945,0.438706,4,205.121994,12.3415003,269.0920105,0.36939,0.412492,0.306316,0.35289,0,0.497949,0.850985,1,0.148316,0.366508,1,1,0.614568,0,0.205774,-3136042.407,1954154.109
1215,0,68.4617996,2424.659912,3,2.50348,209.8220062,0.449853,3,534.8270264,12.198,233.3300018,0.368132,0.304983,0.321106,0.544014,0,0.476507,0.691882,1,0.11896,0.228982,1,0,0.669349,0,0.202111,-3109859.347,1969437.685
1216,0,92.5830002,0,3,4.5848598,295.9349976,0.526101,4,584.1290283,9.87889,354.9960022,0.386325,0.238208,0.42684,0.384646,0,0.5083,0.871713,0,0.0489429,0.270061,2,0,0.67951,1,0.187283,-3416150.921,1942892.325
1217,0,98.7742004,3005.570068,3,3.97597,253.6710052,0.563836,4,325.7659912,12.1756001,101.2870026,0.179726,0.139259,0.277142,0.681574,0,0.538102,0.924667,0,0.0572787,0.176516,3,0,0.637826,0,0.174915,-3281802.785,1993869.454
1218,0,76.1386032,0,3,1.54047,202.3899994,0.46531,4,163.2290039,11.1029997,143.8309937,0.383679,0.194083,0.268929,0.622543,0,0.592326,0.847367,0,0.167092,0.202674,0,0,0.694754,1,0.210193,-3754664.595,1744995.122
1219,0,52.8986015,1021.359985,3,2.97246,424.4259949,0.390757,4,320.9890137,10.4028997,78.968399,0.375024,0.314144,0.191713,0.139563,0,0.295555,0.646216,0,0.233301,0.490143,0,1,0.403478,0,0.246513,-3655852.611,1729314.72
1220,0,90.9069977,2003.859985,3,4.9082398,284.6960144,0.543668,4,465.4660034,11.4257002,263.1080017,0.381206,0.433338,0.201589,0.658108,0,0.665107,0.75578,0,0.10846,0.220024,1,1,0.727857,1,0.187269,-3263184.72,1970828.62
1221,0,64.490097,1016.909973,3,5.3192301,399.5360107,0.457468,4,561.9400024,10.2638998,201.7109985,0.488077,0.299677,0.265373,0.389006,0,0.637646,0.928335,0,0.24568,0.258362,2,3,0.719752,1,0.212628,-3685914.586,1756539.171
1222,0,66.0578995,1000.780029,3,7.16605,418.0830078,0.476248,4,329.1870117,10.7180996,232.9210052,0.458197,0.295641,0.300732,0.520089,0,0.685491,0.692983,0,0.227095,0.227236,3,0,0.714638,0,0.216287,-3709887.387,1768231.81
1223,0,87.7445984,0,3,3.6382799,189.7380066,0.519969,4,449.026001,11.6315002,169.1210022,0.346539,0.338201,0.258419,0.607856,0,0.618872,0.895529,2,0.0834482,0.393853,1,0,0.633944,0,0.186694,-3238356.767,1985850.001
1224,0,86.0145035,1414.209961,3,1.26501,74.8985977,0.514931,4,380.0159912,11.6126003,48.1962013,0.381436,0.408377,0.275759,0.66165,1,0.6639,0.665487,0,0.0726476,0.26773,1,1,0.694754,0,0.197467,-3258186.615,1970850.122
1225,0,78.2451019,2013.109985,3,5.5497398,363.07901,0.475137,1,228.3470001,12.1087999,179.1419983,0.417208,0.303584,0.283846,0.683143,1,0.647942,0.691516,1,0.164304,0.490909,1,0,0.704792,0,0.198053,-3683258.631,1820774.248
1226,0,74.6568985,1000.840027,3,6.3428998,303.7170105,0.412829,4,189.2290039,12.6695995,3.2611101,0.32236,0.210627,0.172168,0.486389,1,0.379,0.406896,2,0.0559504,0.299114,0,0,0.480505,0,0.201575,-3218245.998,2010365.67
1227,0,78.8106995,0,3,13.8957005,643.5689697,0.499355,4,711.1530151,9.0448503,3.23669,0.440648,0.33409,0.280839,0.24578,0,0.446108,0.717678,0,0.0846526,0.182311,2,0,0.702198,0,0.180583,-3328357.041,1931568.821
1228,0,59.2248993,0,5,5.6746602,420.3070068,0.422776,4,539.9160156,7.7976098,307.7609863,0.532107,0.332279,0.438149,0,0,0.647468,0.487051,0,0.257556,0.446921,1,0,0.570984,1,0.238775,-3939878.572,1639516.698
1229,0,77.8850021,1011.320007,3,7.5584402,340.4100037,0.468158,2,666.3389893,9.49158,105.4189987,0.431439,0.277281,0.254675,0.30322,0,0.4508,0.912108,0,0.0604494,0.377511,2,0,0.671935,0,0.190136,-3313873.51,1935342.769
1230,0,70.3946991,0,6,2.3682599,180.5839996,0.485064,4,462.1000061,9.5452604,165.8289948,0.484206,0.327031,0.297916,0.195862,0,0.60043,0.936112,0,0.189607,0.34018,2,3,0.719017,1,0.216512,-3737505.076,1708875.019
1231,0,71.3984985,1415.380005,5,6.8432498,488.928009,0.445253,4,294.552002,9.6945896,85.9673004,0.417705,0.529246,0.705972,0.452623,0,0.614592,0.873109,0,0.151258,0.242795,3,2,0.682042,0,0.183458,-3519540.663,1883693.705
1232,0,89.767601,2417.300049,3,3.96191,323.0880127,0.503465,2,293.1199951,11.9067001,79.5469971,0.325457,0.272492,0.399454,0.705798,0,0.536406,0.921959,0,0.0972018,0.170723,2,0,0.657718,1,0.180084,-3336634.487,1960984.936
1233,0,125.3280029,0,2,3.77931,240.4140015,0.559474,3,414.303009,10.5326004,47.7879982,0.338619,0.395042,0.479079,0.58788,0,0.618809,0.682753,0,0.08727,0.187143,2,1,0.711508,0,0.160569,-3474992.68,1936929.428
1234,0,108.651001,1041.160034,2,10.4764004,545.8880005,0.576065,1,658.6079712,10.0984001,111.4420013,0.455102,0.275867,0.246985,0.233184,0,0.61537,0.877802,0,0.244196,0.337999,2,0,0.691836,1,0.187113,-3643943.384,1806935.641
1235,0,62.6465988,1053.859985,3,6.5917802,575.5040283,0.458037,4,858.8850098,8.3651199,72.7272034,0.531457,0.383946,0.20619,0.0317896,0,0.524395,0.907737,0,0.275508,0.340967,2,4,0.710299,1,0.224474,-3740046.739,1682256.105
1236,0,71.5826035,2004.719971,3,3.4648399,175.4380035,0.514621,4,495.2420044,11.8486004,268.0629883,0.427021,0.318026,0.235135,0.671221,0,0.487794,0.769825,0,0.104104,0.248809,1,0,0.708351,0,0.190173,-3130990.584,1960288.741
1237,0,86.439003,0,2,1.13967,118.2639999,0.545657,4,250.7559967,11.1918001,233.6750031,0.457158,0.260311,0.104333,0.606314,0,0.708478,0.876483,0,0.167787,0.289654,5,0,0.748736,1,0.203143,-3744969.95,1774158.388
1238,0,81.8600006,2416.600098,5,0.616673,84.8943024,0.509405,4,258.0159912,11.2119999,228.302002,0.454924,0.273924,0.14066,0.573357,0,0.710804,0.924393,0,0.132691,0.325593,2,0,0.736012,1,0.209698,-3745474.624,1768182.442
1239,0,128.6199951,1000.469971,1,2.2002499,364.0020142,0.563079,4,546.8880005,10.2622995,148.3950043,0.339057,0.179465,0.375513,0.321912,0,0.323915,0.907399,0,0.0389882,0.384841,1,1,0.611735,0,0.177211,-3448421.905,1958848.118
1240,0,108.5960007,0,3,4.0710402,260.20401,0.518735,2,843.9689941,8.9790401,82.7621994,0.442286,0.26201,0.286319,0.184513,0,0.392786,0.8599,0,0.0635487,0.24715,3,0,0.708697,1,0.167293,-3366493.854,1942851.642
1241,0,78.8012009,0,3,3.4978399,186.1269989,0.476439,3,430.631012,9.3475599,3.46573,0.416267,0.576686,0.560277,0.317366,0,0.649645,0.568461,1,0.179302,0.354359,1,2,0.687788,0,0.205052,-3590714.862,1827183.48
1242,0,94.7074966,3001.98999,3,2.0473299,144.1869965,0.534097,4,118.2770004,12.3009996,171.8029938,0.472897,0.328234,0.0257717,0.788482,0,0.668262,0.861046,0,0.244374,0.27976,1,1,0.781023,0,0.190581,-3734252.295,1802226.883
1243,0,89.2996979,2415.879883,2,2.602,186.5780029,0.527584,4,251.8549957,12.4991999,304.9849854,0.33895,0.292182,0.400402,0.711953,0,0.567124,0.817159,1,0.0772165,0.194271,4,0,0.688122,1,0.17951,-3320567.268,1984095.656
1244,0,91.9329987,0,3,3.1189699,150.8390045,0.519982,4,703.8909912,9.28965,36.0385017,0.386823,0.241327,0.411207,0.225232,0,0.418337,0.823432,0,0.0442475,0.237263,0,1,0.664771,1,0.186947,-3424704.68,1939273.56
1245,0,93.6780014,1004.059998,3,5.96526,281.2999878,0.552675,4,309.0150146,13.2425003,276.5710144,0.328822,0.290611,0.321902,0.654908,1,0.587424,0.860177,0,0.108165,0.202507,1,0,0.688883,0,0.167273,-3113389.206,2015356.323
1246,0,77.9392014,3003.629883,3,5.7902398,355.0299988,0.463143,4,313.3800049,12.0831003,10.816,0.360834,0.275,0.221946,0.640344,1,0.559971,0.233753,2,0.0979007,0.25975,0,0,0.62831,1,0.18134,-3224047.966,1998655.42
1247,0,88.6701965,2829.290039,3,1.95245,118.3099976,0.485983,4,179.576004,11.5130997,78.6548004,0.458874,0.260812,0.196192,0.70336,0,0.737838,0.928831,0,0.151226,0.221827,2,1,0.744724,1,0.205212,-3765377.691,1760643.323
1248,0,66.2333984,0,3,1.71874,140.2899933,0.469715,4,230.1710052,10.7107,117.3639984,0.449056,0.29869,0.259807,0.52437,0,0.681503,0.926253,0,0.134219,0.214046,2,0,0.713517,1,0.227267,-3726497.494,1754419.028
1249,0,57.5928993,1000.359985,3,1.11862,131.697998,0.467949,4,292.6400146,10.1213999,93.6838989,0.446815,0.33705,0.275049,0.382829,0,0.595711,0.903212,0,0.156038,0.292943,2,2,0.683481,1,0.228092,-3706043.548,1732905.268
1250,0,88.9793015,0,3,5.4920201,318.8169861,0.494919,4,844.4869995,8.6845903,55.8316994,0.459672,0.546829,0.543218,0.0728965,0,0.637736,0.352629,2,0.217526,0.596399,1,2,0.743588,0,0.200646,-3602449.982,1826258.571
1251,0,78.8171005,1020.080017,3,6.0851598,421.9490051,0.459061,3,737.348999,8.9028397,91.1492004,0.407747,0.51306,0.442157,0.275729,0,0.563298,0.812746,0,0.119001,0.33089,3,0,0.719326,0,0.202788,-3419514.651,1919484.65
1252,0,65.0698013,0,5,6.0503101,444.9899902,0.400787,1,494.7730103,11.1645002,62.8442993,0.291553,0.107759,0.278298,0.508477,0,0.336814,0.614543,1,0.0714035,0.339622,1,0,0.530597,0,0.19861,-3180357.926,1954796.116
1253,0,75.2641983,2415.060059,3,5.42483,300.5889893,0.427672,4,173.3139954,12.8561001,295.0799866,0.269931,0.409859,0.264196,0.528433,0,0.458087,0.616833,2,0.0687136,0.492953,1,1,0.574704,0,0.201773,-3155498.706,1990744.532
1254,0,91.1845016,0,2,1.6040601,315.1350098,0.540973,4,131.6309967,11.4935999,345.3619995,0.447646,0.249954,0.0824205,0.661841,0,0.726344,0.837641,0,0.171205,0.308579,5,0,0.744111,0,0.19622,-3751054.605,1776331.001
1255,0,57.1310997,2435.709961,1,6.2209001,482.8519897,0.42318,4,389.6690063,10.5228996,45.2454987,0.425136,0.403324,0.262399,0.26125,0,0.409347,0.816933,0,0.35893,0.52386,1,3,0.532952,1,0.215421,-3675264.715,1753139.309
1256,0,66.9834976,1007.859985,1,3.8782599,252.5720062,0.436807,4,437.571991,11.7686005,40.3227005,0.483192,0.322011,0.312335,0.490756,1,0.435288,0.786357,2,0.0684208,0.449255,2,1,0.596329,0,0.214934,-3156987.808,1945327.297
1257,0,76.9374008,1013.580017,5,3.0606301,224.5950012,0.48532,2,840.9390259,9.2271099,87.7042007,0.451144,0.321917,0.264424,0.180053,0,0.435597,0.877977,1,0.0622855,0.368447,2,0,0.695394,0,0.191944,-3318921.567,1932404.535
1258,0,78.4252014,1001.619995,3,2.8076899,181.0809937,0.467982,1,415.6659851,12.1415005,347.8919983,0.352823,0.248313,0.22504,0.687708,0,0.564212,0.346584,2,0.0905031,0.26136,1,0,0.660753,1,0.168935,-3234871.916,2001590.669
1259,0,81.9181976,1001.030029,3,4.6431699,278.5929871,0.452513,2,358.4079895,10.7397003,179.451004,0.398493,0.268872,0.353554,0.654687,0,0.55462,0.883566,1,0.0631034,0.155073,2,0,0.690786,1,0.177383,-3327570.056,1941276.279
1260,0,76.1756973,1008.979981,4,7.4994602,453.118988,0.472002,3,745.960022,8.9309101,264.1409912,0.413158,0.537375,0.450714,0.256966,0,0.552065,0.869958,1,0.12083,0.243117,2,0,0.702171,1,0.195775,-3410906.541,1914494.809
1261,0,89.9545975,1007.919983,3,5.3041501,308.9809875,0.508289,4,549.9650269,9.98627,106.5029984,0.41418,0.27065,0.426917,0.409974,0,0.501711,0.876867,0,0.0549719,0.21786,3,0,0.682719,1,0.187629,-3388781.475,1936048.998
1262,0,85.4662018,0,3,6.3267598,726.8629761,0.511705,4,704.6400146,7.3001699,141.2330017,0.575466,0.579312,0.165036,0,0,0.757132,0.898296,0,0.316522,0.338243,1,0,0.63771,1,0.190352,-3831119.422,1654344.465
1263,0,98.4545975,1414.329956,3,4.2351298,223.3820038,0.505833,4,143.8370056,13.0904999,102.3320007,0.335954,0.29838,0.345382,0.697113,0,0.601101,0.930829,0,0.085142,0.141141,4,0,0.690137,1,0.181689,-3354510.106,1994004.991
1264,0,99.3685989,0,3,0.696202,115.5469971,0.480907,4,237.5160065,12.1966,100.8789978,0.296363,0.221529,0.226429,0.656346,0,0.549406,0.826482,1,0.0612575,0.239483,1,0,0.578586,0,0.188997,-3419108.839,1970779.268
1265,0,69.6640015,3416.929932,3,1.10118,226.0189972,0.43203,4,207.8580017,13.1429005,353.4309998,0.325506,0.368644,0.276602,0.553674,0,0.581504,0.85461,0,0.0974537,0.397916,1,1,0.675581,0,0.206028,-3174048.745,2015525.231
1266,0,69.2582016,0,3,3.93771,423.0929871,0.429288,1,710.7000122,8.48946,273.1199951,0.467334,0.48988,0.3295,0.178995,0,0.417952,0.782301,0,0.199484,0.337565,0,1,0.690426,0,0.210701,-3319640.328,1906498.597
1267,0,93.110199,2003.209961,2,3.4962699,174.8079987,0.5138,4,182.9730072,12.7041998,16.6972008,0.328162,0.29859,0.427498,0.698488,1,0.599204,0.556226,0,0.0987312,0.152048,2,0,0.678437,1,0.175479,-3318603.033,1990362.011
1268,0,72.8016968,0,3,1.75985,151.6089935,0.479076,4,215.7660065,10.9659996,29.3383999,0.461026,0.278583,0.19865,0.548424,0,0.701161,0.918949,1,0.156762,0.328962,3,0,0.729911,1,0.218901,-3735448.271,1764238.894
1269,0,109.3249969,1000.590027,3,8.7705803,554.9580078,0.49459,5,194.1640015,11.2095003,78.6798019,0.314104,0.220687,0.397158,0.643118,0,0.527505,0.923835,0,0.0538512,0.145848,5,0,0.670597,1,0.153014,-3367949.784,1950797.642
1270,0,95.6432037,1051.030029,2,15.4617004,792.0209961,0.566441,3,706.132019,8.9946499,293.6820068,0.390749,0.510688,0.533011,0.334978,0,0.624401,0.695437,0,0.149576,0.161679,4,1,0.731817,0,0.173535,-3485113.097,1912785.751
1271,0,59.9684982,1001.070007,5,9.3930798,618.4769897,0.428031,4,457.2609863,8.7236204,74.7770004,0.537122,0.368941,0.237429,0.0297853,0,0.380263,0.849975,0,0.280264,0.425557,0,0,0.509323,0,0.224762,-3718062.751,1682111.495
1272,0,69.5575027,2000.73999,5,5.1392398,308.151001,0.43118,1,436.8649902,11.4624996,15.2340002,0.441626,0.279595,0.248667,0.577573,1,0.423121,0.494214,2,0.0642396,0.375713,1,1,0.611015,1,0.192546,-3172952.419,1963180.373
1273,0,93.8264008,1415.130005,3,2.8065801,262.2690125,0.510901,4,287.2170105,12.2461004,193.5540009,0.161623,0.14233,0.320564,0.616258,1,0.534488,0.922254,2,0.0530087,0.345981,1,2,0.597698,0,0.183959,-3280281.615,1985236.357
1274,0,135.3139954,1000.219971,2,5.8178101,281.3869934,0.57195,4,626.3729858,10.3225002,315.0440063,0.337438,0.174507,0.345195,0.361219,1,0.315183,0.80599,0,0.0449668,0.318359,1,1,0.617452,0,0.169155,-3450220.218,1962860.946
1275,0,68.5264969,2008.619995,5,1.47087,164.1900024,0.466992,4,619.84198,11.5768995,108.685997,0.470803,0.309396,0.253952,0.597919,0,0.402827,0.774694,0,0.0648263,0.701358,1,0,0.697164,1,0.20607,-3114011.39,1957181.217
1276,0,72.7014999,1000.179993,5,4.2957702,353.4509888,0.475046,4,183.2290039,10.2102003,318.4179993,0.502811,0.225126,0.39009,0.279939,0,0.703236,0.908783,0,0.284525,0.240411,5,5,0.651501,1,0.193931,-3924510.486,1663883.874
1277,0,94.3314972,1002.229981,3,3.7741399,163.2680054,0.495503,4,254.2059937,11.6034002,69.4747009,0.268116,0.183039,0.34029,0.69862,0,0.554661,0.723235,0,0.0260095,0.167004,2,0,0.590312,1,0.18333,-3406337.18,1960132.211
1278,0,86.3563004,1013.26001,5,8.7193098,423.6919861,0.505818,4,723.6849976,8.9262695,65.7584991,0.431713,0.318045,0.332697,0.167986,0,0.418937,0.913287,0,0.0649261,0.27328,3,0,0.684785,1,0.189564,-3352713.979,1929993.565
1279,0,61.3983002,1415.400024,3,7.1814198,343.2179871,0.382953,4,146.326004,10.7475996,67.8420029,0.461288,0.396276,0.288265,0.342483,0,0.472556,0.387551,0,0.302974,0.305446,2,3,0.583608,0,0.219437,-3682854.338,1759686.003
1280,0,69.1613998,1484.979981,3,6.2487702,590.0419922,0.441356,4,992.7449951,8.1345797,273.4349976,0.490533,0.634621,0.605555,0.0948505,1,0.473012,0.755802,0,0.174894,0.326153,1,2,0.794693,0,0.205877,-3480349.221,1882643.854
1281,0,91.3823013,0,3,7.9412599,380.8890076,0.523282,4,481.4169922,9.2891197,215.9259949,0.39205,0.310764,0.372276,0.365305,0,0.474048,0.855457,0,0.0696787,0.135144,3,0,0.675979,1,0.172072,-3369292.961,1932343.33
1282,0,95.8943024,1416.150024,3,2.04073,288.9389954,0.54381,4,429.0159912,12.0705004,281.4020081,0.17461,0.14397,0.272779,0.675773,0,0.525471,0.89988,1,0.0564045,0.180625,1,1,0.632109,0,0.181777,-3270728.409,1987752.199
1283,0,100.697998,1017.080017,3,2.10463,398.756012,0.469361,4,237.8280029,13.1205997,221.5310059,0.305828,0.291803,0.337237,0.649198,0,0.614328,0.866091,0,0.0790385,0.236208,4,0,0.656281,0,0.188648,-3371698.899,1981988.542
1284,0,95.3613968,1005.969971,2,4.7030602,278.1270142,0.57357,1,734.2750244,9.2282896,107.5920029,0.412991,0.287022,0.288162,0.204927,0,0.43956,0.918213,0,0.0617482,0.238224,3,0,0.685068,1,0.182105,-3348578.401,1941694.63
1285,0,92.947998,1000,2,0.736063,86.5712967,0.46771,4,27.0121994,13.2051001,50.7644997,0.306273,0.307476,0.243391,0.578842,0,0.62689,0.903553,1,0.0671809,0.244208,4,0,0.632762,0,0.196291,-3389306.464,1980671.086
1286,0,85.5546036,0,3,2.35625,200.1560059,0.520295,2,369.5289917,10.6230001,323.6010132,0.362538,0.241182,0.302793,0.653521,0,0.532945,0.750643,0,0.0377531,0.182901,2,0,0.65455,1,0.174901,-3327307.997,1949022.076
1287,0,65.5522995,0,3,1.9083,235.3509979,0.468804,4,257.0559998,10.0904999,1.3848799,0.462682,0.318089,0.310001,0.344498,0,0.621259,0.912807,0,0.160814,0.377693,1,3,0.685517,1,0.225607,-3731059.795,1720095.739
1288,0,63.2868996,1000.77002,3,3.1368101,302.0159912,0.453083,2,755.440979,8.3163099,75.1533966,0.506504,0.523656,0.385288,0.125292,0,0.419802,0.82475,0,0.238906,0.348801,0,1,0.697936,1,0.226102,-3319543.663,1879040.255
1289,0,89.5145035,2010.329956,3,2.6729,128.5359955,0.530346,4,425.868988,11.5116997,318.1340027,0.362235,0.442797,0.207853,0.681306,0,0.665542,0.581494,0,0.0921108,0.149196,2,1,0.72414,0,0.192109,-3269518.533,1963963.82
1290,0,55.7156982,1023.52002,6,4.2153502,472.9719849,0.356176,4,621.6140137,8.9327002,338.1749878,0.489677,0.534207,0.280099,0.123085,0,0.356154,0.786424,1,0.200919,0.418917,0,0,0.46939,0,0.24204,-3469005.656,1780169.295
1291,0,56.8049011,1003.460022,5,6.7179599,314.0130005,0.399498,4,685.9680176,9.4291601,88.2888031,0.481332,0.508681,0.329634,0.271244,0,0.477227,0.64017,1,0.240725,0.302044,0,1,0.586394,0,0.226454,-3274307.713,1890759.497
1292,0,74.7679977,2449.26001,5,3.4774699,275.4559937,0.475232,1,856.9249878,10.7306995,62.855999,0.30121,0.121394,0.216248,0.398217,0,0.358126,0.5589,0,0.108025,0.257426,1,0,0.664378,1,0.187222,-3187517.882,1962680.912
1293,0,79.4049988,0,2,3.9889901,427.7349854,0.460078,4,602.0170288,8.8250999,98.9169998,0.45202,0.397181,0.570855,0.112634,1,0.49241,0.128923,2,0.15769,0.615324,2,0,0.572408,0,0.212247,-3593345.722,1816087.712
1294,0,75.0911026,1022.979981,2,4.04286,406.3259888,0.507948,2,1095.170044,8.0311403,281.4840088,0.493286,0.359111,0.345537,0.0687689,1,0.371343,0.669505,2,0.0633334,0.417876,1,0,0.715742,1,0.208299,-3381216.825,1905424.999
1295,0,65.0531998,0,3,3.64943,274.5409851,0.429507,4,320.2520142,9.5763397,120.3880005,0.497705,0.5363,0.352897,0.210977,1,0.466878,0.596551,2,0.163516,0.455872,1,2,0.639056,0,0.228761,-3607540.776,1757134.123
1296,0,106.7050018,0,3,0.154513,377.401001,0.517951,4,606.0479736,9.0032501,62.9384995,0.463356,0.337048,0.281586,0.063101,0,0.604779,0.90851,0,0.18774,0.503141,1,2,0.704697,1,0.193153,-3773246.23,1697967.341
1297,0,93.7377014,3003.280029,2,5.7413001,252.6959991,0.507974,4,146.7409973,12.3097,85.3585968,0.486178,0.329571,0.107459,0.782361,0,0.667014,0.884457,0,0.293995,0.491876,1,2,0.782338,0,0.19539,-3730316.692,1805378.733
1298,0,61.6150017,1425.849976,5,2.6604199,426.2369995,0.39895,1,729.8480225,11.2475996,78.0901031,0.297007,0.131541,0.275243,0.489465,0,0.380402,0.759117,1,0.0800597,0.495392,1,1,0.499533,0,0.228307,-3171915.024,1946930.941
1299,0,61.2224007,0,5,6.8917499,550.03302,0.440302,4,223.8209991,9.5586796,172.4309998,0.492688,0.412438,0.181298,0.128917,0,0.524058,0.759585,1,0.288062,0.308547,0,0,0.523574,0,0.223766,-3671386.959,1700802.1
1300,0,62.9664001,2013.969971,3,2.6471801,466.7200012,0.411218,1,910.1959839,10.5458002,56.1767006,0.293425,0.128206,0.305739,0.352186,0,0.350906,0.840229,1,0.105712,0.560239,0,0,0.646975,0,0.219945,-3205880.164,1955582.204
1301,0,81.1252975,1000,5,6.4191799,512.4310303,0.509147,1,692.0319824,10.3559999,338.7900085,0.396648,0.377453,0.209305,0.321699,0,0.548524,0.518842,1,0.134569,0.288699,2,0,0.710799,1,0.184208,-3216752.901,1968623.361
1302,0,107.211998,2426.840088,2,6.81358,347.1080017,0.564825,1,499.2470093,13.1611996,47.770401,0.328853,0.266921,0.326278,0.655305,0,0.577443,0.874405,0,0.106489,0.186718,2,0,0.713971,1,0.162887,-3100418.233,2019644.877
1303,0,96.5919037,0,2,1.90827,145.9440002,0.46118,4,64.3195038,12.6967001,120.0599976,0.290163,0.296728,0.296424,0.639342,0,0.60885,0.912627,0,0.0847699,0.163782,4,0,0.633198,1,0.191554,-3389523.286,1970746.591
1304,0,119.6389999,1434.709961,2,11.4399996,532.6110229,0.521801,4,685.7630005,9.8197298,88.2574005,0.480637,0.471593,0.373484,0.146286,0,0.49829,0.0270561,0,0.122839,0.404105,1,3,0.71941,1,0.170465,-3630071.55,1829070.512
1305,0,83.9856033,2435.870117,3,14.6546001,617.34198,0.510556,2,727.2340088,9.9072599,74.7500992,0.416543,0.280403,0.221402,0.250576,0,0.447915,0.923078,0,0.0861337,0.208896,4,0,0.696221,1,0.167135,-3309954.536,1946763.519
1306,0,79.3889999,1468.51001,3,5.0738502,432.9790039,0.528126,3,838.5230103,8.6688004,321.4049988,0.45689,0.580616,0.613566,0.180728,0,0.532376,0.905866,0,0.172598,0.217401,1,0,0.769837,1,0.19049,-3492889.854,1894436.779
1307,0,74.2261963,0,5,2.95751,397.9649963,0.48725,4,595.8010254,8.0131397,353.3609924,0.480906,0.44603,0.718042,0.0753102,1,0.378376,0.496879,1,0.179698,0.332552,0,0,0.634942,0,0.199057,-3552110.368,1812264.737
1308,0,76.4364014,1425.77002,3,4.3035202,287.2990112,0.48589,3,1066.790039,8.19942,116.2519989,0.453034,0.565963,0.367502,0.0405229,0,0.452966,0.875394,0,0.098038,0.335148,2,0,0.777685,1,0.210777,-3411519.412,1908659.6
1309,0,55.9802017,1444.479981,3,1.8111399,549.3850098,0.433795,4,486.6549988,10.4568996,334.2380066,0.433201,0.393181,0.257872,0.285723,0,0.439043,0.903134,0,0.347717,0.34807,0,0,0.579546,1,0.217032,-3674804.84,1747775.61
1310,0,80.9787979,2014.660034,3,3.8433499,431.07901,0.523603,1,914.7880249,10.4560003,173.1589966,0.390192,0.393826,0.252747,0.253162,1,0.558639,0.769971,2,0.103911,0.424543,3,0,0.660959,0,0.190138,-3239975.308,1962279.927
1311,0,75.353302,2423.77002,3,1.08461,368.9549866,0.513118,4,630.3040161,9.80618,48.3534012,0.466895,0.304721,0.316923,0.209739,0,0.626871,0.923032,0,0.169305,0.284353,1,2,0.70835,1,0.207354,-3748307.971,1716371.194
1312,0,70.9673996,1005.380005,5,7.5110002,704.1010132,0.483257,4,527.34198,9.7049904,29.4682999,0.507274,0.3161,0.398561,0.233112,0,0.628837,0.830821,0,0.283935,0.232761,0,4,0.740273,1,0.20871,-3850172.15,1685011.203
1313,0,101.2289963,2418.100098,1,3.1589799,292.1270142,0.582079,4,285.0849915,11.2817001,244.802002,0.471789,0.280961,0.0850621,0.567623,0,0.681271,0.905587,0,0.179205,0.250372,5,0,0.766749,0,0.196106,-3742221.55,1783747.76
1314,0,78.8604965,2831.919922,3,2.3306301,211.5240021,0.425767,2,278.776001,12.3318005,43.6587982,0.342094,0.229347,0.28264,0.530145,1,0.491225,0.521786,2,0.0546912,0.518448,1,0,0.522956,0,0.195012,-3206825.625,1988600.576
1315,0,96.9129028,2001.709961,3,4.67939,413.1929932,0.517696,1,334.2909851,10.8341999,198.3439941,0.475538,0.456609,0.108737,0.489465,0,0.628041,0.906138,1,0.112881,0.279832,1,1,0.751411,0,0.179003,-3653554.082,1807064.848
1316,0,95.6222,2418.610107,3,5.1076198,409.3210144,0.519832,4,505.6940002,10.5972004,252.0529938,0.406025,0.267995,0.423124,0.538838,0,0.527751,0.920036,0,0.0631649,0.146128,3,0,0.702772,1,0.177181,-3379381.559,1940936.147
1317,0,89.0007019,1000.01001,1,3.7858901,182.5249939,0.539067,4,277.2669983,12.0904999,245.1790009,0.193128,0.162758,0.251893,0.689169,0,0.568591,0.832589,1,0.0652237,0.13045,1,0,0.655239,1,0.173889,-3244333.649,1998584.304
1318,0,127.086998,1030.670044,2,5.2202101,721.6970215,0.538442,2,1079.73999,9.2385998,320.2359924,0.501362,0.486545,0.39784,0.0542078,0,0.565373,0.916439,0,0.18395,0.433449,1,3,0.75761,1,0.166346,-3629864.878,1825893.145
1319,0,89.7469025,1012.859985,2,7.87673,400.8630066,0.564086,1,653.0510254,9.8956203,1.38202,0.386501,0.270318,0.268401,0.50331,1,0.527169,0.825325,0,0.0577827,0.152286,2,0,0.689653,1,0.172633,-3332521.216,1947670.448
1320,0,90.9522018,1428.790039,3,3.36693,495.3420105,0.542949,3,1066.689941,8.4028301,180.026001,0.459208,0.597456,0.677629,0.0359365,0,0.598598,0.90484,0,0.205258,0.300148,2,2,0.761687,0,0.195548,-3566597.247,1856475.087
1321,0,111.7789993,0,2,9.1250801,538.5120239,0.549249,3,406.8039856,9.8270998,117.5289993,0.357996,0.43539,0.507644,0.484626,0,0.625709,0.867861,0,0.110806,0.0911192,3,1,0.719642,0,0.152683,-3483094.203,1925006.052
1322,0,71.6415024,0,5,2.32407,713.677002,0.481907,1,421.0679932,7.8624802,86.5959015,0.558913,0.454818,0.28845,0,0,0.458854,0.820532,1,0.345037,0.48333,1,0,0.650308,0,0.21836,-3849786.614,1648990.198
1323,0,99.3621979,0,3,1.4856,432.8469849,0.550688,4,1004.119995,7.77284,16.8223991,0.29899,0.114996,0.299612,0.0306649,0,0.266054,0.93063,0,0.0673015,0.776519,2,0,0.60665,1,0.201312,-3454337.43,1927968.796
1324,0,104.3249969,0,1,7.7511001,548.1489868,0.511328,2,261.053009,11.1349001,9.0179901,0.332349,0.221082,0.362711,0.70763,0,0.565901,0.904252,0,0.0579896,0.0696546,3,0,0.676352,1,0.15692,-3381849.966,1955899.501
1325,0,60.5575981,2007.660034,7,3.1205201,179.496994,0.476097,4,378.3370056,9.9965696,103.0439987,0.463738,0.326653,0.264929,0.355999,0,0.602138,0.91737,0,0.167816,0.252632,2,2,0.700678,1,0.225802,-3701576.932,1732548.801
1326,0,62.588501,1428.189941,3,2.62444,460.1289978,0.412754,2,967.1599731,7.2598901,172.5119934,0.503913,0.379227,0.812986,0.0433436,0,0.335806,0.390053,1,0.115263,0.847991,0,0,0.570548,0,0.24316,-3511887.085,1814953.289
1327,0,75.292099,2000.319946,5,3.1790299,244.9299927,0.412465,4,232.3070068,12.4814997,189.2980042,0.334616,0.260975,0.201542,0.540871,0,0.546454,0.834999,1,0.0778792,0.370907,0,0,0.569835,0,0.196597,-3217455.817,2004130.039
1328,0,79.2165985,1421.869995,2,8.3487196,361.2409973,0.519106,3,863.7849731,8.6200304,12.1605997,0.429074,0.548209,0.396194,0.158125,0,0.515622,0.913138,0,0.136522,0.221369,3,0,0.74369,1,0.192155,-3399569.987,1915916.806
1329,0,89.7550964,0,2,2.2200999,230.7779999,0.547054,4,594.6519775,9.4420795,130.352005,0.442548,0.464081,0.581859,0.230889,1,0.569545,0.869727,2,0.157901,0.317562,2,1,0.658851,1,0.188968,-3589837.292,1855536.427
1330,0,70.3557968,2870.729981,3,6.2396598,714.0469971,0.44708,4,968.5939941,8.2200403,296.803009,0.508374,0.468617,0.660042,0.0666311,0,0.427934,0.899616,1,0.229809,0.329059,1,0,0.705492,0,0.211406,-3537473.187,1805455.043
1331,0,84.0326996,2078.620117,5,8.3521004,819.3120117,0.507083,4,823.776001,7.5475402,75.5082016,0.562717,0.478236,0.403576,0,0,0.6457,0.874063,0,0.28134,0.483129,3,0,0.717051,1,0.215101,-3975895.714,1631756.291
1332,0,65.7220001,0,3,2.1817501,150.2630005,0.466324,4,176.5110016,10.8184996,151.1329956,0.450081,0.308367,0.263372,0.508745,0,0.68695,0.917662,0,0.15171,0.224961,3,1,0.70307,1,0.225237,-3731565.43,1750927.896
1333,0,70.714798,1000.02002,7,9.4222002,498.1900024,0.477498,4,996.5709839,7.8036499,108.4850006,0.467342,0.622772,0.679127,0.0448099,0,0.464014,0.885282,0,0.13976,0.618785,0,2,0.800196,0,0.204436,-3525565.08,1876442.952
1334,0,84.8929977,0,3,7.9713001,452.7619934,0.508145,4,284.7070007,9.51898,154.7350006,0.520643,0.264158,0.377036,0.0995914,0,0.683224,0.914098,0,0.31936,0.163522,6,3,0.624883,1,0.189423,-3910775.569,1667149.642
1335,0,73.7606964,1488.030029,3,4.6157298,743.1749878,0.496618,4,873.1929932,8.2405396,125.8600006,0.574523,0.611549,0.321795,0.030429,0,0.604341,0.92798,0,0.368992,0.274502,1,0,0.734656,1,0.208314,-3835722.477,1657433.916
1336,0,61.5374985,0,6,5.09831,570.697998,0.449984,1,146.7140045,9.0837097,97.8485031,0.500228,0.318563,0.392633,0.186874,0,0.570417,0.85667,1,0.289726,0.221534,1,1,0.684432,0,0.210249,-3858860.146,1665069.414
1337,0,137.6889954,0,2,2.42855,583.4910278,0.559116,3,144.5619965,10.9063997,237.2079926,0.326347,0.391886,0.434521,0.735332,0,0.680039,0.915905,0,0.11532,0.133414,2,1,0.714652,1,0.14847,-3472691.754,1946369.728
1338,0,84.9541016,0,5,2.7358201,501.1839905,0.49947,4,556.7050171,9.0593596,191.5509949,0.486432,0.546136,0.42748,0.110764,0,0.567663,0.842821,1,0.140723,0.536609,1,2,0.74165,0,0.19154,-3625222.646,1801950.265
1339,0,83.6314011,2090.330078,3,8.7195997,529.1019897,0.52547,2,1060.380005,8.9254503,263.8590088,0.454777,0.311361,0.18564,0.0863356,0,0.384745,0.915241,0,0.0836768,0.220458,2,0,0.723954,0,0.172437,-3311519.056,1941464.331
1340,0,90.7586975,2415.120117,3,1.26578,160.8079987,0.515748,4,612.7589722,10.2737999,11.6967001,0.397289,0.242332,0.437815,0.448597,0,0.511579,0.907787,0,0.0444857,0.227761,2,0,0.685908,1,0.187561,-3410052.624,1942926.969
1341,0,86.5543976,1414.400024,3,2.6122701,137.8179932,0.510033,4,416.6830139,11.7286997,266.375,0.362676,0.370367,0.257221,0.60535,1,0.675774,0.823025,0,0.0696219,0.59822,1,0,0.675632,0,0.194359,-3242622.028,1988701.239
1342,0,78.161499,1000.940002,2,7.8008099,607.822998,0.518774,4,599.2689819,8.3639803,192.0720062,0.474329,0.627783,0.663594,0.0727543,0,0.578068,0.90926,0,0.272827,0.205768,0,0,0.754225,0,0.193311,-3575899.984,1819722.868
1343,0,81.8192978,1001.140015,3,2.0230899,286.9030151,0.472482,2,539.4050293,10.3234997,306.1040039,0.419889,0.241276,0.336507,0.640097,1,0.507708,0.592924,2,0.0408063,0.191348,2,0,0.655165,1,0.181515,-3329706.97,1938746.124
1344,0,68.0772018,3041.600098,2,2.6517401,917.664978,0.459965,4,1079.609985,8.8987598,50.2770996,0.526735,0.377072,0.170926,0.0181894,0,0.5384,0.938339,0,0.29715,0.33313,0,0,0.66785,1,0.206514,-3682941.374,1698760.389
1345,0,58.6446991,0,5,4.1823702,677.8740234,0.407851,2,243.727005,8.1359596,119.1589966,0.534352,0.36588,0.429063,0,0,0.606599,0.90234,0,0.283339,0.444265,1,0,0.601725,0,0.242772,-3932546.131,1637889.127
1346,0,119.1529999,1414.209961,1,7.3580298,506.1480103,0.578895,3,409.8980103,10.0740995,345.9769897,0.350658,0.410445,0.487294,0.60112,0,0.630802,0.905275,0,0.10618,0.183898,1,1,0.723794,0,0.158607,-3483659.79,1932360.642
1347,0,68.908699,1004.5,5,2.3960099,208.2579956,0.505916,4,439.4110107,10.5951996,245.6940002,0.473153,0.271384,0.26052,0.508353,0,0.675756,0.886719,0,0.168133,0.191945,2,0,0.747349,0,0.214823,-3711853.852,1770970.401
1348,0,67.8792038,1000.669983,5,5.16857,261.3439941,0.42052,4,108.9189987,11.4616003,164.9499969,0.489185,0.485332,0.189039,0.524694,0,0.632022,0.711068,1,0.110501,0.505572,0,2,0.749522,0,0.211018,-3678425.446,1798030.715
1349,0,61.1105995,1000.880005,3,6.2153301,311.2090149,0.398305,1,611.257019,10.5537004,199.0899963,0.271136,0.138093,0.330904,0.384477,0,0.355892,0.769488,1,0.09359,0.503887,0,0,0.566952,0,0.22508,-3207172.751,1952532.426
1350,0,92.1709976,1002.289978,3,3.1856799,271.2829895,0.528104,4,249.5800018,13.5284004,162.2449951,0.30831,0.319996,0.331934,0.683635,0,0.571246,0.812756,0,0.0953618,0.233698,1,0,0.642471,1,0.171136,-3140003.748,2021023.124
1351,0,78.9272995,0,3,1.3613,348.92099,0.47225,4,332.7909851,10.2046003,226.7449951,0.48289,0.300278,0.423507,0.406232,0,0.490394,0.856866,0,0.17364,0.201139,0,3,0.670614,1,0.213516,-3825967.669,1698611.925
1352,0,93.9247971,1414.709961,3,1.80118,311.2690125,0.493753,4,102.1600037,12.9565001,137.6929932,0.317192,0.281092,0.442607,0.689049,0,0.648966,0.89726,0,0.0553735,0.145876,4,0,0.678562,1,0.181085,-3329276.34,1992386.804
1353,0,81.2057037,1012.039978,3,15.9011002,758.5859985,0.48352,3,523.7119751,9.43993,1.56011,0.450634,0.583506,0.565077,0.286187,1,0.662783,0.770274,0,0.251466,0.254815,1,3,0.729248,0,0.193305,-3589799.559,1832205.28
1354,0,90.6140976,2831.919922,3,7.9285798,422.0830078,0.51944,1,195.2929993,13.3375998,256.5419922,0.316441,0.316698,0.421481,0.556205,0,0.614596,0.751527,0,0.134302,0.15885,2,0,0.690631,0,0.167588,-3091339.532,2014736.068
1355,0,66.3247986,1000.030029,5,9.8542299,596.6669922,0.454571,4,972.8660278,7.8601799,109.7009964,0.458874,0.308342,0.52034,0.0629613,1,0.263561,0.171527,2,0.0960531,0.59746,0,1,0.594728,0,0.224116,-3472308.447,1891051.109
1356,0,57.844101,0,5,3.7864001,186.6430054,0.431018,4,717.9710083,9.01369,296.5020142,0.508302,0.622802,0.316168,0.288852,0,0.532647,0.852825,0,0.231041,0.285613,0,1,0.687687,0,0.215159,-3281582.557,1889319.617
1357,0,98.2434998,0,3,1.68283,80.2065964,0.49742,4,76.1740036,13.4695997,198.3760071,0.336028,0.319403,0.353556,0.67976,0,0.619987,0.890844,0,0.0832881,0.117493,4,0,0.683002,1,0.187288,-3357818.948,1998590.429
1358,0,87.6099014,2021.300049,1,9.8884201,466.5950012,0.486021,1,329.2059937,13.5614004,337.993988,0.312294,0.251312,0.462015,0.499579,1,0.538691,0.438166,2,0.108933,0.307478,2,0,0.597985,0,0.173964,-3088032.816,2014770.545
1359,0,102.1760025,2031.98999,3,6.6146898,453.8850098,0.544095,4,514.9710083,13.2356005,186.1779938,0.341591,0.293547,0.289961,0.688283,0,0.584226,0.82593,0,0.122018,0.134931,2,0,0.728851,1,0.165133,-3127795.137,2016270.888
1360,0,60.8638992,0,5,8.0196505,578.098999,0.431602,4,536.2659912,7.95928,313.3829956,0.528157,0.338392,0.416531,0,0,0.638358,0.787653,0,0.274897,0.378047,2,1,0.607195,1,0.232586,-3932168.81,1641649.521
1361,0,96.7759018,1004.140015,2,3.6289899,248.5279999,0.549586,4,480.1440125,10.1014004,212.7969971,0.518409,0.514342,0.204021,0.335448,0,0.659705,0.76354,0,0.17908,0.340716,1,0,0.779128,0,0.196417,-3648416.082,1790958.054
1362,0,63.5136986,0,5,2.50425,304.0910034,0.460125,4,540.2960205,8.60853,31.3456001,0.529091,0.41527,0.153128,0.0333592,0,0.517275,0.925188,0,0.288673,0.403408,0,0,0.591514,1,0.249189,-3671181.761,1689388.361
1363,0,70.1949997,3419.98999,5,2.45491,361.0419922,0.408886,4,357.7330017,10.8744001,111.9209976,0.497764,0.352375,0.154189,0.42415,1,0.500845,0.428231,1,0.0861731,0.476265,1,2,0.634746,0,0.222259,-3661534.084,1780336.764
1364,0,97.1745987,1000.609985,6,4.0234299,269.6470032,0.513148,4,511.9349976,9.9069595,20.3658009,0.43577,0.28306,0.394849,0.234362,0,0.636295,0.904968,0,0.135953,0.404155,0,0,0.677343,1,0.191406,-3774860.223,1709429.954
1365,0,68.9056015,1069.040039,5,9.46982,669.4650269,0.481202,4,1051.939941,7.4191899,96.911499,0.548031,0.328175,0.0851631,0,0,0.621871,0.776681,0,0.225037,0.840685,0,2,0.656536,0,0.230205,-3750899.973,1670152.78
1366,0,75.8401031,1003.539978,5,7.4018102,396.4580078,0.498703,1,880.0739746,10.1520004,354.973999,0.404096,0.43709,0.227765,0.316392,0,0.559805,0.846772,1,0.133317,0.350224,2,0,0.700035,0,0.190056,-3226100.263,1962086.105
1367,0,80.8783035,1000.090027,3,8.7966099,516.46698,0.469219,2,303.3370056,8.8415699,138.1269989,0.527841,0.482101,0.373144,0.0936146,0,0.399123,0.432625,1,0.340938,0.472167,0,0,0.699646,0,0.205559,-3803510.807,1669451.015
1368,0,82.3343964,1004.710022,5,9.1468601,593.8359985,0.513508,1,550.7930298,10.7023001,280.0929871,0.447228,0.297494,0.197131,0.545322,0,0.417264,0.795841,0,0.104584,0.330541,1,0,0.711386,1,0.175463,-3188267.159,1965718.748
1369,0,70.0201035,0,3,7.29527,440.9719849,0.420154,1,661.3079834,8.4339304,249.8119965,0.457076,0.408985,0.320806,0.17988,0,0.397658,0.829638,0,0.181138,0.408412,0,1,0.608066,0,0.216587,-3325021.147,1911357.016
1370,0,80.3424988,2428,3,11.4612999,549.0620117,0.495306,3,710.8690186,9.5635004,67.2950974,0.421284,0.305312,0.453034,0.196029,0,0.438244,0.901282,0,0.0696016,0.241855,3,0,0.688847,1,0.173083,-3396827.217,1925428.089
1371,0,92.9664001,1003.229981,2,3.6793699,230.802002,0.515183,4,228.2109985,11.4719,144.2200012,0.449757,0.259654,0.133861,0.671603,0,0.732545,0.924204,0,0.165932,0.308592,0,1,0.744885,1,0.198052,-3760991.023,1766921.079
1372,0,78.7363968,0,5,3.0176599,190.5659943,0.48451,4,70.8149033,11.2048998,22.5716,0.454714,0.276596,0.207891,0.668042,0,0.721416,0.923478,0,0.173216,0.238316,0,1,0.73338,1,0.210847,-3753125.892,1756147.171
1373,0,66.5996017,1000.429993,5,2.3271201,103.461998,0.446005,2,485.5780029,11.7622995,238.3280029,0.468969,0.324031,0.303128,0.623132,1,0.435507,0.757518,1,0.0757211,0.357125,1,0,0.701923,1,0.206383,-3108271.628,1959236.195
1374,0,90.2276993,1428.699951,3,5.8492599,292.7120056,0.573018,4,478.8850098,11.7656002,160.0140076,0.360803,0.409485,0.234673,0.628707,0,0.700889,0.922216,0,0.112759,0.230677,1,2,0.719334,0,0.180778,-3257192.353,1988466.959
1375,0,88.1468964,1423.380005,3,2.1492901,209.7680054,0.527872,1,551.8330078,11.7040005,131.9799957,0.341307,0.36015,0.260486,0.573255,0,0.653742,0.792212,1,0.0845843,0.471813,0,1,0.665745,0,0.195588,-3248964.116,1985550.707
1376,0,95.3317032,1000,5,6.7280002,394.8049927,0.525677,1,708.5180054,10.5819998,214.397995,0.414145,0.298018,0.200869,0.385941,0,0.444566,0.905432,0,0.108422,0.194732,2,0,0.71695,1,0.182892,-3205045.997,1971393.111
1377,0,96.0327988,0,3,2.3697801,129.7100067,0.493007,4,286.2000122,11.7889004,12.5174999,0.250499,0.225515,0.305799,0.676626,1,0.530398,0.758451,2,0.0639523,0.182885,2,0,0.57488,1,0.185648,-3406009.391,1964603.943
1378,0,89.5772018,1447.380005,3,6.5016098,536.8969727,0.541694,4,1175.579956,7.5829902,277.2709961,0.494452,0.575216,0.68575,0.0008794,0,0.619927,0.916687,0,0.189739,0.566014,2,2,0.736602,0,0.208922,-3569595.199,1834724.864
1379,0,97.6395035,1085.800049,5,2.4700799,1029.829956,0.500842,4,929.5629883,9.2641296,283.4689941,0.519958,0.378902,0.416013,0.106651,0,0.568738,0.92995,0,0.283128,0.352493,0,1,0.73487,1,0.178405,-3807174.153,1680482.34
1380,0,87.6631012,2004.109985,3,2.1345999,147.5189972,0.51505,4,249.6269989,11.4048996,263.006012,0.455597,0.265796,0.141781,0.649584,0,0.724685,0.929411,0,0.163004,0.217013,0,1,0.746393,1,0.200318,-3757009.396,1765719.392
1381,0,126.4440002,0,1,4.2680702,300.8779907,0.58282,4,487.3080139,9.7343197,189.9640045,0.42879,0.297464,0.3118,0.257253,0,0.603047,0.909769,0,0.195084,0.223899,2,2,0.702176,0,0.171611,-3639729.408,1816590.109
1382,0,69.9011993,1415.819946,3,5.98769,261.401001,0.458976,2,607.1149902,10.5047998,87.6222,0.448593,0.48108,0.290511,0.476445,0,0.562163,0.827084,1,0.123756,0.338857,3,0,0.750386,0,0.202475,-3258350.873,1944316.204
1383,0,58.5435982,1000.330017,3,4.0369101,276.9769897,0.434238,4,301.3110046,9.2520704,22.6931,0.493608,0.418663,0.153481,0.144744,1,0.54869,0.635843,1,0.294027,0.324293,0,0,0.533378,1,0.236224,-3664731.111,1698127.018
1384,0,96.2776031,1033.660034,2,7.3944998,436.6860046,0.520152,1,450.5499878,11.9546003,201.9109955,0.349305,0.279206,0.279301,0.680886,0,0.510308,0.718415,0,0.12476,0.13993,2,0,0.678719,0,0.183741,-3278393.125,1968875.357
1385,0,59.8012009,1414.479981,3,1.66897,132.9589996,0.474266,4,343.6870117,10.1886997,116.586998,0.45224,0.333348,0.276672,0.381033,0,0.598489,0.898417,0,0.156067,0.250134,4,2,0.696927,1,0.233459,-3702120.065,1735835.705
1386,0,66.638298,0,3,0.912342,270.2309875,0.437566,4,337.7309875,11.8140001,90.3989029,0.440942,0.377747,0.304947,0.453326,0,0.471561,0.708147,1,0.0857458,0.569168,2,1,0.626156,0,0.211068,-3150468.436,1943639.884
1387,0,89.091301,1001.530029,2,3.5100901,308.9819946,0.511258,4,843.8880005,8.4874802,82.2415009,0.445505,0.323271,0.314286,0.105861,0,0.392417,0.815386,0,0.0769704,0.266227,3,0,0.711767,1,0.194969,-3359542.52,1928950.688
1388,0,71.9057007,1056.479981,3,6.67659,569.1040039,0.467324,4,592.5620117,9.6859598,178.3289948,0.522239,0.328321,0.407419,0.163932,0,0.613895,0.898179,0,0.27952,0.220154,0,2,0.740201,1,0.207984,-3847047.508,1684358.184
1389,0,54.267601,1000.119995,7,5.9696102,341.0859985,0.369684,1,343.821991,9.9089098,11.368,0.408578,0.391245,-0.0746723,0.13019,1,0.124999,0.307569,1,0.196681,0.352872,1,0,0.311467,0,0.234465,-3521608.011,1747031.876
1390,0,98.3043976,1414.23999,3,0.696409,95.5515976,0.49166,4,76.2332993,13.4639997,252.6829987,0.333383,0.30687,0.314576,0.666028,0,0.619515,0.897111,1,0.0674995,0.145174,4,0,0.670105,1,0.191898,-3366247.394,1994803.221
1391,0,72.479599,0,5,0.401543,647.2130127,0.474221,4,244.5269928,9.5839796,263.0239868,0.486864,0.339107,0.31766,0.230931,0,0.609486,0.922409,0,0.218489,0.251662,2,3,0.719184,1,0.210405,-3742275.766,1706305.457
1392,0,59.7340012,2861.77002,5,3.2043099,695.25,0.400881,1,629.6569824,10.3647003,211.8280029,0.505112,0.488377,0.153939,0.220153,0,0.567454,0.892589,0,0.187849,0.61595,1,3,0.667289,0,0.225457,-3644242.964,1766316.845
1393,0,96.1054001,2000.800049,4,4.41539,215.8179932,0.531545,4,86.6064987,12.0944004,148.8670044,0.472867,0.327908,-0.0279442,0.772133,0,0.659727,0.853592,1,0.294945,0.294235,1,2,0.78429,0,0.187049,-3739112.566,1797205.015
1394,0,89.4391022,0,3,0.678895,319.8469849,0.493828,4,133.0010071,11.5045996,134.7100067,0.392966,0.220293,0.0714002,0.646315,1,0.468177,0.380311,2,0.0968051,0.295898,1,1,0.58207,0,0.184439,-3660110.959,1816883.251
1395,0,68.745697,1023.200012,3,8.5851402,455.4530029,0.409027,1,803.9680176,8.5345297,337.0629883,0.44373,0.427491,0.353182,0.232066,0,0.421185,0.756458,0,0.180374,0.487626,1,2,0.572815,0,0.217809,-3325446.511,1905848.355
1396,0,69.3923035,1416.410034,5,1.0501699,220.5700073,0.479441,4,276.7229919,10.8224001,217.7890015,0.4531,0.297342,0.259732,0.567296,0,0.691046,0.93741,0,0.155988,0.235177,2,1,0.719597,1,0.217954,-3740056.94,1747343.369
1397,0,66.0056,0,3,1.04655,170.3840027,0.468972,4,278.2659912,9.9181099,153.4640045,0.473764,0.319464,0.294703,0.303656,0,0.616587,0.913256,0,0.164459,0.343214,2,2,0.693331,1,0.223082,-3725208.162,1718672.624
1398,0,66.0020981,0,5,3.16523,318.6170044,0.513643,4,517.2910156,9.1486197,342.8070068,0.501029,0.345422,0.199519,0.124361,0,0.578045,0.914115,0,0.247289,0.396123,0,2,0.701602,1,0.224992,-3692696.098,1722637.483
1399,0,77.0996017,1000.859985,3,4.8667498,410.2999878,0.478149,3,503.0499878,9.0647202,44.3972015,0.44512,0.616412,0.598717,0.203545,1,0.627706,0.894255,0,0.265148,0.26611,0,2,0.733937,0,0.205472,-3582546.005,1821647.494
1400,0,57.1968994,2035.560059,5,4.22821,418.3009949,0.407098,4,883.6719971,9.4443197,115.6259995,0.527526,0.602458,0.342703,0.225029,0,0.535905,0.757378,0,0.25278,0.302999,0,0,0.690359,0,0.220825,-3279825.354,1882705.791
1401,0,60.6917,1018.530029,5,11.3442001,482.572998,0.456641,4,572.2440186,8.7863598,255.2030029,0.511115,0.391579,0.224651,0.0398518,0,0.503717,0.862684,0,0.290618,0.327576,0,0,0.617175,1,0.225703,-3715923.733,1688735.732
1402,0,81.2798004,1029.329956,1,9.2280798,560.5449829,0.472313,4,445.3320007,10.1433001,108.6350021,0.393141,0.482308,0.663167,0.585379,0,0.62752,0.925039,0,0.121277,0.201798,2,1,0.722995,1,0.168549,-3505973.764,1898451.529
1403,0,79.9586029,0,4,2.9695499,429.1759949,0.481258,3,420.2929993,9.9892597,26.5816994,0.393674,0.291584,0.498351,0.490004,0,0.527323,0.918772,0,0.0633076,0.184743,3,0,0.675993,1,0.182663,-3418156.16,1926796.476
1404,0,91.330101,1000.049988,2,1.94382,111.5479965,0.520092,4,192.3860016,12.5668001,42.9463005,0.167503,0.160149,0.375837,0.634106,0,0.568693,0.919167,0,0.0444975,0.173843,2,0,0.637156,1,0.177458,-3273367.737,1996795.142
1405,0,70.482399,1423.219971,5,4.7878299,452.2210083,0.485742,4,412.4030151,9.34377,190.9459991,0.497283,0.351975,0.292825,0.152848,0,0.59048,0.915477,0,0.224275,0.237422,3,4,0.734861,1,0.212936,-3739743.72,1703041.819
1406,0,85.9533005,1026.780029,3,12.4457998,571.1810303,0.505299,2,1039.709961,8.2895203,15.4319,0.516359,0.477473,0.494456,0.0094184,1,0.507968,0.715904,1,0.11675,0.376322,0,2,0.680027,0,0.189861,-3614381.703,1807360.571
1407,0,77.2557983,1421.119995,3,0.465403,338.5820007,0.499873,2,1133.449951,8.2426205,287.1549988,0.466255,0.401947,0.204984,0.0541416,0,0.376566,0.908795,0,0.129599,0.76319,1,0,0.705903,1,0.222772,-3281746.376,1924542.947
1408,0,68.2425995,0,3,1.14658,79.1973038,0.421996,4,126.3040009,13.0009003,100.1559982,0.285627,0.456066,0.24577,0.485408,0,0.482334,0.690503,1,0.0631497,0.322949,1,1,0.605566,0,0.205367,-3131990.686,1977818.909
1409,0,59.5135002,0,3,2.5770099,179.8480072,0.458235,4,228.0780029,10.5496998,86.6177979,0.433528,0.346371,0.296567,0.437431,0,0.634593,0.748002,0,0.131815,0.228706,4,2,0.682619,1,0.22923,-3723367.539,1737981.585
1410,0,95.0317001,2863,1,4.9154701,615.2349854,0.549851,1,980.2990112,10.7093,219.3390045,0.382341,0.26409,0.200468,0.255953,0,0.464046,0.82521,1,0.114543,0.328918,1,1,0.684231,0,0.168199,-3227144.614,1977537.844
1411,0,72.6044006,1000.059998,2,4.9745898,331.7890015,0.470845,4,1053.689941,7.7730298,23.7161007,0.460098,0.505188,0.346611,0.0556958,0,0.46125,0.775774,1,0.0751208,0.638896,1,0,0.717509,0,0.236227,-3432309.444,1905881.182
1412,0,89.6815033,1043.280029,2,9.2919598,442.0830078,0.546263,3,985.2219849,7.9719901,78.0613022,0.45086,0.4597,0.701594,0.0230806,0,0.40613,0.786063,2,0.0974928,0.657615,2,2,0.696749,0,0.210527,-3563553.874,1850007.848
1413,0,108.8089981,0,2,1.07919,194.1049957,0.512363,4,122.2409973,12.2944002,153.8919983,0.323242,0.262247,0.184816,0.68147,0,0.599026,0.763184,0,0.0896845,0.187966,1,0,0.623301,1,0.171006,-3427355.606,1975963.49
1414,0,64.2213974,1009.150024,6,12.8009005,623.8519897,0.462767,4,366.3640137,8.9511099,271.973999,0.518433,0.304141,0.372245,0.101834,0,0.541426,0.723509,0,0.291397,0.266264,0,3,0.669182,1,0.213459,-3861001.108,1667544.337
1415,0,87.5124969,1434.329956,3,4.33604,453.0109863,0.475612,2,362.1960144,12.1803999,298.1870117,0.313183,0.27858,0.423326,0.66338,0,0.545722,0.602884,1,0.0892624,0.198272,2,0,0.64155,1,0.180565,-3333219.053,1962916.132
1416,0,82.2068024,0,8,5.75492,373.381012,0.503585,3,322.4289856,9.4944601,74.2464981,0.386016,0.303181,0.460584,0.523764,1,0.521113,0.741231,0,0.0610664,0.0899934,3,0,0.674511,1,0.169579,-3409160.507,1927276.799
1417,0,74.2033005,1000,3,2.41452,190.427002,0.434243,4,68.8426971,12.8437004,186.4750061,0.247476,0.403929,0.16309,0.494526,1,0.483167,0.826919,2,0.0546307,0.218304,0,2,0.558018,0,0.205822,-3194134.6,2011724.145
1418,0,94.6158981,0,2,4.8340101,386.3640137,0.487697,4,500.8169861,9.4492102,148.6100006,0.473058,0.491974,0.493038,0.178212,0,0.651594,0.437158,1,0.172337,0.379535,1,3,0.673499,0,0.19601,-3608020.035,1834353.489
1419,0,59.7453995,0,6,6.2239199,339.8930054,0.378598,4,490.70401,9.2787905,117.3499985,0.48656,0.458045,0.397047,0.171945,0,0.407925,0.901733,0,0.251436,0.417903,1,0,0.600438,0,0.224218,-3394178.776,1776017.361
1420,0,85.4309998,2414.649902,2,2.02882,208.496994,0.50311,4,523.1660156,11.5632,122.461998,0.370727,0.406006,0.270222,0.605081,0,0.66811,0.759447,0,0.0833696,0.697968,1,0,0.712171,0,0.191503,-3242989.051,1982192.086
1421,0,109.6740036,2438.040039,1,7.8534498,460.2200012,0.560091,3,517.4140015,10.7196999,134.7100067,0.360936,0.411157,0.507473,0.583115,0,0.621401,0.932683,0,0.113313,0.200847,1,1,0.729362,1,0.162363,-3494159.569,1931484.168
1422,0,83.5758972,1427.890015,3,6.6974602,364.1430054,0.527152,2,895.1110229,9.1282701,53.4117012,0.425024,0.362157,0.186456,0.138078,0,0.390069,0.832865,0,0.160528,0.253067,4,0,0.676253,1,0.193883,-3287966.478,1939058.19
1423,0,81.5998001,1032.280029,3,10.0634003,571.6380005,0.479075,3,593.7230225,9.9417896,28.0802994,0.432325,0.521123,0.556943,0.376013,1,0.658585,0.603396,0,0.219715,0.291817,3,2,0.706897,1,0.196036,-3586983.354,1839238.704
1424,0,61.3835983,2011.469971,7,1.43831,332.1220093,0.381568,1,650.8790283,11.3346004,278.0310059,0.283705,0.12304,0.287913,0.439831,0,0.35126,0.558726,1,0.0678868,0.402207,1,1,0.463817,0,0.230138,-3167830.657,1942545.458
1425,0,65.555397,0,5,4.9780002,560.3980103,0.461129,4,529.5839844,8.4406796,334.6589966,0.540431,0.404629,0.157988,0.0044461,1,0.504895,0.878264,0,0.29343,0.408465,0,0,0.589189,1,0.247796,-3680499.267,1683098.685
1426,0,80.4813995,1040.199951,3,6.7199202,482.197998,0.481675,4,485.1919861,9.91891,331.2770081,0.497132,0.354179,0.422118,0.293638,0,0.529454,0.653199,0,0.241229,0.269001,0,2,0.717801,1,0.206509,-3829296.298,1694411.978
1427,0,86.5960999,1000.229981,3,1.9383301,121.2669983,0.47106,2,163.6750031,12.1407003,162.2669983,0.297078,0.283668,0.41127,0.629325,1,0.558823,0.922911,2,0.0930012,0.172213,2,0,0.634569,1,0.181504,-3329125.955,1964391.141
1428,0,63.902401,0,1,3.6520801,275.5069885,0.432593,1,168.5119934,9.5881996,129.2819977,0.500995,0.404937,0.431021,0.262382,0,0.510387,0.812664,0,0.314827,0.278932,1,1,0.727213,1,0.224626,-3849530.826,1670521.984
1429,0,59.7434998,0,5,4.7058301,440.2409973,0.395463,4,608.59198,7.8757901,3.1296301,0.499154,0.418565,0.691459,0.0978526,1,0.367303,0.869191,1,0.155498,0.495574,0,1,0.574286,0,0.230485,-3512513.826,1809593.56
1430,0,100.0660019,2048.649902,7,11.0623999,586.1799927,0.519821,4,594.2360229,9.3164997,257.7569885,0.484586,0.344092,0.396817,0.141048,0,0.6096,0.896624,0,0.274497,0.258967,0,0,0.715266,1,0.184963,-3812172.394,1687555.285
1431,0,70.1520996,0,5,8.2023697,842.9979858,0.501178,4,359.6539917,8.9603796,219.4989929,0.503558,0.367722,0.264704,0.12004,0,0.561726,0.926628,0,0.286046,0.218995,2,4,0.722667,1,0.204685,-3743204.887,1694957.242
1432,0,92.5543976,1414.880005,1,2.72703,380.0700073,0.562341,1,498.125,12.2974997,56.4710007,0.183959,0.141161,0.232903,0.672856,0,0.544075,0.761214,0,0.075046,0.148218,1,0,0.651998,0,0.167624,-3246694.362,2007490.83
1433,0,89.4163971,2005.079956,2,2.63644,243.9620056,0.482766,4,264.0020142,12.4844999,243.9069977,0.293633,0.290486,0.417542,0.647441,0,0.593703,0.80929,0,0.081964,0.2101,3,0,0.644276,1,0.186555,-3332014.861,1976302.569
1434,0,78.7036972,2438.909912,1,11.8857002,586.1900024,0.493369,3,647.9730225,9.4121103,58.2966995,0.403247,0.499193,0.628926,0.140274,0,0.527452,0.810992,0,0.100424,0.26338,3,0,0.736113,1,0.178001,-3522865.852,1899454.308
1435,0,111.4680023,2436.889893,3,8.9872904,532.3959961,0.547013,5,645.5809937,10.0808001,53.0089989,0.387741,0.21965,0.338939,0.541656,0,0.464196,0.918336,0,0.0658715,0.111846,3,0,0.703022,1,0.149675,-3373242.988,1950387.091
1436,0,80.0931015,0,3,11.8935003,574.0780029,0.473048,4,582.0009766,9.1157999,259.2109985,0.381712,0.280269,0.446788,0.381312,0,0.424802,0.72426,0,0.0618379,0.218872,2,0,0.662674,1,0.181261,-3433378.253,1926704.714
1437,0,66.4963989,0,5,1.87971,142.0829926,0.473771,1,295.243988,10.1796999,18.3498993,0.408853,0.304532,0.310599,0.350042,0,0.634267,0.920648,0,0.128225,0.350643,1,2,0.691353,1,0.22812,-3737717.045,1724473.156
1438,0,50.486599,0,5,3.11533,544.5640259,0.36303,4,339.32901,6.1819801,139.0590057,0.608491,0.514723,0.198163,0,0,0.489937,0.824527,0,0.330039,0.585793,2,0,0.481022,0,0.271948,-4111047.558,1488319.429
1439,0,67.7081985,1001.48999,3,11.3240995,511.9760132,0.424867,4,783.46698,8.3125401,119.6760025,0.486708,0.568235,0.627618,0.113152,0,0.411697,0.37625,0,0.159133,0.345088,1,2,0.743995,0,0.21204,-3480124.581,1879253.115
1440,0,96.4409027,0,1,7.7135801,631.2410278,0.532865,4,342.1359863,9.5452003,288.2139893,0.497169,0.261875,0.318206,0.0720378,0,0.65212,0.603,0,0.303482,0.508141,4,1,0.613871,1,0.173136,-3907617.966,1681135.857
1441,0,80.8795013,1414.48999,2,2.9847701,142.4369965,0.536186,2,687.4819946,9.6939201,0.734164,0.419067,0.252928,0.201807,0.341357,1,0.407529,0.348412,2,0.038873,0.292924,4,0,0.641407,1,0.195572,-3300355.937,1942780.739
1442,0,62.7196999,2008.810059,7,3.07195,499.0239868,0.467538,4,757.7490234,8.9300003,27.4048996,0.513529,0.372357,0.259152,0.0612334,0,0.52364,0.93787,0,0.23035,0.367585,0,2,0.692524,1,0.224758,-3729667.132,1690912.805
1443,0,66.9966965,2438.48999,3,5.45263,498.4890137,0.474636,1,868.6630249,10.1736002,287.7269897,0.304589,0.158795,0.235524,0.45615,0,0.431793,0.658035,1,0.128041,0.333537,2,0,0.614305,0,0.190069,-3222111.929,1961408.209
1444,0,77.1942978,0,7,3.1503601,707.4639893,0.500866,4,202.6190033,9.4786596,27.7639008,0.534885,0.251029,0.364333,0.1387,0,0.667185,0.914074,0,0.260127,0.351471,5,2,0.603841,1,0.194139,-3945870.561,1662312.053
1445,0,104.7429962,0,1,6.0827599,606.2390137,0.565387,4,738.4550171,8.1910801,235.0019989,0.441972,0.332064,0.631794,0.022143,0,0.348141,0.734992,0,0.0586215,0.464037,1,2,0.734491,0,0.205292,-3559683.788,1872931.794
1446,0,77.2777023,1001.98999,2,3.9235301,318.7390137,0.467511,4,1118.829956,7.4377799,131.2579956,0.494612,0.578139,0.676686,0.026632,0,0.412874,0.629222,0,0.113415,0.842286,1,2,0.788319,1,0.232394,-3503201.518,1869885.073
1447,0,94.8097,0,2,2.65323,342.5339966,0.492773,4,209.4440002,10.6792002,153.7259979,0.471842,0.440633,0.117644,0.561951,1,0.610653,0.590407,2,0.125294,0.399667,0,0,0.729782,0,0.19137,-3654766.083,1796585.044
1448,0,74.527298,2013.75,3,3.4776199,263.8770142,0.4174,4,382.3139954,12.4448996,110.1579971,0.327585,0.23867,0.160696,0.58197,1,0.540811,0.47739,2,0.055775,0.418648,0,0,0.587939,0,0.203607,-3209146.456,2007550.026
1449,0,108.8759995,1443.939941,3,6.1910801,576.8699951,0.516628,1,393.6170044,11.6947002,288.7250061,0.337541,0.215081,0.386356,0.689894,0,0.543485,0.916552,1,0.0425721,0.0980236,4,0,0.672473,1,0.166345,-3359181.834,1959453.486
1450,0,96.3479004,1002.859985,1,3.2525899,147.4120026,0.553983,4,379.6809998,12.1504002,328.5390015,0.1762,0.136552,0.277874,0.668253,1,0.516155,0.916445,1,0.0458058,0.164793,2,0,0.630413,0,0.182494,-3278207.452,1991482.441
1451,0,89.6484985,1003.700012,1,5.3886299,692.1719971,0.517229,3,663.0510254,9.74055,141.4620056,0.390643,0.498001,0.617399,0.411554,0,0.601269,0.916424,0,0.122432,0.115317,3,1,0.73373,1,0.174563,-3493633.426,1904511.485
1452,0,78.865097,2054.090088,5,2.0032401,897.0800171,0.473892,1,1125.130005,8.5520296,125.9860001,0.348577,0.349226,0.270749,0.0129678,0,0.347413,0.899528,0,0.298042,0.717856,0,0,0.661675,0,0.204521,-3573443.238,1694087.359
1453,0,94.9838028,2417.679932,3,3.2848499,245.5010071,0.558536,4,455.7619934,12.0344,182.0059967,0.189386,0.137237,0.250161,0.664437,0,0.495684,0.911919,0,0.0595071,0.154069,2,2,0.639292,0,0.179491,-3272965.948,1991077.054
1454,0,66.528801,0,3,0.840753,421.7139893,0.489276,4,513.4420166,8.9146795,277.3059998,0.503195,0.344437,0.213018,0.0734558,0,0.545366,0.818802,0,0.20762,0.50943,3,2,0.704769,1,0.22938,-3717617.953,1703669.993
1455,0,95.0195007,0,2,2.3534999,453.1210022,0.546394,4,455.7569885,9.4996595,204.2259979,0.458324,0.302412,0.310252,0.194582,0,0.613308,0.836128,1,0.248195,0.28383,1,2,0.678972,0,0.196603,-3642066.266,1792460.1
1456,0,57.8129997,0,7,4.7102699,287.6640015,0.389575,2,546.9719849,8.1683197,204.1889954,0.489126,0.617181,0.397711,0.102713,0,0.341026,0.78448,0,0.278721,0.370831,0,0,0.618241,0,0.227669,-3458098.922,1790499.623
1457,0,96.3684998,2000.890015,1,5.51653,391.4389954,0.511574,4,248.423996,11.441,61.5652008,0.295978,0.224841,0.334581,0.698619,0,0.541556,0.791479,0,0.0802608,0.174672,2,0,0.602739,1,0.17705,-3411872.732,1961532.267
1458,0,69.0478973,2000.150024,3,3.11743,244.9920044,0.476526,2,317.8890076,11.9427004,70.680397,0.458775,0.289539,0.283985,0.551174,1,0.438027,0.595505,2,0.0807537,0.281318,1,0,0.634128,1,0.194922,-3114785.222,1965348.621
1459,0,83.9420013,2840.560059,1,10.0671997,667.9050293,0.530702,4,547.0560303,9.4676704,225.526001,0.407114,0.479235,0.59747,0.182569,0,0.541536,0.89892,0,0.0747522,0.180463,3,1,0.728515,1,0.159686,-3523950.173,1905643.351
1460,0,79.0057983,1000.48999,4,7.33354,418.9549866,0.472495,2,434.8039856,9.6502504,91.4789963,0.42997,0.317123,0.46851,0.46781,0,0.52182,0.796686,0,0.0831714,0.255163,2,0,0.683424,1,0.175052,-3386415.687,1920666.492
1461,0,78.9787979,1003.390015,3,6.69101,304.1470032,0.492279,2,507.5799866,9.1842604,200.4850006,0.436647,0.335696,0.443729,0.378638,0,0.479273,0.612635,0,0.0819647,0.272038,1,0,0.683056,1,0.179282,-3378722.078,1916526.253
1462,0,90.4438019,0,7,5.5362,506.5230103,0.507723,4,861.5130005,7.37112,100.9899979,0.573558,0.585491,0.147013,0,0,0.73925,0.571301,0,0.316417,0.50333,1,0,0.639515,1,0.188825,-3827067.244,1658926.404
1463,0,66.9100037,2829.080078,1,6.71699,367.0660095,0.419636,4,389.3729858,11.6505003,38.8092003,0.446412,0.286211,0.266775,0.539185,1,0.414278,0.462976,2,0.0631644,0.317189,1,1,0.598218,0,0.191947,-3170903.059,1960987.862
1464,0,60.8138008,1030.280029,6,5.6900301,385.8789978,0.39525,4,627.2490234,9.0909796,58.9500999,0.45529,0.543107,0.447164,0.163059,0,0.388867,0.862046,1,0.305102,0.226612,0,0,0.576993,0,0.220766,-3386400.853,1791729.681
1465,0,79.1177979,0,5,5.5332999,414.6960144,0.475103,2,711.2459717,8.0148096,58.8917007,0.566624,0.502352,0.211964,0.0278374,0,0.447496,0.915712,0,0.38185,0.43457,0,0,0.744491,1,0.192882,-3802777.204,1664696.746
1466,0,67.3899002,0,2,3.12661,381.3619995,0.451703,2,848.4279785,8.1502895,216.0169983,0.477649,0.42931,0.211193,0.102911,0,0.404195,0.880352,0,0.173862,0.669607,1,0,0.680167,0,0.224174,-3298079.153,1917491.228
1467,0,58.9830017,2001.609985,3,4.8317499,420.6870117,0.425881,4,389.151001,9.4199104,23.4398994,0.501688,0.385681,0.175981,0.168086,0,0.551278,0.906677,0,0.2747,0.249128,0,0,0.612096,0,0.22955,-3669664.112,1709202.292
1468,0,77.7465973,0,5,1.43695,318.8479919,0.464087,1,25.4008999,11.2094002,100.8730011,0.335254,0.145179,0.343048,0.631202,0,0.533972,0.908661,0,0.161046,0.390069,0,1,0.667346,1,0.21144,-3773534.904,1730406.304
1469,0,95.0699005,2003.319946,3,3.3406,154.7619934,0.487481,4,172.8450012,12.9637003,75.0213013,0.331676,0.30185,0.421589,0.696787,0,0.594168,0.931556,0,0.0779307,0.169658,4,0,0.686787,1,0.180384,-3335213.65,1993701.259
1470,0,74.5905991,1000.799988,3,6.1301098,301.4360046,0.467454,2,786.7269897,8.3858004,81.7360001,0.438735,0.528593,0.408581,0.119468,1,0.486389,0.875666,1,0.0908557,0.471207,1,0,0.712352,0,0.220235,-3420178.585,1907187.413
1471,0,65.8003998,0,5,1.0885299,295.2279968,0.500069,4,532.6309814,8.9072504,271.552002,0.503279,0.367446,0.246935,0.0784439,0,0.538169,0.869898,0,0.21746,0.347327,2,2,0.698794,1,0.224393,-3731305.237,1695434.305
1472,0,105.5080032,0,2,4.0935602,578.2340088,0.511293,4,463.1090088,9.3178301,101.9869995,0.453147,0.323864,0.331827,0.0968059,0,0.617355,0.881333,0,0.198284,0.713764,0,1,0.695212,1,0.187944,-3774782.75,1701006.162
1473,0,71.2069016,1000.039978,3,3.2005701,212.371994,0.484062,2,272.4509888,12.2101002,90.481102,0.403224,0.305209,0.255617,0.57565,0,0.480783,0.712499,1,0.11062,0.166376,1,1,0.671894,0,0.18901,-3125890.045,1968522.125
1474,0,106.098999,2481.340088,2,11.0249996,698.8150024,0.525523,5,973.5490112,10.4601002,235.5319977,0.431135,0.256432,0.358584,0.274372,0,0.443783,0.864999,0,0.081331,0.107276,3,0,0.70261,1,0.153852,-3377794.857,1951669.125
1475,0,87.5879974,1005.340027,5,0.509754,238.4850006,0.474551,4,245.7070007,12.4783001,74.9477005,0.306075,0.269939,0.413894,0.492636,0,0.522836,0.661376,1,0.067828,0.24957,1,0,0.569704,0,0.199075,-3289788.472,1975330.765
1476,0,74.7060013,1050.329956,5,9.1526899,587.7390137,0.48663,4,509.4899902,9.7753496,268.2940063,0.509733,0.339762,0.395242,0.195226,0,0.583804,0.81781,0,0.274416,0.596718,0,4,0.73869,1,0.214051,-3845214.267,1689610.826
1477,0,66.7863007,0,4,4.0802598,285.269989,0.430635,2,343.4049988,11.0232,97.3618011,0.416267,0.448989,0.335056,0.553042,1,0.603893,0.75353,2,0.107841,0.252372,4,0,0.673566,0,0.209377,-3256848.295,1946976.274
1478,0,59.8241997,1002.859985,3,7.7860098,391.6440125,0.403607,1,599.9609985,10.5284004,214.8899994,0.295077,0.107918,0.318375,0.424068,0,0.333326,0.535638,1,0.0813856,0.52109,1,0,0.533841,0,0.212005,-3217868.022,1958626.31
1479,0,90.5109024,1047.819946,3,10.875,518.2789917,0.574514,1,556.3779907,12.2635002,246.3820038,0.187226,0.136227,0.179303,0.655122,0,0.530555,0.829176,0,0.0849887,0.119874,3,0,0.653011,0,0.168874,-3242602.995,2013276.662
1480,0,85.0911026,1414.73999,3,7.1040802,406.131012,0.496968,2,608.697998,9.8579998,58.8776016,0.426212,0.371482,0.207931,0.377958,1,0.419406,0.615625,2,0.0835228,0.29401,6,0,0.667064,0,0.195685,-3281975.999,1941471.743
1481,0,80.8516006,0,3,5.20051,404.4660034,0.502514,2,765.309021,8.9996595,100.4560013,0.437381,0.407403,0.190037,0.120846,0,0.420915,0.831656,0,0.133261,0.241104,4,0,0.700582,1,0.19636,-3296944.611,1937312.639
1482,0,72.7265015,1416.880005,5,1.58184,224.7910004,0.508732,4,205.9539948,10.9228001,0.541802,0.478406,0.351754,0.232585,0.585387,0,0.604271,0.928528,0,0.237504,0.328693,2,1,0.759022,0,0.212861,-3722992.638,1774954.146
1483,0,95.9391022,1415.089966,2,0.630928,110.6259995,0.489002,4,167.4669952,13.1090002,2.04951,0.253667,0.369929,0.524574,0.629639,0,0.547933,0.937946,0,0.0441139,0.217025,2,0,0.605463,0,0.185836,-3308821.489,2001142.083
1484,0,91.585701,2009.459961,1,5.9539099,264.0429993,0.57074,4,431.026001,11.9089003,339.1140137,0.182708,0.141252,0.227929,0.667419,0,0.519217,0.762726,0,0.0678272,0.156357,2,1,0.642372,1,0.179407,-3266331.003,1991493.472
1485,0,52.4571991,1445.150024,5,4.5518098,684.1350098,0.402022,4,501.553009,10.0702,122.0169983,0.468234,0.435916,0.155433,0.206443,0,0.497756,0.883847,0,0.297949,0.44704,0,1,0.577271,0,0.244166,-3649708.098,1720646.189
1486,0,66.5098038,0,5,1.66801,283.4620056,0.387793,2,653.5650024,8.7030401,330.223999,0.495058,0.421776,0.385486,0.237196,1,0.358808,0.677367,2,0.129147,0.533902,1,1,0.591392,0,0.225294,-3322663.675,1898234.861
1487,0,61.2887993,2064.229981,5,10.8711004,608.4769897,0.4531,4,935.9840088,8.12467,323.230011,0.525946,0.34993,0.180278,0.0159452,0,0.51584,0.85222,0,0.265311,0.466208,0,2,0.635175,1,0.222891,-3740708.405,1678245.434
1488,0,98.3748016,1415.650024,3,1.6576999,208.2420044,0.54948,4,142.6069946,11.9094,299.8089905,0.460633,0.316224,0.0194177,0.739135,0,0.655849,0.874337,1,0.255177,0.29717,1,0,0.7613,0,0.187653,-3754023.197,1782619.994
1489,0,81.4011993,1001.419983,3,10.2252998,550.6810303,0.542081,1,787.5170288,8.4348097,214.3829956,0.446609,0.324795,0.370981,0.111797,0,0.386162,0.88781,0,0.0703186,0.210069,2,0,0.695359,1,0.181625,-3375541.714,1919102.271
1490,0,82.4161987,1000.280029,3,5.0414,326.5050049,0.4236,2,196.4340057,12.3135004,324.8429871,0.25154,0.274566,0.284886,0.371754,1,0.345297,0.468431,2,0.040991,0.419544,0,0,0.432989,0,0.194969,-3190717.519,1982505.55
1491,0,90.2758026,0,3,0.979408,52.6352997,0.454828,4,41.1860008,13.1822996,119.3150024,0.307376,0.299698,0.203145,0.560139,0,0.618865,0.843479,1,0.069113,0.228534,2,0,0.623534,0,0.197073,-3394974.897,1980191.877
1492,0,72.3526993,1078.25,3,11.6667995,610.7609863,0.481589,4,483.5429993,9.0959997,357.6520081,0.523416,0.257339,0.38717,0.0961767,0,0.676777,0.824747,0,0.324152,0.218806,4,2,0.629665,1,0.198859,-3919055.048,1659132.319
1493,0,84.5328979,1000.25,2,1.22552,160.2299957,0.494008,2,280.4020081,10.8660002,280.1149902,0.352733,0.225502,0.289106,0.629685,1,0.491104,0.505527,2,0.0361316,0.175102,2,0,0.629519,1,0.170204,-3317617.229,1950429.415
1494,0,89.240303,3834.360107,2,4.36202,207.7899933,0.55317,4,520.2940063,11.6026001,32.4780998,0.383108,0.417299,0.241646,0.66088,0,0.663384,0.637162,0,0.109072,0.278629,1,1,0.726773,0,0.187552,-3259810.469,1975680.815
1495,0,83.1610031,1000.02002,3,2.2337301,152.7449951,0.488943,4,338.1329956,11.5619001,148.1889954,0.359702,0.419901,0.297014,0.597876,0,0.643891,0.84873,0,0.0801803,0.30059,1,1,0.695572,0,0.199769,-3256135.397,1968171.096
1496,0,91.1561966,3884.01001,1,12.6260996,687.6799927,0.543871,1,911.2410278,10.7883997,65.2209015,0.436618,0.293473,0.187375,0.395312,0,0.41015,0.813013,1,0.133368,0.219506,2,0,0.717307,1,0.167474,-3190348.431,1971534.101
1497,0,122.5630035,1414.689941,1,3.7540901,300.7900085,0.566319,4,503.1809998,10.6805,301.42099,0.352605,0.198624,0.359212,0.45454,0,0.381984,0.920096,0,0.0460008,0.202664,1,1,0.664603,0,0.175666,-3440711.081,1964117.741
1498,0,83.2285995,2416.290039,5,9.7910604,525.5510254,0.513086,2,558.5570068,9.7484798,324.0419922,0.388759,0.224592,0.298698,0.46838,1,0.431108,0.735796,2,0.0540784,0.223581,2,0,0.608605,1,0.178561,-3332819.623,1939016.432
1499,0,95.1557999,0,3,1.27268,85.4772034,0.462884,4,25.4097004,13.4455004,85.7956009,0.313621,0.304214,0.297497,0.597817,1,0.642716,0.909559,2,0.0736044,0.348613,5,0,0.644696,1,0.19516,-3379028.365,1986370.84
1500,0,73.8358994,1415.540039,3,4.2692699,244.6620026,0.439442,4,171.2830048,12.8611002,151.8059998,0.177376,0.170693,0.196407,0.547355,0,0.563204,0.872863,1,0.0640937,0.424865,0,0,0.594327,0,0.19737,-3226726.995,2012846.245
1501,0,97.6147995,0,5,6.3207998,434.75,0.488989,4,246.5390015,10.1570997,97.3575974,0.455938,0.375016,0.473479,0.275489,0,0.527652,0.935488,0,0.210842,0.349998,1,0,0.686993,1,0.185291,-3785109.191,1703398.514
1502,0,103.1500015,1005.52002,3,3.85076,163.4080048,0.537918,4,523.8259888,10.7761002,25.5398998,0.369447,0.211312,0.375959,0.599824,0,0.54882,0.892505,0,0.0419002,0.205441,1,1,0.67723,1,0.176238,-3425542.421,1960757.02
1503,0,57.2477989,1000.169983,5,5.87532,351.2369995,0.380034,4,415.4219971,9.5101004,296.1570129,0.512247,0.482169,-0.0154368,0.153342,0,0.406597,0.700911,1,0.25823,0.304976,0,0,0.522206,0,0.231673,-3512903.654,1747961.615
1504,0,61.0374985,1000.190002,3,1.00186,106.939003,0.425022,4,502.5329895,11.5956001,11.1920004,0.410888,0.289542,0.363674,0.482578,0,0.454585,0.658993,0,0.0510632,0.433023,1,2,0.692558,0,0.22551,-3096891.303,1949505.46
1505,0,92.5571976,1426.560059,3,2.86286,229.7189941,0.517417,1,316.769989,12.5352001,55.0662003,0.158691,0.132824,0.296202,0.58066,0,0.550254,0.882329,1,0.0533894,0.211551,2,0,0.599302,0,0.170371,-3253641.59,2005905.535
1506,0,116.5459976,0,2,2.2866099,172.4559937,0.554995,4,502.6470032,10.8099003,253.7180023,0.356851,0.203708,0.352097,0.549493,0,0.481967,0.925229,0,0.0451591,0.184455,1,0,0.661987,0,0.175025,-3436660.373,1965379.479
1507,0,77.6066971,0,3,6.98594,474.4119873,0.464064,4,861.6300049,7.9355698,108.0469971,0.490939,0.614287,0.683106,0.0956702,1,0.452589,0.270179,0,0.14747,0.45665,2,2,0.789113,1,0.213893,-3500714.751,1873826.093
1508,0,59.0859985,2862.689941,5,2.2959001,540.1740112,0.377734,1,826.3579712,9.2657604,267.4949951,0.49246,0.48255,0.0634274,0.117812,0,0.415882,0.844855,0,0.303177,0.384661,2,0,0.588532,0,0.231223,-3518110.066,1753919.27
1509,0,91.2573013,2002.810059,5,5.6902499,334.3089905,0.507348,4,386.4830017,10.2711,218.2389984,0.497394,0.478659,0.175284,0.406863,0,0.644885,0.713779,1,0.148912,0.359196,1,0,0.750565,0,0.1992,-3650530.032,1788573.132
1510,0,90.7334976,0,2,1.90652,175.7070007,0.498003,4,361.0580139,9.8943996,165.0579987,0.457335,0.306288,0.379466,0.344456,0,0.636497,0.873831,0,0.187612,0.263817,0,2,0.684941,1,0.188636,-3764443.777,1707940.438
1511,0,85.5214996,2024.23999,5,2.95854,236.9839935,0.455959,1,458.4330139,11.9298,330.1210022,0.333454,0.272438,0.2721,0.638837,0,0.504618,0.879317,1,0.0949635,0.25292,2,1,0.663737,0,0.184586,-3185363.547,1975773.391
1512,0,92.0319977,1002.640015,3,1.41037,212.5039978,0.456903,4,73.2556,12.7737999,75.6751022,0.310156,0.289105,0.189538,0.641463,0,0.607986,0.827172,1,0.0857226,0.224184,3,0,0.642754,0,0.190521,-3401496.733,1976531.384
1513,0,83.1127014,1010.409973,5,2.9969299,201.6580048,0.491655,4,165.0149994,11.5173998,61.7360992,0.512253,0.276399,0.300217,0.445796,0,0.615265,0.911116,0,0.293894,0.315529,6,4,0.677064,1,0.196641,-3933443.307,1678050.081
1514,0,79.0276031,1028.949951,5,2.5062799,516.585022,0.491689,1,1218.130005,7.8172898,1.26877,0.509803,0.495152,0.204861,0,0,0.36334,0.788508,0,0.196489,0.380692,1,1,0.716322,1,0.205063,-3421228.066,1726081.29
1515,0,66.2444,1013.049988,5,7.8903799,453.196991,0.48597,4,741.151001,8.0010204,21.1033993,0.551134,0.314445,0.163575,0.0233143,0,0.498682,0.274907,0,0.201524,0.651739,2,4,0.656364,0,0.222193,-3748681.136,1677279.137
1516,0,100.8259964,1421.5,2,3.5763299,257.3590088,0.537957,3,295.243988,10.9822998,293.803009,0.326505,0.369543,0.540493,0.71964,1,0.639513,0.761485,2,0.0805124,0.171158,1,1,0.672644,1,0.167603,-3494719.312,1927117.726
1517,0,105.7409973,1418.079956,2,8.3599501,389.3309937,0.590274,4,622.3989868,9.7008495,282.4129944,0.541654,0.542698,0.274576,0.189379,0,0.640984,0.822111,0,0.190633,0.310932,2,0,0.785493,1,0.193203,-3646855.123,1796538.172
1518,0,69.9676971,1004.429993,3,4.1426501,255.9859924,0.433582,2,264.6759949,12.7167997,138.7250061,0.371917,0.339168,0.286682,0.597099,0,0.524769,0.596098,1,0.119478,0.166886,1,1,0.688525,0,0.19215,-3123056.756,1973501.221
1519,0,77.6390991,0,3,2.3311801,235.7740021,0.518887,2,906.507019,8.1705704,328.2399902,0.446506,0.334943,0.34859,0.0791993,0,0.380418,0.926699,0,0.0559374,0.326385,3,0,0.708597,1,0.208042,-3399102.334,1909847.867
1520,0,86.4011993,3001.209961,3,6.12922,277.4700012,0.538468,1,710.9730225,10.1529999,57.0779991,0.41018,0.457914,0.170599,0.301291,0,0.553731,0.898774,0,0.100815,0.444606,6,1,0.746318,0,0.189322,-3299632.014,1951194.906
1521,0,88.8934021,2006.140015,3,2.2170401,122.8960037,0.515997,4,357.7890015,12.2033005,131.75,0.285582,0.329433,0.332626,0.640892,1,0.660848,0.898217,2,0.0712239,0.277702,1,2,0.66899,0,0.187487,-3263820.561,1985307.785
1522,0,77.8308029,1434.52002,2,11.5822001,582.1110229,0.512144,4,850.9290161,7.6511002,50.7803001,0.503551,0.453475,0.728304,0.0289566,0,0.41326,0.900754,0,0.183019,0.392481,2,0,0.731708,0,0.195872,-3555158.221,1813410.819
1523,0,91.9125977,2838.229981,2,1.25818,334.3399963,0.50393,4,365.8670044,11.8023996,340.9339905,0.392498,0.282675,0.190161,0.675598,0,0.649443,0.792969,1,0.121483,0.291335,0,1,0.691817,0,0.191049,-3665079.107,1826009.471
1524,0,81.6535034,1425.180054,6,4.07341,315.3359985,0.431908,4,204.427002,11.5710001,351.019989,0.346395,0.12836,0.2751,0.731152,0,0.531135,0.397913,0,0.167178,0.434469,2,0,0.675841,1,0.208122,-3774856.969,1747777.935
1525,0,79.0378036,1018.109985,5,8.0662699,490.6900024,0.471808,4,586.5109863,9.8350296,84.6959991,0.400231,0.496793,0.661423,0.469133,0,0.608709,0.849345,0,0.130183,0.28548,3,1,0.729451,1,0.179245,-3513418.398,1897174.732
1526,0,100.3130035,2837.310059,3,4.2240601,312.0409851,0.506078,5,319.0409851,11.8673,76.2409973,0.299163,0.211046,0.338227,0.705317,0,0.565207,0.912705,0,0.038169,0.170292,3,0,0.66492,1,0.181314,-3387863.159,1962975.307
1527,0,88.2634964,0,3,6.2225699,860.1790161,0.48639,4,353.2820129,8.06182,101.9680023,0.555444,0.630158,0.248015,0.0664447,0,0.59466,0.728019,0,0.403303,0.493279,0,1,0.762105,1,0.175968,-3818030.412,1661752.346
1528,0,102.1449966,2442.439941,2,5.2840099,345.6270142,0.514278,5,532.3029785,11.6166,204.1289978,0.360703,0.216155,0.360585,0.654442,0,0.522519,0.917022,0,0.0497768,0.148043,2,0,0.698972,1,0.170567,-3384927.106,1959652.963
1529,0,110.3939972,1004.940002,2,8.3262701,408.8919983,0.513741,4,551.742981,10.0401001,204.2319946,0.476809,0.52723,0.39155,0.17838,0,0.606084,0.816561,0,0.132834,0.418155,1,2,0.762789,0,0.185226,-3622815.582,1829977.863
1530,0,88.4917984,0,5,5.2796302,323.4710083,0.460634,1,288.6530151,11.6363001,125.302002,0.326227,0.240321,0.280765,0.538155,1,0.461265,0.83245,2,0.0791499,0.147826,2,0,0.611196,1,0.160432,-3195493.32,1975415.118
1531,0,100.0849991,1011.780029,3,1.6457601,258.8869934,0.5532,4,254.7359924,11.8660002,253.647995,0.467518,0.319809,0.0059844,0.728198,0,0.65418,0.751443,0,0.244667,0.274467,0,0,0.770423,0,0.188817,-3750371.858,1784353.487
1532,0,120.2310028,3007.570068,3,2.76735,135.2089996,0.553836,4,464.1619873,11.5881004,351.7950134,0.363124,0.199094,0.240255,0.68023,0,0.528418,0.91976,0,0.0453147,0.176731,2,0,0.685276,1,0.169213,-3434972.661,1975027.222
1533,0,76.3874969,1000.150024,3,4.4942398,214.697998,0.418952,4,178.5850067,12.9681997,15.8174,0.307811,0.310204,0.102736,0.552014,1,0.580892,0.510049,1,0.0755832,0.427361,0,0,0.654245,0,0.203422,-3209472.695,2018542.626
1534,0,91.6328964,2418.679932,1,3.77986,392.2999878,0.57844,1,411.6820068,12.0037003,140.7619934,0.195729,0.136758,0.195579,0.663395,0,0.51997,0.682127,0,0.0776125,0.178195,1,0,0.654537,0,0.166952,-3243221.436,2004039.258
1535,0,84.4733963,0,5,9.43641,670.6820068,0.518679,2,1047.26001,6.86028,239.0070038,0.562917,0.578913,0.0980197,0,0,0.803226,0.881367,0,0.268155,0.597862,1,0,0.674481,1,0.208562,-3827923.642,1649253.79
1536,0,69.5534973,1000.929993,3,3.55791,214.0850067,0.489386,4,409.2590027,9.9620399,345.9630127,0.469409,0.298866,0.317644,0.328258,0,0.63577,0.940167,0,0.161132,0.306651,1,2,0.702296,1,0.211955,-3744172.062,1718420.335
1537,0,75.6533966,0,3,6.9281402,711.5620117,0.507057,4,417.7179871,7.5523601,236.098999,0.560687,0.613205,0.229013,0.0071582,0,0.598363,0.912093,0,0.344134,0.371961,1,0,0.698247,1,0.19641,-3834171.118,1650872.164
1538,0,71.2101974,2422.429932,5,1.58979,360.9689941,0.40554,2,320.1000061,12.5299997,17.7210007,0.296649,0.196792,0.23333,0.391445,1,0.472299,0.458284,2,0.0487319,0.56737,1,0,0.489065,0,0.204133,-3208228.09,1997722.912
1539,0,64.8475037,0,1,5.9904299,756.1079712,0.457875,4,311.7479858,7.94347,335.302002,0.545776,0.313952,0.370897,0.0134963,0,0.644428,0.879018,0,0.32229,0.392849,3,3,0.652439,1,0.219188,-3921503.84,1648240.823
1540,0,98.6539993,1001.539978,3,4.9345498,281.9079895,0.541597,4,584.1129761,9.4763203,260.9689941,0.413569,0.485727,0.650541,0.279323,1,0.649495,0.901635,0,0.152149,0.25742,3,1,0.69089,1,0.19555,-3570312.246,1866087.321
1541,0,100.75,2416.330078,2,4.92624,280.2070007,0.494064,4,177.1130066,12.5544004,265.6530151,0.320987,0.285016,0.335975,0.677304,0,0.611611,0.714945,1,0.106065,0.200018,4,0,0.660335,1,0.180761,-3363179.301,1980293.914
1542,0,61.8128014,0,6,1.12629,360.1629944,0.386657,1,532.2349854,9.2921495,326.0780029,0.455101,0.667353,0.511477,0.214847,0,0.508581,0.758634,1,0.231269,0.455393,0,1,0.653281,0,0.2332,-3327629.756,1858524.987
1543,0,85.0323029,0,3,1.44732,134.8890076,0.527496,2,922.6170044,8.67169,74.8880997,0.44252,0.384848,0.185175,0.0883978,0,0.381915,0.823872,0,0.121168,0.340633,3,0,0.680631,1,0.212421,-3285488.818,1935147.627
1544,0,81.9290009,1001.960022,3,1.47425,299.4779968,0.469971,4,180.4049988,11.4378004,14.8254995,0.453656,0.272096,0.249309,0.6894,0,0.731165,0.858541,0,0.181239,0.296984,2,0,0.732717,1,0.207132,-3764304.393,1750971.468
1545,0,83.8005981,2004.089966,3,3.8420801,216.4539948,0.483715,1,287.7290039,11.9770002,85.2500992,0.310021,0.276738,0.374427,0.679902,0,0.539289,0.755677,1,0.0915443,0.246561,2,0,0.654808,1,0.177905,-3320141.814,1965667.202
1546,0,65.5674973,1058.719971,5,1.3990999,821.6140137,0.443678,1,798.0440063,8.1852903,327.6470032,0.542397,0.450318,0.329316,0.0001966,0,0.426036,0.888508,1,0.358239,0.401726,1,0,0.636476,0,0.215995,-3858687.552,1648087.346
1547,0,84.0246964,0,6,2.5095999,914.3770142,0.486684,4,111.0930023,9.9977798,97.3249969,0.462215,0.316524,0.373216,0.334712,0,0.639989,0.869673,0,0.204042,0.273909,0,2,0.692484,1,0.19089,-3758554.772,1710629.061
1548,0,77.0646973,0,2,4.7470598,486.3659973,0.480611,4,342.4110107,9.1960602,87.8951035,0.410851,0.566851,0.665639,0.480122,0,0.601831,0.868274,0,0.161966,0.166277,2,0,0.751007,0,0.184465,-3498627.708,1888237.532
1549,0,58.0822983,0,3,2.7988901,155.8000031,0.470078,4,233.0540009,10.4738998,248.197998,0.427812,0.349921,0.290352,0.42749,0,0.620059,0.826393,0,0.133164,0.231498,4,2,0.678237,1,0.233677,-3717307.861,1740779.937
1550,0,77.2783966,0,2,0.966311,246.2689972,0.46064,4,142.5800018,11.2370996,180.3800049,0.344977,0.149167,0.347915,0.637063,0,0.52155,0.862232,0,0.141735,0.477004,1,1,0.66157,1,0.212307,-3777232.022,1728044.626
1551,0,74.3718033,0,3,2.3426399,283.8940125,0.432126,4,152.1399994,12.6368999,122.1930008,0.296838,0.285882,0.140541,0.53824,0,0.556666,0.91206,2,0.0634932,0.240356,0,1,0.627004,0,0.20443,-3203860.586,2011264.552
1552,0,70.5133972,0,5,0.881782,138.4429932,0.499114,4,539.4110107,11.5860996,305.3519897,0.466279,0.276722,0.218332,0.632625,1,0.390583,0.808475,1,0.0523341,0.548413,2,0,0.666691,0,0.198973,-3119578.857,1961415.577
1553,0,95.4888,0,3,2.8571301,244.7149963,0.467638,4,146.3220062,13.0757999,195.822998,0.315723,0.276093,0.274262,0.586518,0,0.603178,0.929941,0,0.080641,0.257466,4,0,0.60623,0,0.19314,-3387128.608,1978276.418
1554,0,60.7066002,0,6,5.9886498,414.9649963,0.367609,4,469.1950073,8.57547,77.4492035,0.499568,0.499043,0.340647,0.147192,0,0.399344,0.844963,1,0.241374,0.732365,0,1,0.533258,0,0.242362,-3482872.393,1783967.957
1555,0,104.7939987,0,3,4.4248199,258.631012,0.547425,4,1079.079956,7.8383498,331.7709961,0.470476,0.520271,0.374893,0.0195286,0,0.400647,0.899607,0,0.0855155,0.507055,2,1,0.774254,0,0.202787,-3474756.802,1919491.663
1556,0,67.4717026,0,5,13.0569,771.3060303,0.473919,4,544.4190063,8.2566099,20.3915005,0.529517,0.290646,0.375756,0.0511916,0,0.667954,0.643745,0,0.338089,0.314396,3,2,0.641787,1,0.210621,-3920582.098,1651939.22
1557,0,94.8207016,0,1,7.5664101,431.3359985,0.539684,1,205.9669952,12.6700001,196.798996,0.163548,0.13762,0.286153,0.658131,0,0.553631,0.853553,0,0.0645699,0.284623,2,0,0.606717,0,0.172842,-3250482.173,2011660.919
1558,0,61.9015999,2415.01001,3,0.418442,229.4790039,0.486932,4,295.4049988,10.0045996,77.9794006,0.467624,0.329332,0.259316,0.347098,0,0.617127,0.923428,0,0.157056,0.235984,2,2,0.712863,1,0.237816,-3695545.42,1740237.352
1559,0,70.0156021,0,4,7.0634599,475.6300049,0.470816,1,620.6290283,8.3070202,255.4380035,0.46124,0.371952,0.635632,0.090622,0,0.384332,0.804387,1,0.177502,0.604026,0,0,0.566969,0,0.21296,-3558539.909,1796255.614
1560,0,79.8803024,2045.880005,3,5.47188,535.0910034,0.47195,4,556.8579712,9.8513002,196.4250031,0.506127,0.331012,0.428944,0.235514,0,0.630292,0.917688,0,0.277578,0.195244,0,2,0.725594,1,0.206164,-3831278.073,1690185.419
1561,0,71.6335983,2023.380005,3,3.7853401,418.2210083,0.376306,1,355.2650146,13.3168001,46.7172012,0.319338,0.349997,0.383914,0.510731,1,0.398353,0.541358,1,0.0674287,0.334197,0,0,0.531348,0,0.195788,-3110391.306,1992985.068
1562,0,82.4542007,2010.849976,1,6.8319898,448.4169922,0.524916,1,486.1749878,10.8980999,300.6319885,0.416256,0.363937,0.251555,0.603418,1,0.599365,0.615044,2,0.0952836,0.229045,1,0,0.651522,0,0.188715,-3244728.663,1968485.362
1563,0,80.0523987,0,2,4.9124498,412.1210022,0.446455,4,710.5020142,8.5517302,100.9509964,0.413527,0.492186,0.42027,0.136336,0,0.539917,0.695826,0,0.10834,0.325491,2,0,0.710182,1,0.198663,-3443918.437,1921461.343
1564,0,57.1282005,2441.310059,5,5.1677999,584.6719971,0.420973,4,1005.789978,8.9697399,293.6929932,0.501296,0.481361,0.304384,0.196151,0,0.443762,0.868767,0,0.294482,0.303014,0,1,0.661394,0,0.221965,-3279193.779,1892900.761
1565,0,65.9250031,0,3,1.63763,167.2149963,0.43893,4,234.4559937,12.6940002,132.2359924,0.285296,0.458792,0.223625,0.487836,0,0.442703,0.811049,0,0.0696013,0.272277,1,1,0.606354,1,0.201068,-3137568.451,1970153.952
1566,0,72.5350037,1425.050049,2,1.81055,392.0409851,0.438793,4,340.9119873,11.4039001,141.9810028,0.467363,0.476879,0.122994,0.585582,0,0.667468,0.663394,1,0.0985344,0.434248,0,2,0.763804,0,0.202995,-3675846.952,1801935.661
1567,0,67.5050964,0,3,1.8928,374.6570129,0.423722,2,967.4260254,7.2846599,272.2460022,0.506046,0.419171,0.64554,0.0387424,0,0.259625,0.708388,1,0.100194,1.06218,0,0,0.597375,0,0.248481,-3489987.724,1806070.864
1568,0,90.8242035,1008.51001,2,10.9497004,505.7340088,0.527684,4,260.7969971,10.6555996,84.6816025,0.37832,0.398507,0.579251,0.619451,0,0.634688,0.917972,0,0.0619542,0.157529,2,0,0.704417,0,0.157061,-3513085.078,1917903.389
1569,0,56.7643013,0,6,2.0685,258.802002,0.392051,1,483.0549927,9.4580698,148.8800049,0.508168,0.742723,0.0023766,0.131152,0,0.454932,0.879837,0,0.292792,0.442756,0,0,0.680645,0,0.234608,-3458273.332,1732058.306
1570,0,71.9945984,2857.330078,5,8.2843904,477.4140015,0.456844,1,681.3809814,11.6900997,82.1460037,0.420053,0.287858,0.239116,0.628021,0,0.448308,0.604319,1,0.0948273,0.358788,2,1,0.678755,0,0.184178,-3172915.807,1969659.896
1571,0,67.0710983,1426.780029,5,1.35728,307.6799927,0.405295,1,350.9559937,12.8776999,22.9692993,0.301044,0.344206,0.416357,0.437395,1,0.393389,0.447444,2,0.0588282,0.26993,1,1,0.507774,0,0.197374,-3095866.307,1981025.984
1572,0,69.1396027,3003.23999,3,3.5904,230.8959961,0.49301,4,324.1749878,12.2419996,95.7944031,0.328442,0.386692,0.239464,0.649619,0,0.427874,0.912258,0,0.0700075,0.157332,1,1,0.647702,1,0.197756,-3133280.822,1968033.945
1573,0,84.2326965,2420.27002,2,8.7165098,657.375,0.497268,4,702.8729858,8.8673601,10.2606001,0.517287,0.506902,0.423275,0.0566757,0,0.523664,0.445143,1,0.152559,0.609814,1,2,0.712024,0,0.187419,-3626259.159,1797942.201
1574,0,61.0348015,1015,5,4.6967802,430.0799866,0.393831,1,568.6040039,9.9437704,176.7660065,0.495197,0.719659,0.0685362,0.131817,0,0.481006,0.906315,0,0.363272,0.226885,1,1,0.668725,0,0.208909,-3429964.588,1720054.615
1575,0,76.300499,3434.120117,3,1.17656,546.9730225,0.428136,1,444.3800049,13.2276001,271.1919861,0.406054,0.335326,0.422065,0.56187,0,0.515305,0.459595,0,0.0765585,0.211689,0,0,0.693751,0,0.179642,-3093534.643,2001676.826
1576,0,55.414299,1416.660034,3,2.3024199,174.3890076,0.463004,4,339.9159851,10.2194004,138.6799927,0.446092,0.333915,0.283754,0.400898,0,0.610345,0.901848,1,0.153537,0.282053,4,2,0.68899,1,0.232581,-3711570.197,1733320.577
1577,0,53.7512016,1032.109985,5,5.40481,404.3160095,0.42039,4,415.54599,9.8820801,273.8450012,0.464589,0.441686,0.159881,0.185988,1,0.53466,0.865235,0,0.277434,0.247854,0,0,0.568681,0,0.242171,-3659523.388,1711159.702
1578,0,139.5429993,1036.319946,1,5.38626,587.3709717,0.552695,3,629.1090088,9.8741703,156.0110016,0.355092,0.405791,0.417862,0.423511,0,0.565598,0.928053,0,0.118445,0.262945,3,1,0.723681,0,0.145366,-3467288.57,1941648.781
1579,0,75.8089981,1415.150024,3,1.78078,183.7380066,0.485435,4,236.2920074,10.7700005,131.8470001,0.460568,0.273741,0.301315,0.531927,0,0.675204,0.94318,0,0.140052,0.214753,0,2,0.714112,1,0.216134,-3755655.429,1736171.257
1580,0,86.6569977,1013.080017,2,8.2899599,442.144989,0.536973,4,833.3179932,8.9415598,212.0209961,0.466387,0.595015,0.626835,0.106543,0,0.623258,0.797004,0,0.239556,0.310008,4,2,0.756581,0,0.193324,-3580721.801,1844382.147
1581,0,81.5206985,2003.729981,3,4.9056902,338.1239929,0.507844,4,251.7180023,13.2448997,301.3739929,0.38104,0.309659,0.3363,0.61223,0,0.535305,0.731824,0,0.0962575,0.141665,1,0,0.698693,1,0.171071,-3120022.192,2010059.066
1582,0,101.0780029,2098.040039,2,12.7670002,649.1060181,0.512588,5,815.3709717,10.8002996,4.61834,0.39733,0.251374,0.380649,0.423455,0,0.506049,0.914169,0,0.0861244,0.102596,3,0,0.706672,1,0.157563,-3383098.987,1951166.186
1583,0,69.6464996,1009.200012,5,4.8298302,274.3959961,0.511361,4,282.0180054,10.8319998,92.2021027,0.489426,0.35897,0.254216,0.572839,0,0.591162,0.916183,0,0.261764,0.21022,1,2,0.757559,0,0.216819,-3717613.951,1774770.382
1584,0,67.3486023,2004.069946,3,1.28864,195.5279999,0.472403,4,258.7789917,10.7639999,210.7319946,0.455043,0.305477,0.27579,0.518129,0,0.684939,0.921841,0,0.176121,0.24004,2,1,0.716252,1,0.219423,-3736499.329,1744559.455
1585,0,57.6731987,0,3,0.764014,276.2539978,0.396126,4,644.7750244,9.0061502,298.1369934,0.517759,0.650316,0.34104,0.235,0,0.520696,0.82073,1,0.20234,0.328175,1,1,0.705857,0,0.224678,-3293048.368,1889485.655
1586,0,80.5699997,0,5,10.3018999,686.6220093,0.502235,1,382.7850037,9.6400299,268.9150085,0.408912,0.250245,0.268772,0.50546,0,0.461932,0.740845,0,0.0586774,0.146991,2,0,0.651795,1,0.176088,-3321261.569,1938692.308
1587,0,95.7055969,1000.559998,3,1.82564,131.7610016,0.544125,4,210.25,13.6014996,240.4190063,0.332629,0.335918,0.397996,0.626428,0,0.628442,0.681836,0,0.115748,0.144644,1,0,0.719557,1,0.163581,-3106454.985,2017496.643
1588,0,86.5212021,0,3,0.478374,359.3569946,0.523555,4,605.2919922,8.8172302,65.4291,0.479759,0.329834,0.239955,0.0649639,0,0.591904,0.909075,0,0.174785,0.444706,1,3,0.728015,1,0.210573,-3757775.169,1698065.479
1589,0,86.4404984,3830.48999,3,2.9210801,184.848999,0.477917,4,259.1270142,12.5567999,301.2380066,0.302405,0.291925,0.434702,0.654441,0,0.58396,0.917587,0,0.0845275,0.212888,5,0,0.651344,1,0.19164,-3324945.726,1976378.324
1590,0,83.9944,0,3,3.7732899,311.322998,0.484934,4,59.4513016,11.3465004,136.4140015,0.457296,0.268081,0.209052,0.700723,0,0.728276,0.924997,0,0.170331,0.2386,0,1,0.740696,1,0.208994,-3761618.898,1755892.024
1591,0,77.5854034,1417.930054,5,2.9215701,166.1519928,0.484517,4,191.473999,11.1500998,134.5579987,0.456572,0.280099,0.202688,0.627519,0,0.711297,0.928723,0,0.154366,0.20156,0,1,0.734255,1,0.212282,-3750008.855,1757177.222
1592,0,86.6210022,1004.23999,3,3.73298,215.2230072,0.467636,4,206.1450043,12.5815001,221.6699982,0.291024,0.294736,0.439528,0.61831,0,0.583296,0.852285,1,0.0898192,0.182908,4,0,0.634435,1,0.190708,-3327967.975,1975034.232
1593,0,112.4909973,2420.050049,2,4.8321199,364.9039917,0.510856,2,434.256012,11.6892996,129.5460052,0.365706,0.202907,0.37874,0.665217,0,0.504583,0.78691,0,0.0446977,0.158298,4,1,0.691142,0,0.17278,-3369009.983,1959543.379
1594,0,95.0903015,2031.199951,2,3.76933,455.4419861,0.514142,4,742.9439697,9.7892504,107.5690002,0.430939,0.486071,0.633477,0.223858,0,0.639951,0.91051,0,0.156106,0.271469,3,1,0.70439,1,0.199042,-3575892.368,1863727.147
1595,0,111.935997,2437.629883,2,1.14201,134.7440033,0.491774,4,379.618988,12.4833002,92.6270981,0.354233,0.253997,0.113762,0.726487,0,0.551176,0.831785,0,0.102037,0.148695,3,2,0.668699,1,0.172626,-3425108.678,1982188.956
1596,0,78.4611969,2891.949951,4,12.0902004,560.367981,0.506984,1,1029.709961,8.4861698,17.809,0.462855,0.382984,0.377516,0.0818189,0,0.399669,0.90601,0,0.0938216,0.332513,2,1,0.733323,1,0.183057,-3383801.584,1913173.685
1597,0,62.6171989,1002.200012,6,3.54427,176.3529968,0.429053,2,668.3170166,8.8607702,1.92682,0.474333,0.47944,0.440696,0.223476,0,0.416691,0.913836,0,0.229552,0.289788,0,1,0.555616,1,0.228392,-3319251.132,1864404.347
1598,0,74.3100967,1009.969971,7,5.1308699,289.3389893,0.400584,2,297.2080078,12.3906002,272.8160095,0.290731,0.23771,0.25262,0.453582,0,0.526497,0.643067,1,0.0664029,0.382483,0,0,0.532397,0,0.201851,-3214710.94,1995344.455
1599,0,90.8102036,1006.070007,3,2.4254899,352.9899902,0.542271,3,975.2479858,8.7564297,218.9089966,0.444986,0.564701,0.629225,0.0537843,0,0.604691,0.521634,0,0.152912,0.481802,4,2,0.747188,0,0.206339,-3582185.344,1851599.233
1600,0,69.4886017,2001.609985,3,2.4104199,197.8470001,0.505292,4,513.0830078,12.0347996,212.125,0.375159,0.310381,0.241783,0.677974,0,0.492241,0.777444,1,0.0924139,0.172713,1,1,0.704082,1,0.197366,-3134163.131,1963345.181
1601,0,71.4646988,2012.98999,2,0.93636,343.5870056,0.481827,4,354.9039917,10.8373003,321.2890015,0.458329,0.284712,0.271228,0.557788,0,0.683295,0.931618,0,0.183104,0.166321,1,1,0.7243,1,0.212319,-3746273.065,1743369.875
1602,0,75.9082031,1000.210022,5,2.1998799,227.3589935,0.492935,4,53.7547989,11.0826998,75.9573975,0.495449,0.21408,0.344532,0.424923,0,0.725566,0.882552,0,0.246081,0.306563,8,6,0.660585,1,0.194361,-3929270.428,1673023.092
1603,0,95.930603,0,3,1.20112,241.3059998,0.468651,4,127.3830032,13.1388998,340.5710144,0.300112,0.230153,0.296888,0.567959,0,0.550018,0.774551,1,0.0623097,0.361901,4,0,0.539092,0,0.192695,-3382573.389,1979191.175
1604,0,108.4629974,2511.120117,2,4.0831299,606.4439697,0.559057,5,955.1140137,9.9229097,265.1300049,0.435133,0.256429,0.34187,0.18151,0,0.39121,0.910011,0,0.0798917,0.0818552,3,0,0.703102,1,0.153592,-3375194.803,1948071.245
1605,0,85.280899,0,3,4.40732,264.177002,0.517589,2,806.2050171,9.2276802,355.105011,0.42982,0.367916,0.205092,0.185023,0,0.400271,0.821575,0,0.155357,0.225643,2,0,0.676881,0,0.198401,-3282191.936,1937396.454
1606,0,94.1192017,2858.870117,3,1.36822,207.4689941,0.510889,1,555.6950073,11.7126999,33.9678001,0.374259,0.277116,0.25046,0.705799,0,0.493896,0.838263,1,0.109759,0.213061,2,0,0.683721,0,0.188677,-3281056.49,1962441.039
1607,0,80.5737991,1007.869995,2,11.8294001,542.6140137,0.541872,3,713.8099976,8.6560402,140.7680054,0.433717,0.531433,0.390425,0.149134,0,0.508876,0.842724,0,0.131195,0.170478,3,0,0.749492,0,0.184395,-3400756.56,1921675.255
1608,0,76.4670029,1004.73999,2,6.1764102,473.7879944,0.510391,2,1094.109985,8.1754599,178.845993,0.48615,0.378837,0.363158,0.0495617,0,0.380318,0.874906,0,0.074277,0.344603,1,0,0.751817,1,0.202983,-3378641.946,1908683.851
1609,0,83.7761993,1011.539978,1,2.73838,366.8469849,0.545916,4,1032.589966,7.7405701,112.8679962,0.453938,0.600116,0.68288,0.0206722,0,0.578287,0.949956,0,0.152239,0.522572,2,2,0.761113,1,0.206931,-3558001.961,1859471.847
1610,0,102.7590027,1000,5,5.5964899,484.5610046,0.542768,4,653.8010254,8.87959,359.7250061,0.510949,0.558415,0.425953,0.0625346,1,0.586905,0.659717,2,0.147731,0.397492,1,2,0.78256,0,0.190089,-3627231.721,1805260.199
1611,0,66.2984009,1010.51001,5,2.3912101,303.9249878,0.423647,1,789.0960083,10.6330996,228.9250031,0.292191,0.11973,0.247834,0.38892,0,0.33309,0.749272,1,0.0672695,0.430097,1,0,0.585598,0,0.212861,-3189841.962,1954673.406
1612,0,74.2662964,0,2,6.5583901,483.118988,0.453265,4,203.9920044,9.4348097,182.9199982,0.400326,0.533255,0.684143,0.507021,0,0.580823,0.878275,0,0.139115,0.16703,3,0,0.734716,1,0.182171,-3509669.986,1887348.504
1613,0,65.1498032,1009.929993,1,2.68293,330.375,0.416776,4,352.0230103,12.2508001,0.642523,0.372394,0.265741,0.235685,0.479581,0,0.438073,0.218404,2,0.0932809,0.535633,1,1,0.558407,0,0.202855,-3161072.206,1968744.936
1614,0,61.5326996,2004,3,8.0350504,374.2009888,0.386723,1,605.5159912,10.8741999,185.9250031,0.269832,0.113293,0.341512,0.34964,0,0.33974,0.545599,1,0.0742318,0.60637,0,0,0.44947,0,0.219518,-3198472.496,1954223.967
1615,0,74.8705978,1485.189941,4,6.8159499,487.0950012,0.478419,3,966.697998,8.7005901,226.8070068,0.412466,0.345672,0.641427,0.0552487,0,0.355087,0.89534,0,0.0676947,0.364081,2,0,0.713448,1,0.207441,-3538800.89,1886810.085
1616,0,74.8179016,0,5,0.819453,234.8139954,0.50519,4,210.5010071,10.0241003,65.1258011,0.510883,0.23005,0.360213,0.268057,0,0.69789,0.918435,0,0.257256,0.260944,7,2,0.659647,1,0.192186,-3938543.379,1664291.626
1617,0,105.0759964,2417.98999,3,2.1142499,231.1329956,0.487926,4,349.2099915,12.3199997,138.9340057,0.338537,0.260171,0.151781,0.738713,0,0.579564,0.903449,1,0.103661,0.210059,2,0,0.663202,1,0.179066,-3418875.132,1978552.311
1618,0,72.7927017,0,3,0.905417,339.3359985,0.477296,4,84.1508026,10.9434004,167.0930023,0.458123,0.283909,0.258351,0.606575,0,0.69874,0.923243,0,0.167271,0.170214,1,1,0.724166,1,0.212068,-3748655.706,1746166.903
1619,0,65.9693985,0,6,0.359092,144.6100006,0.469379,4,261.1390076,10.0812998,234.7109985,0.462629,0.313013,0.315607,0.358971,0,0.622663,0.839273,0,0.160763,0.331795,1,2,0.689436,1,0.223235,-3734351.741,1718996.007
1620,0,67.0587006,1020.109985,3,3.8103099,368.0429993,0.490998,4,681.5739746,9.1089096,322.8729858,0.496602,0.341437,0.215326,0.105265,0,0.555247,0.93636,0,0.203331,0.438071,1,2,0.700961,1,0.225103,-3708485.094,1710779.397
1621,0,79.299202,2419.98999,3,7.8105402,583.0570068,0.455805,4,326.0169983,9.8336601,76.2180023,0.519538,0.396984,0.454363,0.220602,0,0.523214,0.903846,0,0.341673,0.387639,1,2,0.74132,1,0.201096,-3827674.201,1682311.178
1622,0,82.6900024,0,2,8.6184101,848.5540161,0.541274,3,566.6630249,8.3524904,298.6749878,0.419158,0.532375,0.543942,0.162766,0,0.519064,0.921474,0,0.134971,0.290819,2,3,0.73254,0,0.201266,-3485084.787,1901128.596
1623,0,100.9029999,2831.699951,3,8.78123,468.2909851,0.502651,1,273.6820068,11.5103998,207.1970062,0.357621,0.217115,0.413578,0.687347,0,0.507853,0.917844,0,0.0449877,0.0985151,4,0,0.695143,1,0.166589,-3355692.857,1951315.549
1624,0,86.4492035,2002.48999,3,4.2767,274.6170044,0.54654,4,357.7340088,11.9095001,54.7886009,0.349023,0.379849,0.242819,0.657794,0,0.682762,0.833821,0,0.0845197,0.201069,0,0,0.704719,0,0.180881,-3248175.907,1994513.035
1625,0,76.9641037,2420.699951,2,10.1886997,772.7470093,0.482183,4,745.2579956,7.9995399,152.6150055,0.490364,0.62543,0.693613,0.0701232,0,0.458261,0.78507,0,0.178115,0.288294,2,2,0.799834,0,0.195732,-3511037.722,1876090.005
1626,0,76.7514038,2418.699951,3,8.1747799,396.9070129,0.432019,4,231.3679962,12.8557997,339.1159973,0.333118,0.283182,0.106322,0.58655,1,0.551915,0.378123,1,0.0929769,0.207106,0,1,0.652549,0,0.199986,-3204489.157,2017604.678
1627,0,68.7966003,0,5,2.4665699,330.5050049,0.490945,4,102.288002,10.9355001,160.5249939,0.461881,0.285864,0.259985,0.559252,0,0.702108,0.926542,0,0.191222,0.26952,3,2,0.723017,0,0.218843,-3720776.026,1772060.899
1628,0,65.3100967,0,5,5.9955902,777.684021,0.455138,4,271.2149963,9.2631798,87.2832031,0.531236,0.318793,0.383474,0.154283,0,0.544675,0.89742,0,0.318028,0.308445,1,2,0.712338,1,0.212378,-3857439.57,1675291.779
1629,0,92.8162994,1414.829956,3,6.0731101,384.0589905,0.508704,4,143.8119965,12.7168999,201.7969971,0.323239,0.290988,0.428781,0.700561,0,0.598156,0.878969,0,0.0955896,0.165897,3,0,0.686391,1,0.183686,-3315392.563,1992460.538
1630,0,89.9513016,1000.450012,2,1.60777,145.1609955,0.488717,2,360.7630005,11.9308996,82.0351028,0.332723,0.292035,0.301308,0.66045,0,0.540385,0.930496,0,0.0948559,0.24201,2,0,0.66434,0,0.185152,-3291283.062,1964883.012
1631,0,73.3497009,1000.030029,3,4.69801,241.8899994,0.473342,2,900.9210205,8.18328,203.7599945,0.462424,0.418237,0.197811,0.0893146,0,0.400723,0.891365,0,0.160239,0.647793,2,0,0.68166,1,0.220152,-3299293.739,1922833.287
1632,0,80.8050995,2418.600098,3,6.1216698,271.5969849,0.426088,4,307.9660034,12.1634998,116.2480011,0.336199,0.267861,0.294258,0.555997,1,0.548669,0.829151,2,0.0876173,0.394698,0,0,0.615327,0,0.193456,-3214118.633,1985857.65
1633,0,93.1249008,0,3,5.1322198,358.8129883,0.519066,4,283.1130066,10.7988997,60.5672989,0.339245,0.204531,0.415243,0.666111,1,0.555362,0.770324,0,0.0382679,0.153744,2,0,0.623619,1,0.181474,-3411475.199,1950413.977
1634,0,103.0910034,1027.23999,2,6.1704502,585.3179932,0.568051,3,1122.5,8.3987198,328.4419861,0.451324,0.537168,0.441493,0.0633336,0,0.467552,0.92886,0,0.133969,0.247723,2,0,0.760907,0,0.179042,-3481101.967,1919334.082
1635,0,106.8960037,0,3,6.9847002,384.1059875,0.484736,5,265.0549927,11.5257998,102.7089996,0.3185,0.210298,0.377366,0.671257,0,0.532836,0.904696,0,0.045326,0.133696,4,0,0.672655,1,0.16022,-3377807.665,1956806.588
1636,0,52.948101,1037.910034,5,12.5525999,570.3270264,0.368392,2,523.2210083,7.4586301,39.6194,0.638398,0.392311,0.205568,0,0,0.511195,0.742933,0,0.328609,0.615858,1,0,0.456712,0,0.256921,-4134836.434,1460718.883
1637,0,77.8976974,1002.27002,5,4.7514,216.8880005,0.498375,4,162.7850037,10.8537998,254.3159943,0.494609,0.219163,0.323054,0.349288,0,0.718737,0.903897,0,0.241187,0.258313,6,4,0.666151,1,0.191124,-3935411.745,1672423.871
1638,0,110.9150009,0,3,0.920652,255.2539978,0.55376,4,998.2919922,7.9302702,138.9609985,0.429632,0.316676,0.59432,0,0,0.350592,0.604996,0,0.0358143,0.658923,1,0,0.727581,1,0.214274,-3558085.317,1878179.189
1639,0,86.4299011,3870.879883,3,5.5468402,633.7059937,0.524398,2,796.3330078,10.7280998,179.4819946,0.394567,0.251806,0.222636,0.38519,0,0.482327,0.919441,0,0.0525813,0.172744,3,0,0.695104,1,0.18049,-3304742.288,1952564.959
1640,0,75.7839966,1002.440002,2,3.62763,424.7550049,0.462884,3,775.9450073,8.7890396,75.7837982,0.416951,0.545706,0.442267,0.232308,0,0.541046,0.861937,0,0.121839,0.328824,2,0,0.718718,1,0.20462,-3414549.022,1913650.918
1641,0,94.4636993,1000.780029,3,8.5739098,519.7280273,0.532526,4,215.8919983,10.1224003,341.8519897,0.491746,0.249151,0.384453,0.180867,0,0.721261,0.778081,0,0.286652,0.258587,4,2,0.632234,1,0.173834,-3910522.112,1675725.424
1642,0,63.8723984,1027.199951,5,6.96733,543.8770142,0.405674,4,312.7349854,10.8872004,32.2573013,0.472465,0.362037,0.33442,0.433767,0,0.573901,0.65852,0,0.245198,0.36448,1,1,0.63737,1,0.227967,-3698217.809,1763674.604
1643,0,82.703598,1007.01001,2,12.8504,598.2360229,0.488899,4,797.7890015,8.8362198,256.1140137,0.403382,0.286819,0.418152,0.206207,0,0.382701,0.898449,0,0.0765652,0.237093,1,1,0.67768,1,0.183005,-3437418.811,1927875.852
1644,0,94.4759979,0,8,8.0456305,535.9229736,0.507511,4,405.5750122,10.5935001,67.9615021,0.404676,0.240626,0.418346,0.597636,0,0.513817,0.807645,0,0.057955,0.226678,2,0,0.700861,1,0.180627,-3392720.935,1943988.886
1645,0,75.2649994,0,3,1.1917,441.375,0.492407,4,298.9320068,9.8558998,219.7969971,0.470759,0.317609,0.33849,0.287493,0,0.623719,0.91966,0,0.208293,0.232301,0,2,0.70706,1,0.205298,-3747536.519,1711047.723
1646,0,88.4653015,0,3,2.8962801,310.5969849,0.45061,2,130.4049988,12.4280996,164.6100006,0.283998,0.2901,0.446237,0.605026,0,0.585123,0.900839,1,0.10509,0.15666,3,0,0.615873,0,0.18058,-3335721.649,1965052.712
1647,0,99.4093018,1021.530029,5,5.1792002,512.2949829,0.463287,2,295.2380066,12.5867996,230.826004,0.285339,0.274594,0.416668,0.627647,0,0.5925,0.881133,0,0.0994526,0.204864,3,0,0.61471,0,0.174014,-3354315.738,1969932.132
1648,0,60.0974998,2000.339966,7,2.15223,202.3609924,0.45995,4,213.7850037,10.3570995,246.7680054,0.43717,0.346464,0.286846,0.403332,0,0.608544,0.852709,0,0.154655,0.27682,4,2,0.681062,1,0.237112,-3706127.133,1741533.965
1649,0,94.7436981,1417.569946,3,2.2487199,199.9420013,0.493114,4,219.5939941,13.1190996,343.651001,0.33604,0.313884,0.417079,0.705504,0,0.608997,0.726197,0,0.0791566,0.172381,4,0,0.685844,1,0.183001,-3339579.534,1995001.167
1650,0,89.3118973,2033.949951,3,10.1730003,519.2789917,0.567211,2,644.5159912,10.2343998,275.7680054,0.387381,0.261529,0.240871,0.540209,0,0.53263,0.864352,0,0.0586109,0.198141,2,0,0.710004,0,0.174559,-3326548.566,1953204.621
1651,0,66.7245026,0,3,2.0608101,404.0029907,0.416892,4,755.6820068,7.5331502,142.5420074,0.522489,0.656963,0.397314,0.0587441,0,0.521387,0.82015,2,0.1565,0.675364,0,1,0.733786,0,0.240124,-3425984.072,1829358.185
1652,0,78.0382004,1023.919983,3,10.3414001,505.072998,0.47619,4,903.9459839,9.04848,41.7232018,0.512305,0.545308,0.44563,0.0374722,1,0.551317,0.632839,2,0.150139,0.417164,1,2,0.735655,0,0.196321,-3620148.528,1802224.551
1653,0,91.7953033,1478.76001,3,3.6652601,441.3269958,0.484604,4,617.8649902,9.50564,216.1569977,0.498136,0.361851,0.424402,0.155901,0,0.61182,0.925017,0,0.246675,0.179562,0,2,0.72463,1,0.195511,-3819913.918,1688578.412
1654,0,80.2826004,0,2,2.1324401,359.2940063,0.484771,3,545.4520264,9.1311102,16.7355995,0.444897,0.54761,0.559302,0.210213,0,0.660492,0.415798,1,0.213328,0.481587,1,2,0.697966,0,0.208062,-3594277.46,1826420.411
1655,0,95.8355026,3433.939941,2,2.14675,310.0010071,0.58305,4,402.5979919,11.4920998,93.7322998,0.496928,0.349072,0.0766669,0.61246,1,0.61745,0.921543,0,0.262822,0.191035,1,1,0.784422,0,0.188686,-3737017.488,1790717.276
1656,0,74.3227005,2442.370117,1,6.9247699,543.0859985,0.458967,1,447.0280151,12.9635,205.8040009,0.40004,0.272842,0.44206,0.477935,1,0.443109,0.454894,2,0.0734609,0.198258,0,0,0.597068,0,0.188436,-3086639.764,1995515.776
1657,0,66.947403,1018.640015,3,5.26161,343.3120117,0.506087,4,624.1680298,9.2062302,197.7640076,0.504276,0.342566,0.239881,0.124112,0,0.58392,0.917353,0,0.229272,0.427808,1,2,0.719638,1,0.22348,-3721016.975,1709035.303
1658,0,85.6167984,0,3,1.50186,145.125,0.468491,2,406.8599854,10.4643002,12.1852999,0.42333,0.48125,0.257831,0.600902,0,0.57829,0.686141,1,0.0982281,0.26352,3,0,0.73745,0,0.200143,-3274688.485,1940496.509
1659,0,87.112999,2021.01001,8,8.2354498,348.928009,0.531074,1,509.9859924,11.1082001,89.9735031,0.356958,0.260942,0.271587,0.666304,0,0.484717,0.916685,0,0.114165,0.210559,2,0,0.679222,1,0.172483,-3318443.591,1961324.747
1660,0,67.8383026,0,5,1.7378401,101.3379974,0.45353,2,507.5669861,11.5818005,36.4616013,0.4478,0.263719,0.277406,0.601684,0,0.467516,0.798667,0,0.0564859,0.876245,1,0,0.668339,0,0.212007,-3109338.339,1956310.722
1661,0,75.1241989,2077.919922,3,12.1294003,763.2849731,0.495143,1,1112.23999,8.7375202,247.3990021,0.332339,0.290007,0.521543,0.0149044,0,0.424471,0.92825,0,0.238495,0.54095,0,3,0.620708,0,0.20126,-3594001.493,1748850.522
1662,0,87.7807007,1000.52002,5,2.99617,304.2730103,0.470466,4,33.2172012,11.6099997,239.0879974,0.349141,0.132523,0.245566,0.752496,0,0.577362,0.921754,0,0.166482,0.220087,2,1,0.714237,1,0.204047,-3773591.054,1754104.623
1663,0,102.5329971,2423.909912,2,1.15422,347.8259888,0.527886,4,796.3040161,9.5285301,58.0691986,0.425816,0.471687,0.637877,0.185403,0,0.620575,0.909965,0,0.136354,0.417617,5,1,0.693863,1,0.200079,-3573097.354,1869348.611
1664,0,65.3090973,1000.630005,5,2.15467,193.1809998,0.469129,4,223.1529999,10.7533998,95.1818008,0.451961,0.300156,0.281767,0.538919,0,0.680012,0.911257,0,0.152227,0.201982,3,1,0.717676,1,0.22649,-3718790.926,1760571.598
1665,0,91.1891022,0,3,5.2554998,398.4989929,0.513035,4,447.2919922,10.2432003,252.0570068,0.413491,0.260123,0.426445,0.608979,0,0.542007,0.918926,0,0.0642092,0.199024,3,0,0.704085,1,0.186162,-3391689.053,1939908.276
1666,0,65.3355026,0,5,7.9767299,436.2850037,0.467963,4,279.6910095,9.2838402,317.6119995,0.513869,0.306573,0.37605,0.241276,0,0.588031,0.894612,0,0.286629,0.281178,1,2,0.719805,1,0.216688,-3859813.298,1677154.834
1667,0,67.1921005,0,3,2.03561,183.0460052,0.471457,4,322.0740051,10.2277002,148.423996,0.453197,0.338634,0.273362,0.423956,0,0.62883,0.894001,0,0.17677,0.269021,3,3,0.705778,1,0.230634,-3697210.518,1749410.504
1668,0,88.1121979,1014.539978,3,6.32653,391.5880127,0.474831,4,410.4140015,9.6195898,74.2277985,0.51664,0.433923,0.454809,0.226207,0,0.484355,0.91206,0,0.316302,0.194239,1,1,0.733723,1,0.196633,-3811411.212,1679285.489
1669,0,76.0811005,1022.210022,3,9.4714098,524.4249878,0.456368,4,774.7080078,8.7782402,295.4119873,0.424016,0.535739,0.456264,0.189317,0,0.548394,0.542536,0,0.142609,0.3403,2,0,0.734822,1,0.201134,-3432137.215,1916190.868
1670,0,61.8778,2419.399902,3,1.30022,185.3650055,0.480616,4,247.0469971,10.3915997,263.756012,0.446511,0.328108,0.279369,0.459437,0,0.649166,0.845382,0,0.135811,0.242504,4,2,0.706732,1,0.228735,-3717153.53,1745467.116
1671,0,73.0899963,0,5,7.5619001,348.4899902,0.493069,4,481.571991,8.3036299,40.2198982,0.557902,0.457066,0.332227,0.0563412,0,0.426665,0.942729,0,0.372416,0.3396,1,0,0.693748,1,0.207613,-3840227.474,1657031.158
1672,0,92.9897003,0,1,9.8533001,440.9379883,0.568768,1,833.1439819,9.3343096,83.2100983,0.447317,0.283126,0.24708,0.142538,0,0.398797,0.906177,0,0.0751728,0.264127,3,0,0.716917,0,0.167125,-3338271.168,1946178.191
1673,0,70.9075012,1414.430054,5,6.63027,336.5549927,0.428395,1,404.6950073,12.1529999,47.266201,0.364863,0.247879,0.252563,0.584509,1,0.413531,0.634027,1,0.075849,0.460015,1,1,0.60143,0,0.187935,-3170751.538,1971858.603
1674,0,73.9919968,0,3,3.6961501,285.9400024,0.462837,2,253.6000061,11.2989998,219.7579956,0.382008,0.514027,0.292826,0.521083,1,0.621683,0.751736,2,0.122098,0.178497,1,0,0.727619,0,0.203246,-3264309.794,1952223.777
1675,0,75.1816025,0,3,6.8301101,543.9000244,0.468719,1,745.2979736,8.2130899,133.776001,0.461756,0.559667,0.633941,0.0274856,0,0.561618,0.634227,2,0.192064,0.51663,0,1,0.692948,0,0.201055,-3584214.192,1806442.752
1676,0,80.7664032,1065.729981,5,13.6454,850.9699707,0.531068,3,991.6129761,8.8482304,308.0150146,0.427631,0.404745,0.406703,0.208547,0,0.480191,0.896034,0,0.112641,0.202208,3,0,0.711924,1,0.181743,-3396576.749,1921142.667
1677,0,65.4897003,0,3,3.54003,232.5200043,0.425793,2,713.1610107,7.9067202,322.3999939,0.519495,0.645262,0.381219,0.115462,1,0.46103,0.833808,2,0.112767,0.447231,0,0,0.688484,0,0.231743,-3410062.924,1823924.895
1678,0,68.8714981,3844.340088,1,1.86191,467.3370056,0.416461,4,327.5620117,13.1831999,89.858902,0.365649,0.243737,0.335336,0.426339,1,0.473914,0.559534,2,0.0760803,0.808283,1,1,0.562283,0,0.200313,-3144441.769,2000889.305
1679,0,98.2698975,0,3,0.286044,493.5780029,0.500143,4,594.8400269,8.7437201,344.381012,0.478021,0.338644,0.237291,0.0512377,0,0.614073,0.851407,0,0.184286,0.460274,1,3,0.720716,1,0.204561,-3769102.881,1695365.122
1680,0,101.2160034,2002.849976,2,1.50345,130.9250031,0.571272,4,311.6849976,11.5530996,216.4420013,0.478882,0.334497,0.0498397,0.647699,0,0.623527,0.876722,0,0.240468,0.21908,1,0,0.780105,0,0.191855,-3746818.62,1783785.195
1681,0,75.346199,1003.440002,3,1.61414,186.0610046,0.480762,4,248.0339966,11.1078997,90.9360962,0.455404,0.277074,0.17952,0.535006,0,0.711194,0.90642,0,0.165757,0.436955,3,0,0.721213,0,0.215986,-3737758.965,1766800.124
1682,0,60.8019981,0,5,6.4147501,448.8659973,0.434584,4,399.2539978,7.8002501,242.2949982,0.537565,0.317459,0.423623,0,0,0.559481,0.369199,0,0.224584,0.389771,2,0,0.601515,1,0.233563,-3935894.062,1641463.338
1683,0,68.6856995,0,3,2.20417,234.0460052,0.501386,4,460.553009,9.2706404,26.5846004,0.500026,0.336142,0.250943,0.140362,0,0.589092,0.931678,0,0.234531,0.422118,1,2,0.720115,1,0.220324,-3724653.742,1709674.294
1684,0,98.6524963,3434.139893,3,5.1329899,371.9909973,0.504092,4,409.8829956,12.5988998,78.3504028,0.343697,0.268623,0.358559,0.709202,0,0.576611,0.93132,0,0.0910217,0.182996,4,0,0.696402,1,0.174809,-3338957.287,1989877.799
1685,0,78.8546982,0,5,1.6390899,380.5809937,0.487872,4,446.2399902,9.4615898,8.3583202,0.52272,0.410755,0.3404,0.202812,1,0.524218,0.259049,1,0.0885332,0.339991,1,2,0.639422,0,0.192765,-3634313.18,1793584.519
1686,0,100.9000015,1011.690002,3,2.17624,339.3389893,0.552835,4,275.8909912,12.0240002,117.8649979,0.467856,0.318585,-0.0427573,0.764775,0,0.658514,0.888037,0,0.255756,0.258903,0,0,0.78146,0,0.185395,-3748848.086,1789225.332
1687,0,98.4636993,2834.300049,3,5.7221398,266.0899963,0.491044,4,374.5960083,11.8016005,80.2835007,0.334701,0.250368,0.292976,0.691708,0,0.550851,0.888524,0,0.104599,0.282996,2,0,0.630938,1,0.180093,-3416514.051,1965656.436
1688,0,91.3431015,2425.320068,1,7.6972599,671.098999,0.559737,1,359.2539978,12.0910997,175.8119965,0.187997,0.133696,0.215403,0.61349,0,0.501167,0.892045,0,0.0876692,0.139713,1,0,0.648882,0,0.164749,-3246288.838,2004497.834
1689,0,78.4292984,0,5,2.8286901,264.7120056,0.454562,4,132.1660004,9.8139496,41.7509995,0.480922,0.278882,0.436221,0.37903,0,0.608607,0.311677,0,0.232192,0.275222,0,2,0.684938,1,0.199182,-3832544.576,1685989.001
1690,0,63.1114006,1000.98999,3,7.9960098,399.9400024,0.414896,4,354.118988,9.6235704,90.9725037,0.53266,0.561924,0.318126,0.175524,0,0.509877,0.822709,2,0.174175,0.455267,1,2,0.660035,0,0.232336,-3611138.987,1754902.117
1691,0,74.9877014,2003.579956,3,6.0973101,279.5920105,0.466365,1,351.2839966,12.0268002,51.644001,0.36308,0.298023,0.215932,0.715911,0,0.579713,0.824631,0,0.137393,0.286857,0,0,0.711536,1,0.152124,-3230373.044,1999470.864
1692,0,70.3720016,0,3,2.5023201,430.6849976,0.455764,4,489.7160034,8.7371397,114.237999,0.421742,0.549476,0.698748,0.363195,0,0.567254,0.49258,0,0.143149,0.373634,2,2,0.733809,1,0.200552,-3524979.898,1880505.161
1693,0,81.9073029,1010.25,6,5.18821,346.5580139,0.491865,4,601.3829956,9.8434296,117.1330032,0.466279,0.31975,0.35259,0.214725,0,0.615267,0.926852,0,0.194781,0.309438,0,2,0.703168,1,0.197083,-3754280.184,1709453.829
1694,0,64.1502991,1000.77002,3,2.6524799,129.1239929,0.455266,4,260.2359924,10.3655005,78.0403976,0.449953,0.325678,0.299377,0.44431,0,0.640271,0.80648,0,0.159189,0.303876,2,1,0.69074,1,0.226545,-3730638.056,1731344.967
1695,0,73.0848007,2428.949951,3,6.14149,298.855011,0.472436,2,588.3109741,10.4046001,95.6727982,0.468424,0.486817,0.276375,0.454894,1,0.526701,0.543198,2,0.112227,0.33326,3,0,0.763403,1,0.195027,-3261944.661,1943867.338
1696,0,94.1259003,0,1,3.50544,332.3280029,0.535264,4,119.6520004,13.3580999,210.9519958,0.341074,0.317502,0.381341,0.614392,0,0.603612,0.745911,2,0.117199,0.153022,2,0,0.683477,1,0.164511,-3103163.807,2013900.612
1697,0,87.4587021,0,5,7.6211801,603.289978,0.501985,4,450.2390137,8.3066902,73.6612015,0.554812,0.628378,0.310941,0.0660535,0,0.618386,0.716788,0,0.400344,0.484932,1,1,0.769708,1,0.176036,-3821592.003,1663434.028
1698,0,77.6531982,1012.849976,2,5.4767699,282.3619995,0.516484,2,1102.23999,7.8688898,277.5069885,0.459089,0.323189,0.303424,0.042384,0,0.358536,0.652851,0,0.0445451,0.429597,2,1,0.710696,1,0.220577,-3400608.301,1907059.317
1699,0,71.1798019,0,3,8.4177904,551.4550171,0.474323,1,588.914978,10.3149004,24.7765007,0.360317,0.185345,0.23332,0.500718,0,0.415122,0.275196,1,0.0984708,0.247445,2,0,0.631651,0,0.187875,-3218469.322,1964048.352
1700,0,74.5958023,1012.780029,5,8.3507299,399.9440002,0.424903,1,363.5859985,12.1815996,306.6260071,0.339324,0.265978,0.251454,0.557693,0,0.411222,0.564235,1,0.0996752,0.297642,1,1,0.569327,0,0.19532,-3173516.511,1976020.996
1701,0,80.5052032,2420.399902,2,7.3326001,690.8909912,0.484625,4,736.8829956,8.76159,218.375,0.499203,0.545033,0.473938,0.0286024,0,0.552392,0.490473,1,0.135828,0.25786,1,2,0.745675,0,0.189629,-3616535.9,1804389.487
1702,0,64.6824036,0,3,3.62462,238.6139984,0.423878,2,671.7379761,8.4202003,124.5660019,0.485836,0.507852,0.384968,0.177498,0,0.418281,0.682312,0,0.211012,0.398158,0,1,0.660942,1,0.223882,-3321918.379,1888717.017
1703,0,116.1460037,2423.51001,2,7.0983601,444.2070007,0.576546,3,548.0819702,10.2019997,215.875,0.377988,0.425497,0.495605,0.440562,0,0.593647,0.91307,0,0.1198,0.135091,1,1,0.735706,0,0.159633,-3486292.21,1930710.11
1704,0,120.7990036,1424.859985,2,4.47295,370.6830139,0.565716,3,585.434021,9.9970398,112.8259964,0.366067,0.415712,0.488038,0.388094,0,0.575077,0.911872,0,0.102842,0.175109,3,1,0.72965,0,0.156203,-3480053.269,1931795.118
1705,0,82.0677032,3428.040039,2,4.98386,329.5,0.476223,1,403.7680054,11.3359003,124.3069992,0.423911,0.302498,0.0331359,0.58731,0,0.609269,0.520322,1,0.15868,0.495722,0,1,0.695863,0,0.188529,-3666269.82,1807194.254
1706,0,97.4324036,0,3,4.0538802,373.3039856,0.518987,4,1038.300049,6.9353399,31.2094994,0.567936,0.542861,0.042046,0,0,0.786219,0.881516,0,0.26203,0.599833,1,0,0.540797,1,0.184357,-3821175.366,1659357.817
1707,0,70.3637009,3831.810059,3,6.2755198,334.9880066,0.435544,4,253.3630066,10.9459,49.4620018,0.46801,0.348682,0.31131,0.591127,0,0.555239,0.700884,0,0.278118,0.390208,0,0,0.712974,1,0.20966,-3708835.499,1782886.306
1708,0,70.030899,0,5,4.3413,394.2869873,0.479669,4,383.7619934,9.1420698,17.5592003,0.510961,0.285556,0.337453,0.121218,0,0.562769,0.920189,0,0.257445,0.377641,1,2,0.68763,1,0.232147,-3868351.012,1679642.304
1709,0,93.8318024,3417.699951,1,3.1443601,161.2109985,0.569846,4,409.42099,11.2174997,148.177002,0.469119,0.268277,0.0900339,0.517069,0,0.696369,0.902357,0,0.169314,0.255589,5,0,0.759143,0,0.196959,-3743083.936,1780560.855
1710,0,93.5970993,0,2,8.8519402,408.1910095,0.502428,4,857.5830078,8.7057199,13.8732004,0.450773,0.499983,0.528966,0.0590866,0,0.598991,0.865704,0,0.213229,0.613712,1,2,0.708228,0,0.193473,-3605532.412,1827925.476
1711,0,145.9230042,0,1,5.01195,913.0139771,0.565393,2,765.6779785,8.3691301,35.1302986,0.470128,0.270429,0.41464,0.0078863,0,0.501787,0.788401,0,0.224958,0.465631,2,1,0.636813,0,0.168959,-3629441.647,1822461.464
1712,0,91.4974976,0,3,4.1188202,644.3870239,0.504703,4,268.618988,9.5138798,71.3364029,0.462197,0.33206,0.347865,0.214229,0,0.627656,0.944127,0,0.190152,0.303135,0,2,0.698139,1,0.191259,-3765035.58,1703218.119
1713,0,66.1528015,1425.229981,5,3.6902499,447.5390015,0.431035,1,647.8660278,11.6252003,53.2733994,0.487462,0.335253,0.273466,0.541029,0,0.440295,0.802243,1,0.0895742,1.30521,2,1,0.628194,0,0.211811,-3151229.691,1940310.989
1714,0,65.6109009,1415,3,2.0892401,208.9980011,0.469997,4,173.7899933,10.6365004,87.2212982,0.447946,0.297625,0.270916,0.523343,0,0.668777,0.871145,0,0.154677,0.201197,3,1,0.712855,1,0.229457,-3722177.391,1754137.727
1715,0,76.4001999,0,3,4.1605802,231.7059937,0.45761,4,240.6239929,10.6545,47.4202995,0.472599,0.334804,0.39773,0.484317,0,0.576126,0.936705,0,0.170827,0.620278,0,1,0.712222,1,0.21531,-3819125.43,1702935.725
1716,0,89.7608032,0,3,2.0111401,98.9141006,0.488399,4,358.8529968,11.6513996,79.2974014,0.326971,0.259056,0.262318,0.682647,1,0.502177,0.921641,2,0.0744671,0.267003,2,0,0.657907,1,0.188478,-3297791.903,1962683.995
1717,0,123.6620026,1069.349976,2,7.7142401,738.9229736,0.551172,3,1010.73999,9.1424503,132.5099945,0.410794,0.44505,0.427837,0.128418,0,0.445141,0.894017,0,0.142934,0.220425,5,1,0.721983,0,0.148452,-3476114.394,1931177.553
1718,0,79.0017014,2002.849976,2,0.611493,161.1309967,0.474193,4,252.529007,10.9884996,76.3935013,0.350594,0.144595,0.320479,0.590449,0,0.522869,0.926624,0,0.115964,0.238171,0,2,0.676104,1,0.215998,-3766079.876,1734977.898
1719,0,77.6883011,2919.550049,3,6.79637,595.9829712,0.450369,4,1001.030029,9.0222702,139.6300049,0.421699,0.514221,0.456964,0.0920774,0,0.476495,0.912191,0,0.103663,0.234585,2,0,0.749697,0,0.192804,-3425678.585,1921468.611
1720,0,67.7322006,1001.979981,3,1.76507,232.621994,0.466261,4,322.0639954,10.3633003,50.4241982,0.451478,0.333093,0.284093,0.46257,0,0.647533,0.881985,0,0.142658,0.24028,3,2,0.711343,1,0.231694,-3699606.565,1753527.951
1721,0,70.4560013,0,5,2.32142,161.0509949,0.429927,2,809.3330078,7.9655399,353.6480103,0.470718,0.479169,0.306602,0.100785,0,0.403716,0.885295,0,0.17406,0.764517,1,0,0.638983,1,0.231737,-3389778.818,1830104.932
1722,0,87.9897995,1033.199951,6,6.24018,395.2340088,0.504684,4,489.803009,10.3323002,21.1319008,0.446691,0.279928,0.398325,0.392878,0,0.653718,0.91687,0,0.164834,0.294658,0,1,0.687996,1,0.183805,-3770896.461,1715597.479
1723,0,78.9847031,2025.48999,1,4.0871701,409.0769958,0.463833,4,1032.479981,8.7234898,353.8049927,0.44366,0.531468,0.432636,0.11413,0,0.505974,0.907891,0,0.119362,0.34657,3,0,0.754472,1,0.198434,-3434627.888,1920766.259
1724,0,69.2791977,0,1,4.9788299,333.3800049,0.476237,1,787.5280151,8.3976898,189.3470001,0.515361,0.55153,0.174155,0.0411571,0,0.33101,0.887385,0,0.307866,0.238624,1,1,0.691025,1,0.196401,-3423098.024,1722096.765
1725,0,63.3886986,0,3,3.1614499,289.3630066,0.475882,4,239.9400024,10.4018002,49.7406998,0.436329,0.332441,0.282911,0.435757,0,0.629968,0.884456,0,0.151828,0.350612,3,0,0.69083,1,0.232974,-3712282.811,1746543.056
1726,0,69.0341034,1006.799988,3,2.9651599,294.8540039,0.508377,4,359.868988,10.6639004,208.0140076,0.477979,0.276614,0.252451,0.519457,0,0.694686,0.907743,0,0.183376,0.175742,3,0,0.750219,0,0.219737,-3715357.09,1771521.565
1727,0,91.1023026,1000.159973,2,5.0532198,361.6610107,0.517346,2,945.5339966,8.5457802,297.0870056,0.461255,0.510098,0.554218,0.0921155,0,0.4975,0.831802,2,0.0647404,0.125657,1,1,0.745665,1,0.169885,-3508615.183,1903703.196
1728,0,84.7610016,1417.01001,3,4.2678399,208.901001,0.540604,4,264.4219971,11.4151001,343.2749939,0.47947,0.326218,0.123812,0.674798,0,0.64073,0.560236,0,0.274936,0.340838,2,2,0.770235,0,0.195401,-3731478.257,1791148.707
1729,0,88.0438004,1004.130005,3,3.1396501,234.9129944,0.509478,4,600.526001,11.0474005,179.1779938,0.385709,0.364754,0.260792,0.545486,0,0.594143,0.591501,2,0.0778684,0.25873,1,0,0.669965,0,0.184595,-3239084.671,1973466.459
1730,0,93.5055008,1428.5,2,4.1442699,236.4579926,0.52436,4,243.9450073,11.5040998,138.477005,0.446189,0.251281,0.0842358,0.637407,0,0.715262,0.908916,0,0.171761,0.497117,1,0,0.742508,0,0.193836,-3754432.908,1774674.855
1731,0,81.7895966,0,3,1.4672199,108.5770035,0.487529,4,229.2660065,10.7868004,27.1410999,0.457119,0.280283,0.347288,0.522924,0,0.679912,0.930558,0,0.130264,0.429,0,1,0.699932,1,0.212474,-3764872.291,1728681.193
1732,0,73.4245987,2832.419922,3,4.7926698,239.5769958,0.424831,4,305.5889893,12.7251997,291.0119934,0.309558,0.284533,0.156862,0.576342,0,0.541158,0.733659,2,0.0591825,0.254203,0,1,0.608092,0,0.205137,-3200458.558,2009833.63
1733,0,66.8718033,1428.719971,3,2.55654,408.9609985,0.469605,4,770.059021,10.6767998,181.4499969,0.398237,0.434841,0.336111,0.429227,0,0.589715,0.547752,1,0.111222,0.647745,3,1,0.673302,0,0.215857,-3238637.473,1955901.463
1734,0,91.5636978,1000.030029,3,4.7916298,318.2000122,0.504058,1,263.1929932,11.4275999,339.428009,0.354906,0.334806,0.211179,0.688416,0,0.549634,0.863198,1,0.103634,0.187239,3,1,0.69961,0,0.188757,-3284141.459,1957084.957
1735,0,99.4272995,0,6,1.62542,407.3340149,0.503599,4,412.9809875,9.7346897,79.3973999,0.432879,0.284937,0.384692,0.165869,0,0.626789,0.928286,0,0.137047,0.66444,0,0,0.672645,1,0.189911,-3776077.671,1706164.306
1736,0,109.8570023,2428.840088,2,2.2606201,194.4409943,0.543466,1,452.5329895,11.2234001,156.9519958,0.368474,0.243351,0.333079,0.652467,0,0.488012,0.907593,0,0.0839278,0.169063,4,0,0.676119,1,0.16714,-3360778.878,1962509.046
1737,0,105.836998,0,3,1.5101399,184.173996,0.557613,1,314.0769958,13.4427004,50.0242004,0.327422,0.302741,0.39542,0.633278,0,0.606659,0.909248,0,0.0968285,0.189263,2,0,0.71531,0,0.165591,-3097089.169,2019554.522
1738,0,85.6461029,1001.479981,8,8.96029,398.6579895,0.504096,4,588.1300049,9.7689104,83.2707977,0.368326,0.203012,0.35245,0.347265,1,0.319804,0.636831,2,0.039812,0.193128,3,0,0.544031,0,0.18332,-3344078.173,1934280.374
1739,0,67.2981033,1001.119995,5,7.89358,532.0930176,0.451541,4,577.3800049,8.3735104,279.473999,0.493964,0.383962,0.632508,0.126573,0,0.414955,0.614015,2,0.212756,0.467474,0,0,0.555067,0,0.217238,-3554649.084,1796939.891
1740,0,95.2801971,2000.430054,3,0.692668,77.3921967,0.474803,4,27.2411995,13.54,111.8320007,0.323989,0.310842,0.290315,0.635987,0,0.652552,0.892543,1,0.0745823,0.279745,4,0,0.651487,1,0.195358,-3376832.088,1990481.956
1741,0,93.066803,0,2,4.2273202,473.677002,0.561437,1,256.5140076,10.7995996,104.5019989,0.369997,0.225183,0.339837,0.68418,0,0.507912,0.86118,0,0.0435838,0.179776,3,0,0.696905,1,0.168895,-3339289.961,1949979.578
1742,0,98.0915985,0,5,7.7906799,399.098999,0.547239,4,798.9639893,8.9590702,85.2452011,0.525745,0.508404,0.41302,0.0587597,1,0.529865,0.252846,2,0.140324,0.347142,2,2,0.736861,0,0.187782,-3629383.957,1801755.637
1743,0,75.8749008,1030.729981,4,7.5319901,545.552002,0.453193,4,730.6810303,8.9401703,59.1379013,0.397649,0.289538,0.677431,0.198188,0,0.373173,0.750002,0,0.0682684,0.39123,2,0,0.625556,1,0.208431,-3539487.99,1883060.749
1744,0,99.7785034,1427.130005,3,4.3274298,382.072998,0.518622,1,350.1350098,12.8828001,13.5530005,0.148193,0.10769,0.349922,0.581911,0,0.559916,0.604528,1,0.0573978,0.305522,2,0,0.557742,1,0.176366,-3259612.606,2013398.851
1745,0,57.6796989,0,5,0.908226,260.4729919,0.429492,4,202.2429962,9.8546,46.490799,0.460313,0.425604,0.193541,0.203888,1,0.55158,0.36184,1,0.258023,0.253148,0,0,0.560302,0,0.235191,-3667569.195,1718963.614
1746,0,89.6085968,0,3,3.0301299,689.1950073,0.520777,1,735.7249756,6.7772899,45.4748001,0.566722,0.596336,-0.0332395,0,0,0.775096,0.914901,0,0.22826,0.777831,1,1,0.673589,0,0.211008,-3808040.933,1653982.458
1747,0,54.8326988,1000.119995,5,8.5099802,637.2700195,0.437337,2,530.2630005,6.0734701,266.302002,0.617257,0.474301,0.211552,0,0,0.596397,0.629299,0,0.303197,0.771446,1,0,0.532161,1,0.245148,-4132807.76,1468438.018
1748,0,65.5803986,2426.830078,5,3.67818,375.5880127,0.42477,4,500.8729858,12.0571003,102.8160019,0.472247,0.309202,0.299676,0.557031,1,0.434911,0.698841,2,0.0759817,0.425548,2,1,0.6086,0,0.20524,-3154779.276,1951917.619
1749,0,66.2996979,1016.179993,5,1.66456,499.697998,0.421744,4,545.4940186,10.2518997,49.8843994,0.513306,0.40811,0.162042,0.160148,0,0.435523,0.190647,1,0.107922,0.416003,0,3,0.570611,0,0.228386,-3639196.531,1775812.055
1750,0,84.0651016,0,3,8.0241699,424.3500061,0.548211,4,501.1279907,9.2896605,0.7562,0.389402,0.478354,0.584424,0.353956,0,0.597968,0.899873,0,0.0688257,0.204163,3,1,0.724032,1,0.161248,-3520353.289,1905932.787
1751,0,78.2092972,0,4,8.4215899,424.802002,0.449053,4,561.4790039,9.0209999,149.7830048,0.396657,0.508114,0.461358,0.293947,0,0.563731,0.915101,0,0.124806,0.189548,2,0,0.712705,1,0.191127,-3429153.075,1921157.508
1752,0,68.4682999,0,5,1.5039099,368.7359924,0.441234,4,269.9890137,10.1657,309.1950073,0.5134,0.400573,0.194629,0.193009,1,0.476926,0.275318,2,0.097518,0.392469,1,3,0.580346,0,0.225751,-3635653.212,1782702.088
1753,0,71.0422974,1061.339966,5,8.5011101,605.8480225,0.485607,4,511.7810059,9.7085505,255.4579926,0.508086,0.306773,0.378677,0.229546,0,0.591815,0.917551,0,0.26753,0.37842,0,4,0.741048,1,0.218216,-3851895.567,1688231.88
1754,0,81.0149994,1420.969971,3,3.45397,267.4330139,0.505605,4,283.0130005,10.8206997,272.2009888,0.504562,0.220108,0.310027,0.269124,0,0.69795,0.919082,0,0.228336,0.267627,6,4,0.641046,1,0.190608,-3938519.248,1672813.147
1755,0,83.1008987,0,3,1.99316,262.5379944,0.481267,3,288.9389954,10.3410997,201.2570038,0.41694,0.517796,0.520819,0.526791,0,0.71065,0.856819,0,0.163345,0.215013,3,1,0.724754,1,0.186023,-3594742.114,1845292.991
1756,0,75.8199997,1000.25,3,2.50037,229.9940033,0.486524,4,280.3919983,10.6997995,171.8999939,0.458122,0.281685,0.322841,0.509541,0,0.680984,0.931091,0,0.146714,0.23031,0,1,0.703412,1,0.217189,-3755503.078,1731677.97
1757,0,60.2044983,2420.610107,3,2.1421199,310.9440002,0.490651,4,491.8110046,9.9844398,177.7030029,0.472734,0.313422,0.260669,0.33047,0,0.610111,0.824596,0,0.186559,0.234324,2,2,0.711383,1,0.229769,-3698235.728,1734981.364
1758,0,71.9512024,2837.050049,3,8.1277304,346.7789917,0.441408,4,250.4989929,12.5306997,354.2720032,0.216975,0.15158,0.248609,0.48154,1,0.391342,0.421675,2,0.0567111,0.68299,1,0,0.41994,0,0.196424,-3197746.917,1995674.971
1759,0,110.0800018,0,3,1.62244,274.5400085,0.532636,4,934.1740112,8.2596502,10.5727997,0.442849,0.518794,0.60355,0.0230495,0,0.479086,0.929461,1,0.0418769,0.667066,2,0,0.768818,1,0.216527,-3554031.389,1883285.576
1760,0,70.1188965,0,2,0.909559,138.8699951,0.500982,4,556.1389771,11.5550003,40.2238998,0.504098,0.272873,0.207773,0.615688,0,0.422847,0.509421,1,0.0455243,0.655218,1,0,0.656919,0,0.19702,-3124093.282,1957285.018
1761,0,106.7910004,0,3,5.9685898,327.6400146,0.492507,4,786.7479858,8.5646496,84.8469009,0.490567,0.351842,0.227037,0.0398831,0,0.617489,0.679087,0,0.214459,0.525122,2,3,0.718949,1,0.195064,-3786813.535,1686962.578
1762,0,78.3956985,2893.25,2,5.9095402,461.5910034,0.467852,3,876.1790161,9.3086395,119.3379974,0.411763,0.508933,0.469004,0.163931,0,0.529738,0.91561,0,0.118077,0.234804,3,0,0.733602,1,0.185774,-3423711.705,1923920.89
1763,0,62.3525009,1414.890015,3,6.8284001,317.9490051,0.441104,4,456.3080139,9.4277096,53.453701,0.497334,0.387152,0.194621,0.17424,0,0.554185,0.869928,0,0.282076,0.268556,0,2,0.605083,1,0.22655,-3678085.43,1711326.849
1764,0,74.5827026,0,5,5.0251002,351.9190063,0.50249,2,1076.969971,7.8803802,108.5579987,0.470265,0.441491,0.306295,0.0528716,0,0.355553,0.472942,1,0.0842784,0.614473,2,1,0.704362,0,0.221926,-3388680.715,1901114.958
1765,0,80.4655991,3035.590088,2,11.6306,700.9710083,0.492428,3,980.3880005,9.3118496,100.3389969,0.421789,0.303523,0.449242,0.138677,0,0.414278,0.908372,0,0.0727651,0.156626,3,0,0.691562,1,0.173541,-3405383.461,1925429.492
1766,0,74.8076019,1004.02002,1,14.5124998,791.2719727,0.436852,4,554.2509766,8.4741001,79.808403,0.466662,0.607514,0.666946,0.258478,0,0.522092,0.778508,0,0.213391,0.341151,2,2,0.767384,0,0.199315,-3488513.444,1878354.402
1767,0,86.348999,1035.23999,2,2.7822399,649.1779785,0.502079,4,566.4879761,9.9243002,225.3419952,0.411296,0.479188,0.6412,0.539559,0,0.617791,0.85408,0,0.0734159,0.170513,2,0,0.732068,1,0.178618,-3499569.386,1901417.958
1768,0,91.3231964,0,2,4.7421799,395.6459961,0.524476,1,746.5999756,10.2250996,289.7229919,0.374164,0.390169,0.219652,0.271079,0,0.561265,0.197975,1,0.123593,0.528223,2,1,0.652925,0,0.185645,-3233279.303,1963788.486
1769,0,66.0608978,0,5,3.1106501,364.125,0.473771,4,633.8829956,8.4598198,350.618988,0.526552,0.399711,0.148245,0.0034522,0,0.513992,0.712953,0,0.263992,0.392728,0,0,0.641841,1,0.243759,-3674270.597,1687254.856
1770,0,59.3502998,0,6,2.93313,236.451004,0.395551,2,808.8590088,7.76332,249.0930023,0.495507,0.554097,0.446277,0.0676365,0,0.364152,0.866449,0,0.239804,0.438228,0,0,0.610956,1,0.240759,-3458715.636,1796107.139
1771,0,81.1015015,1000.650024,3,1.65421,96.686203,0.48211,4,109.9649963,13.7529001,350.7139893,0.337008,0.399863,0.413804,0.599905,0,0.603127,0.827227,0,0.106156,0.271799,1,0,0.673973,1,0.182386,-3145409.67,2020453.553
1772,0,80.9280014,1002.450012,3,9.9269695,512.6669922,0.542887,4,1125.449951,7.1510201,273.743988,0.534679,0.361607,0.702414,0,0,0.502095,0.857774,0,0.103156,0.385632,0,0,0.735327,0,0.202731,-3557646.826,1817757.37
1773,0,91.4761963,1000.030029,3,4.4411502,316.1549988,0.511763,4,263.3959961,10.6028004,321.071991,0.377333,0.24817,0.430208,0.700059,1,0.580675,0.841285,2,0.0552188,0.148165,2,0,0.685842,1,0.181638,-3404373.431,1944889.838
1774,0,80.151001,1000.049988,5,8.2944202,409.7600098,0.474955,2,386.4360046,9.9202099,195.4440002,0.438436,0.290713,0.468157,0.547688,0,0.519819,0.908946,0,0.0799425,0.174671,3,2,0.668954,0,0.173595,-3385375.67,1923545.509
1775,0,71.9324036,1438.119995,5,3.2391,394.3770142,0.47475,4,456.0899963,9.2248201,28.2014999,0.525994,0.248557,0.384337,0.1139,0,0.661487,0.826666,0,0.305681,0.324624,6,4,0.623027,1,0.194403,-3927356.079,1660523.607
1776,0,60.9339981,0,3,8.1701498,437.6809998,0.420607,2,702.0759888,7.5156298,238.022995,0.511396,0.482666,0.687472,0.0582241,0,0.402398,0.866536,1,0.245143,0.420992,0,1,0.681724,0,0.216549,-3509831.835,1805534.046
1777,0,78.413002,0,3,8.2054996,373.5029907,0.497947,4,855.6799927,7.9285002,139.1430054,0.493457,0.629247,0.66992,0.0790984,0,0.468854,0.912408,0,0.156847,0.45929,3,2,0.800043,1,0.207626,-3504248.43,1877303.871
1778,0,113.3190002,1418.410034,3,8.6442204,451.6260071,0.529414,2,254.345993,11.4616003,53.1619987,0.342858,0.168648,0.374201,0.691587,0,0.400489,0.451581,0,0.0301177,0.16021,5,0,0.601791,1,0.170524,-3362696.123,1958458.586
1779,0,86.8528976,1008.359985,3,1.12402,470.0759888,0.452812,4,359.8110046,11.3450003,134.8170013,0.363193,0.398941,0.593809,0.697134,0,0.676407,0.893224,0,0.0508903,0.269034,1,0,0.703945,1,0.176781,-3506029.178,1919123.094
1780,0,79.839798,0,3,8.5638905,574.257019,0.533354,1,1019.570007,7.63204,256.1059875,0.482131,0.281937,0.243262,0.0384504,1,0.290954,0.755256,2,0.0510213,0.55869,0,0,0.68393,1,0.202438,-3342371.254,1920472.123
1781,0,143.1710052,1445.949951,1,5.2279301,665.7160034,0.544737,3,779.3880005,10.5030003,109.3160019,0.345916,0.381373,0.416277,0.460241,0,0.533892,0.874799,0,0.113235,0.10737,3,1,0.71941,0,0.138239,-3466492.281,1949005.047
1782,0,96.8776016,1005.789978,2,1.8983001,279.1329956,0.491956,4,236.9929962,13.0242004,61.7675018,0.250073,0.372527,0.506652,0.629116,1,0.56395,0.930809,2,0.0511179,0.200313,3,0,0.602879,0,0.185368,-3305125.088,2002314.896
1783,0,79.1251984,0,2,2.3222401,169.6799927,0.51734,2,933.7080078,8.55476,81.618103,0.460073,0.551267,0.386813,0.0839845,0,0.474663,0.736062,0,0.110353,0.296121,2,0,0.767516,1,0.184998,-3392358.864,1917080.87
1784,0,98.0967026,2834.320068,3,2.0713601,195.1779938,0.499519,4,377.7409973,11.8127003,106.4520035,0.292486,0.239943,0.308007,0.702405,0,0.537692,0.86582,0,0.0751226,0.178433,2,0,0.62307,1,0.184966,-3401891.435,1963906.92
1785,0,65.0155029,1021.48999,3,3.4484601,588.1329956,0.421843,4,946.7030029,7.6918802,357.9519958,0.519762,0.355083,0.786631,0.0826967,0,0.355154,0.71835,1,0.114703,0.493084,0,1,0.601195,0,0.232234,-3524292.647,1816714.615
1786,0,79.1136017,0,5,1.9828,166.6959991,0.457292,4,73.1141968,11.2847996,346.9079895,0.430346,0.278479,0.26622,0.654613,1,0.712114,0.517547,2,0.170527,0.304932,0,2,0.715444,1,0.208331,-3759473.017,1746735.571
1787,0,53.0541992,0,5,2.28653,512.9229736,0.362009,2,299.2090149,7.3905802,128.970993,0.613366,0.41182,0.208123,0,0,0.47382,0.859827,0,0.298826,0.47435,1,0,0.499547,0,0.255123,-4135998.433,1457565.584
1788,0,131.0529938,3441.850098,2,8.08002,490.2829895,0.574349,3,853.5579834,10.1064997,359.8410034,0.37077,0.405858,0.451865,0.364089,0,0.534472,0.921452,0,0.117685,0.258905,1,1,0.727103,0,0.160562,-3482060.76,1938616.143
1789,0,107.2740021,0,2,1.30283,456.3439941,0.528106,4,338.9750061,10.6443005,156.6199951,0.450118,0.46218,0.324984,0.353251,0,0.584174,0.840622,1,0.0889269,0.322556,0,3,0.739863,0,0.178122,-3635108.328,1835957.724
1790,0,82.0062027,1001.390015,2,2.0513501,268.5830078,0.52525,2,880.4500122,9.4938297,74.2789993,0.425893,0.374689,0.239878,0.156689,0,0.412466,0.842264,1,0.114361,0.369865,0,0,0.680298,0,0.210914,-3266134.214,1939626.473
1791,0,73.4110031,1003.179993,3,1.46462,169.3099976,0.482636,4,201.7290039,10.8832998,145.0930023,0.459499,0.281861,0.238863,0.600842,0,0.692719,0.930739,0,0.153089,0.206192,1,2,0.732195,1,0.214616,-3747214.242,1748826.76
1792,0,68.5218964,0,5,5.0686998,285.8819885,0.480441,4,669.2009888,8.9142504,130.4570007,0.508541,0.357769,0.194239,0.0650035,0,0.549119,0.92679,0,0.241045,0.499662,1,2,0.707569,1,0.221179,-3705876.717,1708068.522
1793,0,83.0737991,0,5,1.4875,158.2310028,0.470976,4,348.0929871,10.7552004,13.0291004,0.495578,0.307889,0.234747,0.292527,0,0.681166,0.828434,0,0.182507,0.299561,0,1,0.687331,1,0.210933,-3871167.466,1708284.389
1794,0,67.5057983,1007.700012,3,0.522658,391.9460144,0.474987,4,343.8680115,10.6722002,344.7999878,0.456338,0.295276,0.290883,0.537527,0,0.675473,0.88087,0,0.16552,0.260457,2,1,0.711716,1,0.217066,-3740448.81,1738159.452
1795,0,75.6731033,1004.51001,5,6.8033199,426.3710022,0.483316,4,411.07901,8.65905,320.8919983,0.540818,0.44021,0.366246,0.121458,0,0.437786,0.918681,0,0.358156,0.257057,1,0,0.726907,1,0.213242,-3834107.365,1663185.345
1796,0,71.8247986,2000.329956,3,2.3385701,178.1390076,0.506828,2,496.8630066,12.0174999,106.836998,0.392243,0.297503,0.238696,0.656723,1,0.473071,0.856498,0,0.113409,0.186236,2,1,0.707357,0,0.188727,-3127939.746,1965861.039
1797,0,57.9045982,0,3,4.1677899,347.2390137,0.430819,4,187.6239929,9.5591898,161.7440033,0.473852,0.401877,0.168177,0.185676,0,0.520869,0.730743,2,0.309321,0.347827,0,0,0.530439,0,0.232363,-3666374.283,1705831.9
1798,0,52.6453018,2419.51001,5,4.4787998,230.1439972,0.373306,4,564.0139771,10.3724003,56.5904007,0.443129,0.560139,-0.140876,0.134867,0,0.305483,0.944868,0,0.37516,0.468978,2,0,0.531158,0,0.239755,-3505515.605,1702949.509
1799,0,92.2874985,0,2,2.3649399,236.8549957,0.51311,3,492.4649963,9.3484602,105.8580017,0.41414,0.497995,0.647541,0.291345,0,0.652327,0.865996,2,0.147479,0.418817,3,2,0.685175,0,0.200611,-3574742.617,1856571.05
1800,0,71.9966965,2000.050049,5,6.0110998,305.5539856,0.429544,4,177.3609924,10.9511003,268.5090027,0.456634,0.363222,0.148293,0.512871,1,0.493038,0.541651,2,0.108398,0.491656,0,2,0.671923,0,0.212158,-3667645.326,1787429.13
1801,0,79.6644974,0,2,3.0515499,400.1530151,0.516844,1,891.4860229,8.0405302,228.2070007,0.462513,0.339089,0.295478,0.0575727,0,0.374453,0.869794,0,0.0660952,0.552797,1,0,0.733047,0,0.206755,-3348845.653,1921607.659
1802,0,61.2587013,0,3,2.63712,141.4900055,0.443857,4,416.006012,9.5196896,241.9190063,0.480594,0.381326,0.207891,0.23674,0,0.568882,0.816589,0,0.228267,0.336184,0,2,0.633458,1,0.229906,-3677959.165,1721856.541
1803,0,116.7750015,1004.210022,1,11.4954996,610.0430298,0.550234,3,388.4750061,10.0130997,161.147995,0.363322,0.424383,0.5049,0.446093,0,0.600154,0.821585,0,0.117084,0.101435,6,1,0.72449,0,0.152669,-3481798.972,1927749.956
1804,0,76.9800034,2002.48999,3,0.804336,156.3170013,0.493537,4,180.5549927,11.0702,192.0749969,0.461298,0.277903,0.174643,0.574083,0,0.708124,0.942566,0,0.148528,0.368462,1,1,0.738516,1,0.216476,-3741613.86,1764330.244
1805,0,82.3249969,0,3,0.536914,138.2480011,0.482437,4,369.0509949,10.0663004,149.2279968,0.490437,0.365154,0.440887,0.302627,0,0.544575,0.918769,0,0.169093,0.284943,0,2,0.726869,1,0.205926,-3821248.608,1697373.384
1806,0,75.9598007,1091.569946,3,10.6568003,800.71698,0.457159,3,853.7670288,8.5927095,348.2869873,0.440342,0.562001,0.626735,0.307309,0,0.559629,0.808365,0,0.174967,0.294216,1,0,0.723914,0,0.19572,-3487722.092,1889627.218
1807,0,92.0278015,2010.430054,3,2.9781699,387.177002,0.515818,4,357.3510132,12.7150002,166.753006,0.166199,0.15226,0.396834,0.639581,0,0.580256,0.793512,1,0.0531836,0.232337,1,1,0.629564,0,0.184036,-3270072.221,2000834.951
1808,0,60.7742996,2417.199951,3,1.9735301,141.3190002,0.451844,4,332.4360046,10.5256004,75.8989029,0.447306,0.332441,0.297378,0.434006,0,0.644144,0.85976,0,0.162015,0.264509,4,3,0.700138,1,0.228699,-3725427.359,1735705.083
1809,0,66.2288971,2416.73999,3,1.77633,195.9960022,0.472565,4,295.4729919,10.7275,2.52108,0.454997,0.297167,0.263551,0.533721,0,0.683714,0.891841,0,0.162141,0.220014,3,2,0.723557,1,0.228008,-3722578.182,1758748.953
1810,0,74.0766983,1010.26001,3,1.58373,186.9530029,0.485957,4,258.0580139,11.0032997,244.7100067,0.459469,0.280203,0.212927,0.600606,0,0.698796,0.920665,0,0.13701,0.177452,1,1,0.732596,1,0.215904,-3745766.3,1755674.833
1811,0,104.8949966,0,2,4.89711,262.4830017,0.544091,1,359.9309998,10.6697998,205.1620026,0.412552,0.312829,0.162629,0.530159,0,0.60971,0.867499,0,0.167076,0.285358,2,1,0.695733,0,0.176334,-3649975.066,1810903.076
1812,0,56.8862,0,3,2.7692699,273.1409912,0.423562,4,224.5529938,9.8745298,75.5634003,0.453334,0.469233,0.201652,0.26327,0,0.415338,0.906471,0,0.3217,0.384754,0,0,0.52904,0,0.233586,-3666383.209,1725080.333
1813,0,67.0383987,2006.140015,3,1.4492199,335.9299927,0.419153,4,445.052002,12.1659002,95.625,0.380482,0.386128,0.333013,0.386804,1,0.46185,0.697771,0,0.136077,0.641098,1,0,0.620606,0,0.203826,-3134251.113,1947634.978
1814,0,76.4605026,1500.76001,3,8.4175701,545.4359741,0.49596,4,1092.02002,7.2511501,117.0139999,0.505896,0.67119,0.673385,0.0148661,0,0.479522,0.929737,0,0.147724,0.610666,1,2,0.823136,0,0.220623,-3513102.383,1869772.824
1815,0,120.3389969,1000.159973,2,3.1923201,203.1820068,0.568521,4,572.3400269,10.2018995,28.5862999,0.354733,0.204514,0.395585,0.374862,0,0.370797,0.929591,0,0.0464597,0.225154,2,1,0.657104,1,0.182748,-3444064.766,1957512.68
1816,0,66.6503983,1029.579956,3,11.9456997,527.3430176,0.437007,4,487.6740112,9.2728596,353.230011,0.497116,0.402813,0.197033,0.123325,0,0.546076,0.513798,0,0.339084,0.19261,0,0,0.586156,0,0.211586,-3683106.216,1705209.63
1817,0,67.0435028,0,3,0.728189,389.927002,0.515356,4,488.9989929,9.2473202,355.5920105,0.500885,0.331193,0.231831,0.122537,0,0.580337,0.941765,0,0.183444,0.335515,1,2,0.720736,1,0.223605,-3715950.097,1713430.321
1818,0,90.7822037,1001.02002,2,7.6487398,379.6929932,0.582229,4,358.355011,11.2686996,17.5382004,0.485878,0.328058,0.113204,0.672131,0,0.64524,0.863846,1,0.280661,0.190514,1,1,0.776478,0,0.195419,-3734390.718,1787909.024
1819,0,129.6230011,0,2,1.21513,152.7160034,0.553232,2,706.71698,9.9886398,115.0599976,0.340708,0.177577,0.393288,0.271035,0,0.318926,0.883713,1,0.0334347,0.537979,2,1,0.601916,0,0.184253,-3449905.124,1953914.056
1820,0,97.7203979,0,3,3.8849001,360.2099915,0.519495,1,157.9759979,12.7564001,166.3800049,0.2386,0.326321,0.348867,0.613978,1,0.537332,0.796969,2,0.0501348,0.287561,2,1,0.585955,0,0.177878,-3262967.238,2010426.973
1821,0,55.9956017,1436.459961,4,8.0710201,471.0010071,0.406684,1,483.5369873,10.3445997,199.3009949,0.498655,0.482116,0.135182,0.189441,0,0.53644,0.893523,0,0.225249,0.778396,1,3,0.640597,0,0.224809,-3639251.732,1765961.867
1822,0,73.8945007,0,3,7.30443,443.8389893,0.401674,1,82.1435013,13.4715996,231.7279968,0.411182,0.338005,0.422155,0.474127,0,0.530855,0.680727,2,0.0891684,0.148059,0,0,0.654805,0,0.180468,-3102897.341,2000422.644
1823,0,104.0910034,1066.77002,1,15.4673004,709.1259766,0.534517,4,660.6710205,9.6162796,167.0590057,0.398077,0.279884,0.348225,0.265059,0,0.453216,0.866644,0,0.0782794,0.149061,3,0,0.685982,1,0.163422,-3371240.997,1942545.707
1824,0,55.7109985,1428.040039,3,6.2311101,400.0549927,0.428634,4,332.2269897,10.3214998,277.1430054,0.444069,0.3778,0.238892,0.229375,0,0.567194,0.66743,0,0.270227,0.266203,0,0,0.560862,0,0.224729,-3670513.449,1737388.409
1825,0,84.8712997,2841.310059,2,2.1402099,282.401001,0.483846,4,250.3950043,11.4328003,332.1619873,0.46147,0.26314,0.216936,0.703941,0,0.729777,0.967408,0,0.150017,0.239321,0,1,0.746726,1,0.209883,-3765699.213,1755810.653
1826,0,81.9431,1414.810059,3,3.07356,241.9349976,0.427638,1,249.3569946,12.3577003,161.121994,0.228233,0.331103,0.285133,0.41599,0,0.408704,0.855308,0,0.0585137,0.394706,0,0,0.490077,0,0.195699,-3193793.69,1984034.719
1827,0,85.2048035,2416.979981,5,6.3020101,268.9549866,0.485973,1,317.7059937,11.1808004,71.5992966,0.438445,0.29601,0.0383106,0.596135,1,0.599248,0.768334,2,0.171952,0.506337,0,0,0.679827,0,0.188592,-3662387.385,1804725.937
1828,0,83.009903,0,3,1.4755501,260.7590027,0.461999,2,125.5159988,12.5044003,111.1699982,0.305099,0.315685,0.436562,0.522232,0,0.569176,0.861073,0,0.095159,0.368605,1,1,0.621405,0,0.192977,-3302950.122,1971285.088
1829,0,94.4991989,1415.530029,2,2.5467,295.3469849,0.487244,4,986.0079956,8.4482002,258.0820007,0.409073,0.316402,0.618463,0.0356598,0,0.328824,0.873833,1,0.0399611,0.580748,2,0,0.704485,1,0.221418,-3546321.88,1886573.416
1830,0,60.026001,1028.380005,5,11.8348999,645.0360107,0.42862,4,538.2969971,8.1315098,285.5639954,0.56178,0.420937,0.398336,0.006006,0,0.533725,0.653654,0,0.398166,0.342984,2,1,0.617704,1,0.229021,-3920597.7,1640191.211
1831,0,75.2067032,0,6,3.6306901,524.414978,0.493109,1,668.9899902,8.3285599,131.3170013,0.406197,0.392741,0.271983,0.0037515,0,0.284238,0.606209,2,0.199995,0.542076,1,1,0.566955,0,0.216719,-3588859.311,1693024.93
1832,0,78.1327972,1414.23999,5,2.07967,233.3869934,0.49421,4,58.2644005,11.2364998,58.4161987,0.496495,0.210883,0.323385,0.42673,0,0.721305,0.876892,1,0.240336,0.285506,8,6,0.659953,1,0.192566,-3931424.687,1675285.884
1833,0,82.6697006,2002.140015,3,11.0255003,592.6019897,0.489627,1,837.84198,8.3782902,254.1109924,0.460955,0.472235,0.561776,0.0272304,0,0.529067,0.243859,1,0.166797,0.488044,5,0,0.631181,0,0.204551,-3600109.419,1815497.685
1834,0,70.1144028,1029.25,5,10.6506004,603.8369751,0.471792,4,1070.890015,7.6862702,316.8500061,0.43056,0.48076,0.694193,0.0317776,1,0.371648,0.450864,2,0.0787161,0.610349,0,2,0.650323,0,0.222069,-3537686.671,1870694.321
1835,0,80.0867996,1006.140015,3,9.4143801,446.8529968,0.51174,3,578.3369751,9.2574997,326.7409973,0.407474,0.305275,0.441134,0.418908,0,0.494845,0.904014,0,0.0728332,0.191903,3,0,0.674596,1,0.179097,-3393486.021,1922691.801
1836,0,89.9348984,1003.380005,3,3.0125501,255.4940033,0.438855,4,163.6390076,11.8372002,78.8283997,0.458813,0.250101,0.262474,0.753909,0,0.697138,0.604961,0,0.204955,0.330438,2,1,0.744611,1,0.206802,-3780336,1753423.588
1837,0,73.1672974,2032.859985,2,1.5605,677.4780273,0.519217,4,1139.780029,8.3892403,12.8558998,0.523464,0.36389,0.124254,0.0063802,0,0.610679,0.940145,0,0.274938,0.463287,1,2,0.655789,1,0.219067,-3694065.909,1703021.92
1838,0,87.7993011,1002.090027,3,6.61169,303.6159973,0.519705,2,385.9859924,11.4528999,67.3144989,0.348143,0.269699,0.339406,0.717147,0,0.525075,0.894315,0,0.101964,0.166425,2,0,0.672578,1,0.170348,-3327997.296,1959938.21
1839,0,64.2715988,0,5,5.4981298,377.2189941,0.480243,4,570.1599731,8.9279499,158.2680054,0.510041,0.382184,0.259219,0.0803061,0,0.53384,0.928718,0,0.247648,0.256706,0,2,0.688616,1,0.219248,-3732803.482,1692680.046
1840,0,74.0139999,0,4,6.3175201,907.0900269,0.467036,4,461.7000122,8.09797,91.4775009,0.445678,0.590267,0.704756,0.210756,0,0.526376,0.750532,0,0.183125,0.353989,1,2,0.754874,1,0.197744,-3516130.363,1876436.106
1841,0,85.5458984,2420.26001,5,9.5356197,445.1040039,0.453246,1,323.3640137,11.9461002,66.7628021,0.318811,0.259664,0.274726,0.549819,0,0.486398,0.618642,2,0.0780977,0.329508,2,0,0.613051,1,0.180619,-3189056.345,1977507.927
1842,0,70.1456985,0,3,2.31811,158.2550049,0.522586,4,335.5350037,10.6330996,241.6679993,0.49876,0.350613,0.243746,0.493484,0,0.584868,0.89449,0,0.250293,0.205848,2,0,0.765197,0,0.211133,-3712630.249,1776496.974
1843,0,119.2300034,0,2,4.8996,522.7260132,0.540496,4,604.8330078,9.0729904,76.2884979,0.456312,0.349138,0.4488,0.0707279,0,0.571306,0.655154,0,0.237056,0.384623,1,2,0.725247,1,0.171848,-3620568.949,1825653.946
1844,0,62.5544014,0,6,1.23528,305.2529907,0.36964,1,524.3880005,9.3131905,306.3420105,0.38393,0.611141,0.53776,0.159568,0,0.373411,0.893083,0,0.15319,0.355506,0,1,0.492715,0,0.24179,-3335517.626,1847607.083
1845,0,66.9952011,0,3,3.0369899,397.6549988,0.501294,4,443.052002,9.4412603,172.7250061,0.505452,0.32872,0.256791,0.152048,0,0.602647,0.916534,0,0.215609,0.329219,1,2,0.722193,1,0.219283,-3720471.567,1713067.77
1846,0,103.3479996,2431.969971,3,2.5708101,484.7460022,0.495648,5,413.822998,11.7405996,321.7090149,0.302811,0.214819,0.364307,0.674554,0,0.564021,0.801007,0,0.037061,0.215989,3,0,0.660411,1,0.173068,-3380964.03,1960572.142
1847,0,57.368,0,5,1.48803,389.5960083,0.400377,4,452.9460144,9.6995897,99.5374985,0.493674,0.616368,0.360843,0.333293,0,0.559277,0.854986,0,0.254958,0.233221,0,1,0.650118,0,0.217321,-3279508.393,1886595.231
1848,0,73.7481003,2424.129883,3,3.29897,336.0740051,0.425853,4,278.776001,12.8306999,309.0140076,0.242799,0.37712,0.160649,0.520697,0,0.463561,0.580549,1,0.0500451,0.229134,0,1,0.558439,0,0.204001,-3197379.395,2011185.498
1849,0,97.9804993,0,1,6.8446798,408.0299988,0.531642,1,513.5100098,10.6334,115.8399963,0.387483,0.216844,0.341753,0.638152,0,0.476859,0.907316,0,0.0532843,0.249802,3,0,0.70604,1,0.158624,-3346947.781,1950331.46
1850,0,92.1951981,1003.73999,3,6.2200098,280.2070007,0.539806,4,294.2850037,12.3238001,246.6750031,0.189249,0.142871,0.256072,0.650153,1,0.546247,0.687455,1,0.0611568,0.161364,1,0,0.633427,0,0.168866,-3249871.645,2005171.963
1851,0,67.6309967,3035.209961,3,9.3927803,432.776001,0.441104,4,357.2489929,10.8956003,32.3100014,0.474607,0.370214,0.32576,0.564499,0,0.58574,0.839116,0,0.310251,0.24069,0,0,0.736333,1,0.210727,-3705402.885,1780077.913
1852,0,61.9799995,0,5,4.7970901,371.2340088,0.425161,4,545.6459961,9.1366596,241.529007,0.518604,0.452427,0.491661,0.124647,1,0.442893,0.40385,2,0.124208,0.38727,0,2,0.623414,0,0.225573,-3605634.023,1788071.821
1853,0,70.7518005,2834.399902,3,1.50151,228.7330017,0.463428,4,249.9790039,12.9799004,161.8959961,0.319086,0.346034,0.214823,0.60626,0,0.569234,0.863536,0,0.091667,0.332875,1,1,0.692614,0,0.20212,-3177749.933,2015804.095
1854,0,75.7427979,2846.090088,3,8.2192497,419.6369934,0.460216,4,362.1300049,11.6027002,72.5391006,0.425508,0.304465,0.167331,0.635553,1,0.618242,0.824367,2,0.193189,0.53481,0,0,0.704956,0,0.189664,-3679325.779,1808955.879
1855,0,76.3333969,0,5,0.397524,196.8500061,0.462777,4,248.5610046,10.6120005,28.6772003,0.494777,0.227036,0.271328,0.306898,0,0.628131,0.920149,0,0.154461,0.50253,0,1,0.681419,1,0.218818,-3868790.29,1704671.2
1856,0,59.3684998,0,6,8.5186501,606.9879761,0.405579,2,526.2340088,7.8460798,156.1809998,0.503842,0.574954,0.420674,0.0822572,0,0.359913,0.8882,0,0.29252,0.375444,0,0,0.606555,0,0.234291,-3456991.994,1793575.83
1857,0,84.197998,1415.099976,5,11.5633001,628.8410034,0.513969,4,273.2969971,8.8716202,186.9250031,0.364454,0.214889,0.421934,0.0441095,0,0.475115,0.275861,0,0.346255,0.343768,4,1,0.59607,1,0.18294,-3971043.055,1642187.095
1858,0,109.362999,0,3,2.2167101,158.4499969,0.545078,2,689.289978,9.5517902,155.9640045,0.370875,0.214054,0.401555,0.20457,1,0.34013,0.874097,2,0.0421016,0.436135,2,1,0.651422,0,0.190702,-3441444.182,1947990.547
1859,0,85.1460037,1418.150024,3,8.8456802,595.2949829,0.494814,4,801.9190063,8.3132,247.2059937,0.521957,0.526855,0.504221,0.0194472,0,0.553022,0.536299,1,0.125304,0.333522,0,2,0.737944,0,0.195239,-3611430.036,1808089.001
1860,0,67.5784988,2001.27002,3,3.10799,132.3820038,0.445728,2,652.3549805,10.3242998,31.7777996,0.412521,0.338684,0.301361,0.436271,1,0.461766,0.645971,2,0.0767992,0.379387,1,0,0.585665,0,0.215086,-3255911.788,1941970.588
1861,0,60.6278992,2000.73999,3,2.9541299,412.9670105,0.435135,4,317.0239868,9.6838903,9.9819698,0.480459,0.360048,0.214737,0.285521,0,0.584494,0.715698,0,0.260276,0.335585,0,0,0.649878,1,0.228944,-3673929.86,1728351.299
1862,0,82.8107986,0,5,2.91873,664.7639771,0.485811,4,151.3890076,9.0748501,346.5690002,0.518853,0.452198,0.407083,0.21397,0,0.471165,0.902311,0,0.363337,0.169176,1,1,0.729332,0,0.205303,-3816734.068,1673037.452
1863,0,75.4525986,0,2,6.5853,741.1920166,0.435833,4,477.9830017,8.7690697,85.6205978,0.472905,0.600874,0.680564,0.238855,0,0.523142,0.940501,1,0.183434,0.238936,2,2,0.763605,1,0.199073,-3492902.553,1878742.644
1864,0,54.7313004,1011.52002,5,4.2992501,385.276001,0.379385,1,797.5759888,10.1577997,89.5182037,0.463305,0.324914,0.373867,0.329462,1,0.351536,0.487825,1,0.120202,0.539981,0,0,0.543054,0,0.236474,-3230742.554,1927445.286
1865,0,91.3162003,0,4,5.7360101,389.9500122,0.52365,4,924.7089844,7.99473,342.4909973,0.27854,0.127231,0.347173,0.0591449,0,0.317284,0.933871,0,0.0814129,0.476669,1,0,0.60534,1,0.200745,-3454222.36,1924228.362
1866,0,121.3779984,1000.309998,1,5.6810398,433.631012,0.589262,4,590.0490112,10.0829,3.15312,0.500048,0.543754,0.33906,0.177214,0,0.593447,0.70494,0,0.138054,0.349742,0,3,0.781998,0,0.177969,-3640706.541,1835327.531
1867,0,93.6708984,0,2,2.9719999,284.1820068,0.545973,1,223.4360046,11.0776997,354.401001,0.341606,0.27061,0.350136,0.723149,0,0.544538,0.913205,0,0.0847263,0.188477,2,0,0.662467,1,0.174032,-3338570.096,1952997.068
1868,0,73.7781982,1007.619995,3,6.2872701,332.8890076,0.506518,2,1094.089966,7.6898799,187.2859955,0.469592,0.440313,0.286475,0.044256,0,0.363797,0.891413,0,0.136648,0.507095,1,1,0.732707,1,0.224517,-3380066.323,1901117.668
1869,0,64.2763977,1000.599976,3,2.7058101,215.8139954,0.507035,4,475.947998,9.4754696,67.4625015,0.490164,0.311992,0.226195,0.23077,0,0.594353,0.916775,0,0.207753,0.287721,2,2,0.703203,1,0.223665,-3696175.668,1727891.167
1870,0,67.1548004,0,3,1.4536099,373.1059875,0.518915,4,414.0820007,9.4465799,201.147995,0.485148,0.307342,0.234935,0.183625,0,0.591117,0.917165,0,0.195831,0.306251,4,2,0.705951,1,0.221789,-3709395.9,1721855.745
1871,0,53.1632004,1000.140015,6,4.1910601,243.3159943,0.359155,1,361.3160095,10.0756998,220.8970032,0.412903,0.53112,-0.146321,0.14033,0,0.34027,0.903236,1,0.34868,0.3559,0,0,0.444295,0,0.244313,-3504898.31,1744407.191
1872,0,91.9909973,2002.430054,1,6.75737,541.2960205,0.502721,1,136.2550049,12.1040001,86.4606018,0.317962,0.266966,0.422248,0.650073,0,0.543437,0.582678,1,0.100889,0.198103,2,0,0.625566,1,0.181087,-3341083.765,1961529.43
1873,0,83.8442001,0,2,2.0320301,148.1139984,0.500465,1,547.9780273,10.4042997,147.5220032,0.378253,0.392555,0.196973,0.431851,1,0.495298,0.673764,2,0.0649563,0.26051,7,0,0.674814,0,0.199943,-3289462.049,1946539.17
1874,0,88.1455002,1001.400024,3,8.8869696,406.7909851,0.479661,3,706.1489868,9.1930904,13.9196997,0.443014,0.536798,0.529032,0.139697,0,0.653296,0.914816,1,0.229423,0.557752,1,2,0.718013,0,0.202858,-3601944.437,1829536.544
1875,0,65.7839966,1417.109985,3,1.13117,178.5549927,0.486507,4,434.0539856,10.0493002,211.326004,0.471868,0.322462,0.257045,0.360918,0,0.630055,0.923653,0,0.182662,0.196638,1,3,0.719161,1,0.23476,-3690012.852,1746740.155
1876,0,62.8238983,1002.979981,3,1.88449,214.3390045,0.492085,4,429.3590088,9.8704395,118.1330032,0.470167,0.332904,0.248625,0.287824,0,0.604677,0.913035,0,0.176459,0.260104,2,2,0.70567,1,0.232485,-3691828.757,1738965.2
1877,0,89.7005005,1001.01001,3,3.89939,168.6349945,0.546862,4,342.2409973,11.8912001,206.0619965,0.345128,0.376778,0.282847,0.685785,0,0.658103,0.907325,0,0.0870553,0.195157,1,1,0.682481,0,0.187727,-3260214.358,1982405.849
1878,0,78.5165024,1025.949951,3,5.4431801,356.1839905,0.479425,4,1080.849976,8.1701403,95.1439972,0.440947,0.475175,0.376745,0.0523059,0,0.401068,0.829228,1,0.0801878,0.466082,2,0,0.725514,1,0.208367,-3437621.454,1917887.202
1879,0,90.6643982,1420.390015,2,3.3984301,207.1959991,0.482796,4,286.8469849,12.3561001,321.6679993,0.305426,0.29094,0.381797,0.531458,0,0.521474,0.812819,1,0.0923622,0.229427,1,0,0.627168,0,0.194992,-3280923.661,1975669.61
1880,0,76.9091034,1435.459961,5,6.9252701,400.6099854,0.495609,4,441.7319946,9.3823204,334.7120056,0.486978,0.345679,0.305012,0.187065,0,0.603103,0.815195,0,0.257389,0.26066,1,3,0.722009,1,0.203284,-3748136.982,1702872.999
1881,0,74.3740005,1011.969971,3,5.8264799,422.9119873,0.45863,1,995.1279907,8.3292904,81.9776001,0.344401,0.323531,0.594475,0.0221905,1,0.462505,0.225481,2,0.13661,0.5692,1,2,0.632422,0,0.211515,-3591334.225,1806713.485
1882,0,57.3204994,1001.140015,2,8.4369698,523.1489868,0.435373,4,176.7920074,10.1028996,250.4170074,0.458203,0.352428,0.239901,0.29822,0,0.588583,0.817563,0,0.269502,0.26269,0,0,0.586843,0,0.218582,-3673756.867,1738712.885
1883,0,63.8554993,1414.660034,3,3.1026499,242.25,0.446694,4,214.1719971,12.3333998,209.9320068,0.36417,0.402591,0.283001,0.442598,0,0.503678,0.805332,0,0.138729,0.373359,1,1,0.634257,0,0.205853,-3138753.296,1956986.99
1884,0,86.0739975,1001.289978,3,2.1324699,118.3720016,0.485533,4,191.8249969,12.5425997,58.1264,0.295392,0.290894,0.431772,0.60731,0,0.56935,0.902684,0,0.0732037,0.245381,5,0,0.638131,1,0.194202,-3321647.33,1977302.182
1885,0,73.7611008,0,3,1.41089,249.3370056,0.438257,1,108.5930023,11.3289003,72.6395035,0.414697,0.325738,0.102076,0.497959,1,0.47175,0.313421,2,0.0603207,0.522726,0,2,0.621531,0,0.203119,-3671551.633,1798903.181
1886,0,64.6464996,1046.910034,5,7.1325798,452.0549927,0.422807,2,962.3040161,7.4949899,96.8576965,0.507218,0.496496,0.58503,0.0487945,1,0.280391,0.706899,2,0.0601535,0.855514,1,0,0.649733,0,0.239579,-3477618.95,1871027.32
1887,0,82.2333984,1006.969971,2,4.4324899,408.8999939,0.524619,4,1047.709961,8.5029001,161.8119965,0.459076,0.329449,0.298583,0.0731872,0,0.372861,0.928321,0,0.0650793,0.264562,2,0,0.729481,1,0.191781,-3344928.366,1927174.079
1888,0,68.3476028,3014.909912,3,1.5019,154.5200043,0.479069,4,255.4839935,10.5049,8.4133902,0.461536,0.286614,0.296854,0.506277,0,0.668309,0.938654,0,0.128708,0.284588,1,2,0.711788,1,0.218526,-3742043.653,1734084.825
1889,0,65.8658981,1044.130005,7,5.6714001,474.9129944,0.468812,4,876.3120117,8.4126396,273.3479919,0.532077,0.364286,0.205791,0.0353605,0,0.55173,0.894171,0,0.273067,0.342932,2,4,0.682001,1,0.229748,-3740486.236,1685462.868
1890,0,91.0672989,1000.080017,3,2.3552699,144.7019958,0.51892,4,525.9119873,10.0145998,70.9642029,0.386251,0.243353,0.435027,0.475024,0,0.531221,0.865834,0,0.0454646,0.256059,2,0,0.679432,1,0.18878,-3413153.267,1942242.864
1891,0,77.1408005,1433.689941,2,0.349355,300.9249878,0.469212,4,273.1159973,11.0467997,42.9266014,0.351742,0.143185,0.282498,0.599448,0,0.52841,0.942834,0,0.158636,0.263831,0,1,0.685922,1,0.21107,-3758662.17,1742116.817
1892,0,66.6628036,0,3,1.58188,306.7969971,0.526805,4,512.210022,9.3679399,10.5307999,0.492552,0.307569,0.224464,0.152428,0,0.581582,0.944061,0,0.172336,0.295393,4,2,0.705478,1,0.224403,-3705964.39,1722787.02
1893,0,71.2901001,0,3,2.39099,153.9499969,0.486307,4,131.3099976,11.0192003,170.2079926,0.454136,0.285822,0.248382,0.540278,0,0.705133,0.83229,1,0.164763,0.338026,1,3,0.704316,0,0.219155,-3723780.44,1771418.164
1894,0,68.6399002,1415.680054,5,10.0958004,509.2770081,0.439313,4,182.4530029,9.7254,299.3829956,0.500249,0.398615,0.424861,0.330285,0,0.55207,0.369651,0,0.337009,0.224518,0,2,0.739123,1,0.210116,-3847395.962,1678981.223
1895,0,66.7310028,2000.319946,3,4.6434102,229.701004,0.477422,4,407.8240051,11.7960997,231.5709991,0.458374,0.331214,0.252062,0.563063,0,0.466159,0.84816,2,0.0880361,0.342572,1,0,0.681281,0,0.193632,-3126575.297,1954443.774
1896,0,97.2572021,0,2,3.0757101,540.9329834,0.526736,4,471.4460144,10.0452003,58.0779991,0.375057,0.229455,0.415873,0.425186,0,0.518343,0.920859,0,0.0496868,0.223891,1,1,0.674951,1,0.18153,-3418946.722,1948359.519
1897,0,55.8847008,3034.129883,6,3.3550601,600.257019,0.35719,4,745.6939697,9.2058201,254.7870026,0.445406,0.529848,0.100503,0.12917,0,0.248526,0.86265,1,0.291475,0.440934,0,0,0.46218,0,0.24105,-3471833.19,1759455.836
1898,0,68.4422989,0,7,2.8836601,433.6459961,0.48435,4,657.9169922,8.3313704,278.053009,0.528773,0.395447,0.132799,0,0,0.52911,0.94556,0,0.262143,0.438949,0,0,0.660275,1,0.243469,-3678467.826,1687390.283
1899,0,104.2600021,0,3,1.34171,571.072998,0.505521,2,149.0650024,10.7687998,174.826004,0.349668,0.229732,0.366234,0.681205,0,0.564552,0.799401,0,0.0654008,0.0791337,3,0,0.681692,1,0.154169,-3380332.46,1953311.462
1900,0,75.8761978,2419,3,10.6724005,585.7410278,0.437945,4,337.5979919,12.3472004,25.8721008,0.311705,0.157225,0.218566,0.637028,1,0.411391,0.139671,2,0.0741353,0.361705,0,0,0.501241,0,0.187079,-3223828.115,2002402.237
1901,0,62.8820992,0,6,3.09553,671.7490234,0.406575,4,619.4990234,7.6746101,254.4199982,0.524597,0.528506,0.43421,0.076846,0,0.335585,0.75643,1,0.280886,0.474482,0,0,0.669346,0,0.22638,-3471005.607,1788870.68
1902,0,89.0860977,1417.290039,2,2.4126599,262.3789978,0.51472,4,687.1309814,9.6907797,355.6159973,0.428029,0.274045,0.422989,0.373126,0,0.476151,0.910665,0,0.0543457,0.23851,3,0,0.686002,1,0.180835,-3386307.156,1932413.467
1903,0,58.3490982,0,3,0.406218,95.7590027,0.461676,4,245.4720001,10.3203001,51.739399,0.434681,0.357339,0.28642,0.37424,0,0.591508,0.837315,0,0.136176,0.292568,4,2,0.654759,1,0.23443,-3705058.132,1737385.49
1904,0,56.089901,0,5,4.9176798,428.178009,0.393974,4,400.9129944,9.9201698,264.1229858,0.448053,0.479623,0.393773,0.306181,0,0.432618,0.853413,0,0.29339,0.240475,0,1,0.581669,0,0.21636,-3285441.55,1881241.637
1905,0,87.7985992,3001.879883,3,1.71972,158.4920044,0.54255,4,353.1239929,11.2706003,96.3094025,0.457489,0.259818,0.0923239,0.563552,0,0.698569,0.803382,0,0.148048,0.305843,4,0,0.748632,1,0.201015,-3747984.09,1773898.989
1906,0,103.2669983,1000.369995,3,3.27707,170.147995,0.486843,4,141.076004,11.7736998,240.3880005,0.453367,0.251821,0.193165,0.711235,0,0.706602,0.837602,1,0.168528,0.340272,2,1,0.749319,1,0.193262,-3771355.341,1765691.538
1907,0,100.8440018,0,5,1.7071199,170.1679993,0.494119,4,104.4110031,12.8850002,192.2570038,0.315794,0.260011,0.354168,0.623886,1,0.572095,0.77025,2,0.0794932,0.201031,5,0,0.623244,1,0.182149,-3354407.607,1988238.964
1908,0,100.5469971,0,2,0.306576,174.1269989,0.520136,2,896.0869751,8.2816296,318.9240112,0.399618,0.328793,0.578023,0.0278323,0,0.354887,0.895669,1,0.0300332,0.629512,2,0,0.705465,0,0.221804,-3549632.721,1888823.496
1909,0,63.9786987,1000.859985,3,2.6656799,241.8509979,0.480284,4,280.6799927,10.0004997,47.2865982,0.46886,0.345026,0.250058,0.359526,0,0.627431,0.891169,0,0.220517,0.204303,1,2,0.690071,1,0.228493,-3685198.967,1746671.308
1910,0,74.4078979,0,3,3.3545001,307.868988,0.469059,3,611.7880249,8.3403702,108.1760025,0.478663,0.570299,0.65654,0.0817451,1,0.535662,0.625209,2,0.160764,0.506932,0,2,0.665268,0,0.208786,-3575271.547,1810533.196
1911,0,61.073101,1429.939941,6,4.0727,470.0429993,0.389999,2,604.3380127,9.7062702,54.5859985,0.421283,0.327872,0.261264,0.102453,0,0.304043,0.524256,1,0.192175,0.483132,0,0,0.442803,0,0.230277,-3405389.482,1748985.107
1912,0,61.4766006,0,5,0.897607,445.6159973,0.443585,4,423.7820129,7.4675999,0.648451,0.537489,0.28313,0.451419,0,0,0.61264,0.893834,0,0.179356,0.710795,1,0,0.593914,0,0.249511,-3947826.671,1641130.977
1913,0,63.7909012,1005.559998,3,5.9895301,288.0559998,0.460578,4,485.5639954,9.5081301,140.7380066,0.492005,0.329815,0.216232,0.227884,0,0.568077,0.878851,0,0.222875,0.421354,0,2,0.690124,1,0.227278,-3680100.857,1727798.133
1914,0,73.4228973,0,3,2.8242199,210.8439941,0.483829,4,195.9140015,10.4733,101.552002,0.460237,0.283924,0.332307,0.465224,0,0.666726,0.959345,0,0.141799,0.291366,0,2,0.701829,1,0.215271,-3751457.541,1726502.091
1915,0,63.408699,0,6,4.3737502,256.2269897,0.39595,2,751.8569946,8.29809,55.0456009,0.487058,0.522158,0.393127,0.10459,0,0.350362,0.849024,1,0.213857,0.530957,0,0,0.576131,0,0.236909,-3409722.626,1795223.091
1916,0,105.9240036,1012.469971,2,7.8354502,420.6369934,0.549815,3,430.9849854,10.4126997,44.0834999,0.346528,0.414043,0.537061,0.623572,0,0.643735,0.890756,0,0.0956631,0.146411,3,1,0.711667,0,0.158569,-3486863.961,1924710.423
1917,0,95.9085999,1010.440002,2,9.5413303,456.8640137,0.551935,2,525.3829956,11.1208,282.6390076,0.392534,0.267472,0.189694,0.616106,0,0.542721,0.757865,0,0.112772,0.206716,1,0,0.704466,0,0.161285,-3230836.786,1986333.49
1918,0,91.5530014,1437.349976,1,5.89465,409.6719971,0.583397,1,600.5360107,12.1176996,155.8589935,0.192191,0.13567,0.194749,0.639707,0,0.513247,0.76118,0,0.0762753,0.142162,1,0,0.651327,0,0.168065,-3243199.926,2007473.809
1919,0,89.6636963,2416.399902,5,4.2928901,210.9779968,0.493323,4,255.654007,12.4256001,260.6749878,0.16321,0.167106,0.386964,0.559074,1,0.542992,0.876417,0,0.0564221,0.261231,1,0,0.591656,0,0.194116,-3288210.954,1980146.106
1920,0,101.8889999,2414.979981,3,5.9256301,364.8259888,0.515221,5,249.6349945,11.7151003,203.2649994,0.307082,0.202958,0.343288,0.714356,0,0.549853,0.883153,0,0.0352192,0.144992,2,0,0.65677,1,0.183209,-3390940.367,1961213.673
1921,0,90.7638016,2436.530029,3,10.2072001,518.2509766,0.547744,1,739.6630249,11.2502003,193.4019928,0.197508,0.146945,0.167595,0.351982,0,0.435535,0.875377,0,0.0872416,0.136289,1,0,0.625181,1,0.166675,-3236607.234,1992680.611
1922,0,76.5029984,0,4,1.25503,616.0460205,0.433673,4,278.1040039,9.3240004,322.9790039,0.408492,0.546398,0.691428,0.483391,0,0.595185,0.685531,1,0.155014,0.197014,3,2,0.695174,0,0.195659,-3497677.851,1882457.691
1923,0,65.0952988,0,3,0.698896,263.7940063,0.463917,4,81.8833008,10.7229004,3.96896,0.441743,0.326247,0.285942,0.486348,0,0.667202,0.828641,0,0.163052,0.201808,3,1,0.682927,1,0.222084,-3732330.273,1742227.699
1924,0,61.141201,0,6,2.536,367.1480103,0.360106,4,594.7420044,9.64779,211.3170013,0.476423,0.403389,0.426069,0.267138,0,0.362636,0.527944,1,0.168208,0.32361,0,1,0.546818,0,0.219018,-3308349.776,1893064.087
1925,0,93.2365036,0,3,0.985484,358.3420105,0.541226,3,927.822998,8.00492,225.4490051,0.463176,0.542235,0.434698,0.0322847,0,0.442107,0.927901,0,0.0845452,0.486578,2,1,0.781299,1,0.207403,-3477607.201,1912616.746
1926,0,94.2996979,1007.619995,3,2.9806399,321.8309937,0.50218,4,236.2149963,12.8762999,77.8246002,0.311891,0.292848,0.466403,0.689526,0,0.602772,0.772878,0,0.0856444,0.172974,3,0,0.668952,1,0.183797,-3311880.965,1996031.739
1927,0,56.0752983,1001.380005,5,1.52271,129.1309967,0.451986,4,227.6049957,10.5233002,69.9828033,0.425683,0.358811,0.298525,0.35239,0,0.583227,0.750775,0,0.115964,0.340426,4,0,0.642522,1,0.239254,-3711261.118,1740692.429
1928,0,76.2686996,0,3,1.37309,283.3039856,0.470716,4,197.3209991,10.2853003,111.7020035,0.480565,0.329928,0.402439,0.381395,0,0.545747,0.941355,0,0.155435,0.611607,0,3,0.730631,1,0.218389,-3830027.972,1699040.858
1929,0,92.7690964,1415.040039,3,7.9283199,432.8959961,0.540223,4,94.6603012,11.9041004,59.9053993,0.479056,0.22086,0.106525,0.754185,1,0.429412,0.300808,2,0.176387,0.319037,1,1,0.658507,0,0.193108,-3730848.397,1799915.304
1930,0,56.3249016,0,3,4.0348501,343.2619934,0.425502,4,190.5420074,9.6934299,267.6440125,0.459606,0.436884,0.165698,0.191778,0,0.544015,0.502872,1,0.279786,0.258499,0,0,0.547885,0,0.236452,-3663550.987,1708866.062
1931,0,90.0366974,1007.799988,3,1.04485,292.6789856,0.451242,4,68.8579025,11.8030005,20.1865997,0.461693,0.249757,0.260963,0.751246,0,0.702659,0.87915,0,0.184209,0.366113,2,1,0.748056,1,0.206643,-3784133.703,1752759.335
1932,0,79.919899,0,3,8.1023703,469.802002,0.479231,4,441.9230042,9.4223299,246.3150024,0.380778,0.285371,0.467352,0.423875,0,0.513496,0.884224,0,0.0640187,0.129271,2,0,0.656348,1,0.175784,-3428341.926,1927424.702
1933,0,88.7556992,0,2,3.7684,265.6199951,0.467988,4,190.4609985,10.8435001,331.3460083,0.389018,0.354043,0.603221,0.676966,1,0.618302,0.799119,2,0.0388881,0.226652,1,0,0.643637,1,0.163773,-3504729.985,1914913.674
1934,0,86.264801,2486.610107,2,3.9981501,302.3309937,0.522898,2,946.0910034,8.9251003,213.0350037,0.4526,0.527319,0.577874,0.0774001,0,0.501655,0.931949,0,0.0715104,0.140684,2,1,0.755912,1,0.166366,-3514391.545,1904350.372
1935,0,78.4337997,0,3,6.6660099,338.1560059,0.465249,4,319.3269958,9.5276403,132.9830017,0.524128,0.440169,0.447759,0.181732,0,0.472292,0.934965,0,0.349084,0.219389,1,2,0.741465,0,0.214981,-3822042.565,1674805.909
1936,0,105.2789993,2422.810059,3,3.2032199,358.1659851,0.56009,4,275.8429871,13.2454004,209.6809998,0.350575,0.309891,0.268134,0.696963,0,0.597645,0.812243,0,0.135444,0.239647,2,0,0.732383,0,0.161252,-3130667.664,2019101.726
1937,0,56.7103004,2443.340088,5,5.7851601,647.9489746,0.411918,4,715.1439819,9.0881004,116.9919968,0.518825,0.391459,0.279211,0.0367888,0,0.493089,0.523855,0,0.310318,0.52193,0,0,0.579651,1,0.226284,-3720626.856,1684092.186
1938,0,97.7534027,1414.209961,1,3.31249,214.1109924,0.579646,1,686.5679932,9.4797697,283.2179871,0.411628,0.279122,0.301561,0.24421,0,0.448891,0.931795,0,0.0462961,0.215029,3,0,0.690422,1,0.177696,-3351682.381,1943260.129
1939,0,60.0340996,1021.049988,2,6.9692302,356.4689941,0.451451,4,347.7149963,10.0556002,264.946991,0.478999,0.32532,0.245093,0.326819,0,0.544531,0.881094,0,0.221268,0.265082,0,0,0.588392,1,0.219734,-3679167.829,1740088.288
1940,0,74.4410019,0,3,1.95513,474.4440002,0.495567,4,703.0079956,7.3203101,57.8479004,0.573892,0.435215,0.219592,0,0,0.567858,0.929623,0,0.297878,0.430216,1,0,0.680584,1,0.224986,-3847712.334,1646735.993
1941,0,90.353302,1000,3,1.25776,91.8002014,0.569103,4,434.1059875,11.6606998,296.6589966,0.340918,0.377781,0.24088,0.645159,1,0.667999,0.718688,0,0.0689256,0.245443,1,1,0.673797,0,0.190784,-3253650.107,1983851.675
1942,0,91.8335037,1008.099976,2,5.5686002,524.664978,0.52662,3,488.0639954,9.9305801,254.1529999,0.373772,0.46931,0.597122,0.598293,0,0.652524,0.913509,0,0.121844,0.118917,1,1,0.722028,1,0.165771,-3491019.451,1910088.307
1943,0,81.6334991,1012.799988,2,2.7620399,234.4400024,0.467454,4,183.378006,11.4535999,267.9179993,0.422221,0.240291,0.257032,0.701347,0,0.690253,0.893936,0,0.168799,0.346202,2,1,0.728802,1,0.205692,-3767374.886,1750666.734
1944,0,103.5110016,1003.030029,2,7.6536398,405.4349976,0.560337,4,534.7180176,10.0516005,290.8890076,0.452574,0.274521,0.227942,0.308332,0,0.645783,0.687514,0,0.245232,0.329864,2,0,0.702792,1,0.186197,-3647672.882,1800192.989
1945,0,65.1035004,0,7,4.05056,269.0329895,0.425481,2,669.0999756,7.6958199,51.7640991,0.498213,0.556888,0.365338,0.0872259,0,0.341778,0.743293,0,0.235799,0.4578,0,0,0.661398,0,0.239885,-3432336.266,1788414.112
1946,0,80.6856995,0,3,0.715366,84.9229965,0.508039,2,571.9949951,9.9113998,67.2499008,0.424748,0.345476,0.21334,0.376513,1,0.480317,0.586411,2,0.0471901,0.26008,4,0,0.661051,0,0.194029,-3296964.673,1942261.241
1947,0,73.3472977,1000.789978,5,5.23561,302.9299927,0.482416,2,1082.219971,7.8136301,333.9750061,0.456039,0.557627,0.689248,0.0367963,0,0.397127,0.888071,2,0.117602,0.588136,1,2,0.761031,0,0.208542,-3519052.526,1875512.235
1948,0,62.9608994,0,6,6.2097998,741.072998,0.421125,1,294.848999,8.4895201,44.7905998,0.540085,0.430659,0.35776,0.0250894,0,0.398194,0.568937,1,0.345553,0.426428,1,1,0.556742,0,0.216731,-3862976.579,1651108.699
1949,0,106.7419968,2123.580078,2,12.3683004,729.2529907,0.555468,5,1002.809998,9.8585901,250.4629974,0.426031,0.274046,0.350687,0.182838,0,0.393892,0.723012,0,0.0875108,0.133182,3,0,0.702222,1,0.159149,-3372972.722,1945582.359
1950,0,75.2786026,0,2,2.6415701,266.6719971,0.505525,3,745.5050049,7.8819399,286.5140076,0.476341,0.612819,0.679253,0.0370237,0,0.562434,0.876119,0,0.204562,0.307416,2,1,0.736668,0,0.200352,-3569726.546,1809436.1
1951,0,77.6959,0,5,1.84879,367.7120056,0.474368,4,292.7890015,9.2518101,107.2020035,0.524843,0.41199,0.422192,0.200097,0,0.472727,0.902899,0,0.293896,0.399317,1,1,0.737904,1,0.21477,-3829904.718,1673424.043
1952,0,98.0552979,1428.390015,3,8.0440397,426.8800049,0.573039,1,797.1140137,9.2049398,96.2685013,0.42513,0.282541,0.296673,0.140481,0,0.403646,0.932288,0,0.0669576,0.289721,3,0,0.697374,1,0.175989,-3354575.644,1941411.091
1953,0,90.0827026,2832.370117,3,4.5820999,264.6799927,0.48746,4,87.0318985,12.3367996,41.3226013,0.478012,0.328055,0.205731,0.772548,0,0.681628,0.870876,0,0.2592,0.738265,0,2,0.775698,0,0.203785,-3725198.795,1809603.739
1954,0,68.3942032,0,5,0.950666,284.7479858,0.412826,4,175.5500031,12.4801998,105.5449982,0.378055,0.288989,0.430217,0.379493,1,0.433794,0.668337,2,0.102402,0.175063,1,0,0.603673,0,0.200405,-3088455.69,1975681.826
1955,0,71.4617996,0,5,1.08693,215.878006,0.470891,4,53.0266991,10.8865995,111.1800003,0.446755,0.286939,0.286946,0.594388,0,0.684909,0.844711,0,0.156276,0.236813,0,2,0.700847,1,0.210554,-3748710.345,1740169.461
1956,0,64.3964005,0,3,5.1315098,338.256012,0.457866,4,507.4880066,9.1751099,55.0788994,0.506295,0.369986,0.18961,0.117357,0,0.547972,0.907971,0,0.30376,0.436469,0,2,0.651501,1,0.223189,-3681914.939,1712169.242
1957,0,67.8817978,1012.530029,5,8.1183596,380.5960083,0.394328,1,757.8309937,8.4148703,6.8833599,0.488766,0.393977,0.364315,0.203116,1,0.307453,0.427747,2,0.131249,0.474075,1,2,0.571983,0,0.222909,-3326747.688,1902042.418
1958,0,87.7773972,3830.820068,3,1.8782099,181.7949982,0.518696,1,582.7069702,10.9890003,76.7535019,0.389365,0.226564,0.217713,0.503621,0,0.466755,0.914662,0,0.0393238,0.225069,1,0,0.715248,1,0.180997,-3306841.734,1957700.681
1959,0,75.2450027,3007.879883,5,4.4581099,416.6520081,0.458766,1,369.2130127,11.6183004,155.677002,0.408972,0.266325,0.116303,0.638317,1,0.570476,0.52507,2,0.134943,0.538962,0,1,0.643604,0,0.192794,-3673513.634,1809251.323
1960,0,121.8499985,1004.150024,2,8.9904099,568.8049927,0.602745,4,355.8250122,10.5862999,257.9559937,0.406902,0.254773,0.278796,0.493042,0,0.639123,0.783045,0,0.168224,0.136534,1,3,0.692341,0,0.160963,-3647729.621,1832351.846
1961,0,93.6629028,1000.950012,5,8.1640196,418.0140076,0.511827,4,257.4100037,12.2172003,324.2279968,0.166009,0.135754,0.320028,0.591323,1,0.478073,0.447565,2,0.0605478,0.285843,1,1,0.561306,0,0.185433,-3273766.271,1983811.781
1962,0,77.3345032,0,3,3.3069201,149.8399963,0.485009,4,414.9670105,11.0502005,180.9499969,0.42505,0.392541,0.306447,0.568894,1,0.603521,0.857727,2,0.0851963,0.262311,1,0,0.655902,0,0.199678,-3245195.896,1962857.747
1963,0,49.4868011,3414.75,6,6.5655298,371.7789917,0.351204,1,313.2940063,10.5142002,217.0269928,0.404379,0.564234,-0.259693,0.107977,0,0.296831,0.801149,2,0.34683,0.335926,0,0,0.416768,0,0.240958,-3489422.071,1731294.414
1964,0,71.8479996,1453.23999,5,12.1156998,591.6370239,0.480397,4,886.6630249,7.91327,220.7440033,0.496656,0.464457,0.723866,0.0384447,0,0.413448,0.512854,1,0.20939,0.487877,0,0,0.681926,0,0.204371,-3549107.555,1809954.682
1965,0,69.3685989,2923.959961,1,6.6318898,344.8859863,0.448146,1,623.5239868,11.6632996,24.6161995,0.445926,0.254089,0.238284,0.654961,1,0.413127,0.39343,2,0.0651149,0.45805,1,1,0.615535,0,0.191581,-3169985.027,1966940.766
1966,0,94.0571976,0,3,1.83426,109.1940002,0.486145,4,278.4150085,11.5408001,172.3899994,0.303588,0.204141,0.377152,0.725721,0,0.570477,0.921592,0,0.0344897,0.163391,2,0,0.635524,1,0.183088,-3398436.257,1955587.592
1967,0,97.6106033,2415.820068,3,2.7850499,181.3800049,0.445576,4,189.4989929,11.9833002,55.7146988,0.46717,0.255881,0.232311,0.75376,0,0.713956,0.918907,0,0.172479,0.292109,2,1,0.763756,1,0.194017,-3780142.346,1760702.294
1968,0,80.7193985,0,5,7.6972299,487.1210022,0.457217,4,1155.949951,7.9401002,75.9529037,0.44714,0.435062,0.359874,0.0265484,0,0.362261,0.391143,2,0.0785071,0.560206,0,0,0.721059,0,0.210611,-3447790.898,1918125.699
1969,0,83.6067963,1026.150024,5,3.53442,534.7529907,0.488883,2,680.6920166,8.8395796,348.9530029,0.536199,0.477784,0.366923,0.0732854,0,0.419447,0.847048,0,0.349621,0.384845,0,0,0.759746,0,0.20216,-3807067.729,1671459.748
1970,0,68.6325989,0,3,4.3560901,286.9750061,0.430137,1,802.7399902,8.3912697,298.5910034,0.468309,0.465493,0.317383,0.172585,0,0.414877,0.760017,1,0.19469,0.279696,0,1,0.647236,0,0.209853,-3315845.741,1903914.589
1971,0,78.2055969,1024.829956,3,6.6275101,483.6929932,0.49814,2,881.875,9.1974096,71.3667984,0.409727,0.199091,0.199346,0.201989,0,0.281324,0.286681,1,0.0328257,0.402377,4,0,0.551074,0,0.20086,-3301346.33,1937738.011
1972,0,90.4069977,2440.189941,3,5.6435699,406.8389893,0.513622,1,660.1060181,11.1582003,84.8600006,0.397365,0.323792,0.173362,0.513325,0,0.47226,0.915307,0,0.13618,0.19851,3,0,0.70969,1,0.181415,-3277821.574,1955242.769
1973,0,120.2979965,0,2,10.0148001,614.8989868,0.560861,1,310.6430054,10.0100002,242.5599976,0.485339,0.456138,0.312488,0.0923694,0,0.685268,0.749548,0,0.356974,0.324343,5,0,0.655161,0,0.159177,-3906792.78,1689384.819
1974,0,97.5158005,3836.860107,3,2.74547,343.1119995,0.529218,1,219.2740021,12.2495003,227.8880005,0.351671,0.283181,0.344653,0.730547,0,0.580692,0.772508,0,0.0858931,0.165483,3,0,0.693417,1,0.178823,-3334678.566,1983520.419
1975,0,77.6369019,2032.329956,3,11.3144999,512.2130127,0.45946,4,576.4180298,9.2615099,5.9672098,0.452401,0.560135,0.686314,0.374802,0,0.573292,0.864623,0,0.178375,0.154399,2,0,0.741027,1,0.190149,-3503727.212,1885281.327
1976,0,94.4651031,0,2,0.615669,113.9020004,0.533287,2,837.9160156,8.77104,9.7779903,0.432681,0.485187,0.53759,0.0839112,0,0.50825,0.770721,0,0.0586927,0.322176,1,0,0.739329,1,0.171259,-3507553.285,1909008.815
1977,0,95.564003,2019.51001,3,3.7332499,449.4410095,0.553521,4,444.6419983,13.3830996,2.38147,0.332597,0.306196,0.350443,0.657563,0,0.611715,0.910787,0,0.112217,0.200096,1,0,0.713519,0,0.167435,-3110335.367,2015743.609
1978,0,83.0089035,1425.099976,3,3.7358601,337.2929993,0.4888,2,659.190979,10.9665003,287.7770081,0.414397,0.469944,0.22129,0.539738,0,0.538099,0.916092,0,0.106744,0.19501,3,0,0.773931,1,0.195233,-3270524.314,1950856.553
1979,0,81.142601,0,3,1.60314,155.4579926,0.515633,4,855.5200195,8.47223,71.2285995,0.446998,0.327619,0.315481,0.111267,0,0.388686,0.902301,0,0.0566591,0.299438,2,0,0.702278,1,0.198266,-3347923.943,1924785.975
1980,0,54.8815994,0,5,7.6726499,505.5190125,0.40448,2,320.3200073,6.82967,224.8130035,0.59955,0.446982,0.204676,0,0,0.525017,0.618608,0,0.302604,0.442089,1,0,0.541802,1,0.248959,-4130172.777,1465964.143
1981,0,82.5053024,0,3,4.1391001,388.2120056,0.484583,4,220.7949982,11.4302998,251.3639984,0.387229,0.443537,0.269303,0.605908,1,0.635246,0.819234,2,0.0997145,0.143611,2,0,0.693946,1,0.196391,-3267488.466,1956658.972
1982,0,59.0289993,0,6,6.1823401,381.9750061,0.364459,4,444.8280029,9.8519497,202.3600006,0.4523,0.422911,0.433313,0.243243,0,0.451686,0.824702,0,0.271943,0.300768,0,2,0.504279,0,0.224118,-3301963.313,1888382.392
1983,0,84.1555023,0,3,2.7211399,162.3829956,0.525921,2,1011.469971,8.4644203,144.6829987,0.453261,0.392308,0.170452,0.0581783,0,0.387473,0.902281,0,0.132249,0.335606,4,0,0.711727,1,0.20579,-3294236.406,1935429.034
1984,0,70.8727036,2415.23999,4,4.2921,215.9369965,0.488765,4,412.6419983,11.1659002,331.0289917,0.386396,0.486993,0.30456,0.577952,0,0.644007,0.471091,1,0.125423,0.199872,1,0,0.724433,1,0.20522,-3254267.062,1956382.947
1985,0,118.1470032,0,2,2.3892,367.6730042,0.512964,4,452.2810059,9.7586298,103.9219971,0.441164,0.376623,0.392427,0.192752,1,0.385217,0.510598,2,0.074683,0.464174,1,3,0.632096,0,0.173452,-3625639.43,1827294.256
1986,0,89.8837967,1000.01001,2,3.7712901,226.6490021,0.540033,1,422.8380127,10.9926004,194.5809937,0.373111,0.277261,0.302539,0.677566,0,0.514894,0.904581,0,0.113326,0.166594,2,0,0.683182,1,0.169549,-3330964.564,1956721.661
1987,0,60.6982002,0,5,4.1108198,617.085022,0.393561,1,373.7929993,8.0234499,156.5059967,0.510648,0.352047,0.312057,0,1,0.41513,0.448177,1,0.222457,0.711866,0,2,0.430702,0,0.249662,-3877743.056,1648138.289
1988,0,92.8944016,0,8,10.3704004,901.0560303,0.510403,2,489.4100037,9.7000504,56.3456001,0.402993,0.437518,0.570089,0.324667,0,0.566904,0.896738,0,0.0753816,0.194316,1,0,0.714125,1,0.162007,-3507071.086,1912152.296
1989,0,66.5386963,0,3,0.195991,167.6900024,0.471211,4,101.9240036,10.9390001,38.4967003,0.457295,0.302703,0.272802,0.508126,1,0.701011,0.856396,2,0.177428,0.322903,3,2,0.695237,0,0.22338,-3720312.291,1768141.125
1990,0,58.9314995,2022.229981,1,2.67804,424.9339905,0.392229,1,757.3560181,10.7011003,352.1910095,0.276669,0.108517,0.358281,0.349264,0,0.300499,0.268246,1,0.0802648,0.527246,0,0,0.4836,0,0.228421,-3203240.108,1950035.214
1991,0,92.2235031,0,2,9.4488897,427.7359924,0.535784,1,748.1599731,9.2994204,281.7929993,0.40873,0.303252,0.324699,0.276556,0,0.464105,0.913516,0,0.0634565,0.208398,3,0,0.674044,1,0.184307,-3352017.452,1936644.424
1992,0,77.9263992,0,2,3.1245899,306.4559937,0.446734,3,473.57901,9.3709002,72.5395966,0.426163,0.579296,0.565105,0.271253,0,0.61372,0.891383,1,0.169553,0.333873,1,2,0.683323,0,0.203959,-3585734.091,1822721.112
1993,0,97.8598022,1009.840027,3,4.08675,320.7539978,0.557353,1,504.7479858,12.2264004,181.1629944,0.240727,0.242092,0.249401,0.643536,0,0.474734,0.913143,0,0.0601239,0.178517,2,0,0.608252,0,0.170221,-3259255.787,2004990.985
1994,0,87.6547012,0,2,2.79228,566.0100098,0.538749,2,895.65802,7.35426,229.1600037,0.517068,0.356544,0.685905,0,0,0.47795,0.94588,0,0.0872798,0.63019,1,2,0.72941,0,0.214639,-3568236.908,1830107.065
1995,0,57.7815018,0,5,1.11933,621.0460205,0.414509,4,321.7319946,7.5355601,5.95997,0.54981,0.416764,0.444251,0,0,0.52959,0.870968,0,0.276987,0.63713,1,0,0.557628,0,0.259509,-3944359.477,1633294.718
1996,0,83.9648972,2001.300049,5,8.76894,426.1870117,0.492031,4,212.1649933,11.2557001,331.6329956,0.447402,0.243892,0.158153,0.621124,0,0.721512,0.614169,1,0.202462,0.441983,2,1,0.722854,0,0.202969,-3729682.971,1784150.099
1997,0,56.1941986,1020.669983,6,5.0351701,507.0859985,0.368986,4,587.0930176,10.5214996,237.3880005,0.436166,0.429818,0.49277,0.227685,0,0.421883,0.495371,0,0.273426,0.31618,0,1,0.536566,0,0.231427,-3299688.697,1870384.106
1998,0,104.6559982,0,3,2.35374,251.2030029,0.516336,4,219.4459991,11.5424995,23.3055,0.331776,0.164494,0.290548,0.696855,1,0.51414,0.697929,2,0.0304036,0.204286,2,0,0.58801,1,0.174225,-3426273.222,1968681.135
1999,0,75.5767975,1414.339966,5,4.21174,319.4179993,0.434039,4,141.8220062,12.7212,349.0910034,0.32695,0.290299,0.12368,0.529177,1,0.54854,0.457594,2,0.0720118,0.228492,0,1,0.598719,0,0.202998,-3205720.353,2014021.408
2000,0,96.7419968,1418.619995,3,5.0005698,238.602005,0.499529,1,267.0379944,11.4116001,262.8429871,0.377257,0.258681,0.0722771,0.62937,1,0.58767,0.816338,2,0.108163,0.327394,0,1,0.637633,0,0.18164,-3656225.089,1815918.577
2001,0,82.021698,1000,2,2.07883,127.75,0.528683,2,913.7329712,8.95755,279.8720093,0.443736,0.292128,0.181001,0.12829,0,0.415864,0.911971,0,0.0578877,0.284569,4,0,0.701848,1,0.182898,-3307567.477,1941283.755
2002,0,82.4597015,0,3,0.793168,186.2899933,0.514516,3,987.7299805,8.3968601,327.1560059,0.398329,0.422885,0.56303,0.035756,0,0.414459,0.726635,0,0.0300889,0.643186,2,0,0.702039,0,0.216018,-3540393.799,1896635.045
2003,0,68.2553024,2011.729981,5,1.1571,321.5950012,0.406734,4,384.6090088,12.7399998,349.0939941,0.356129,0.347892,0.438585,0.494121,1,0.547369,0.453369,1,0.147983,0.263742,1,1,0.672783,0,0.198386,-3088289.866,1981645.627
2004,0,96.492897,1016.950012,2,9.1569595,392.5710144,0.573385,4,229.2250061,11.6695995,197.3040009,0.487865,0.341359,0.0579635,0.678876,0,0.629975,0.892781,0,0.309417,0.169322,1,1,0.786132,0,0.183758,-3736481.077,1793732.898
2005,0,93.8896027,2427.540039,3,11.6183004,534.7800293,0.52465,1,690.1079712,10.4546003,134.5910034,0.372304,0.432245,0.220645,0.276251,1,0.618465,0.259548,0,0.154059,0.315523,1,0,0.704854,0,0.175804,-3236877.084,1967784.612
2006,0,92.3877029,3460.459961,2,8.4546404,633.9680176,0.533945,4,587.0880127,12.4022999,319.5190125,0.349987,0.267861,0.369849,0.69863,0,0.552808,0.893908,0,0.119027,0.19603,2,0,0.693819,1,0.173427,-3320787.049,1987509.791
2007,0,86.3376999,1000,3,3.9577799,281.8250122,0.520821,1,479.6319885,9.6468096,254.970993,0.374759,0.294008,0.329096,0.439646,1,0.484526,0.475127,2,0.0472963,0.134599,3,0,0.653708,1,0.179579,-3341498.811,1936134.525
2008,0,97.0320969,1414.569946,2,12.6918001,703.2979736,0.518909,4,339.7049866,10.8696003,203.2830048,0.379741,0.244127,0.402404,0.593799,0,0.540258,0.911159,0,0.0615246,0.0966362,3,0,0.69497,1,0.165113,-3384240.458,1947982.955
2009,0,78.2850037,0,5,1.43674,155.5350037,0.448831,4,121.5709991,9.9019299,73.9232025,0.500497,0.433247,0.459336,0.313789,0,0.514083,0.911281,0,0.257795,0.264908,1,2,0.716467,1,0.213803,-3824187.036,1680199.302
2010,0,88.4983978,1001.229981,5,8.3536396,425.8739929,0.469705,2,348.480011,11.4141998,102.7829971,0.362619,0.275338,0.285145,0.678257,0,0.510525,0.929443,0,0.10411,0.175675,2,0,0.69428,1,0.162072,-3209136.829,1975139.422
2011,0,76.7809982,1000.080017,3,1.48643,128.9869995,0.485057,4,110.1640015,11.0936003,101.6289978,0.458357,0.28058,0.187928,0.604585,0,0.712448,0.925769,0,0.151355,0.210904,1,1,0.734242,1,0.214721,-3746194.526,1760184.699
2012,0,80.0262985,3013.179932,3,2.5172701,365.7829895,0.457076,1,410.5889893,12.0286999,17.059,0.341626,0.276939,0.279448,0.674227,0,0.565629,0.81628,0,0.0892972,0.381157,0,0,0.671441,1,0.191013,-3211109.443,1986060.607
2013,0,61.3101997,0,5,7.8410802,575.2789917,0.43538,4,526.8790283,8.1347799,341.1390076,0.551128,0.647597,0.218885,0.0001717,1,0.499277,0.881878,0,0.339819,0.543222,1,0,0.544627,0,0.239733,-3725218.203,1665493.831
2014,0,63.0644989,0,3,4.7287798,383.8320007,0.401826,4,140.3209991,10.5942001,52.5167999,0.479556,0.418266,0.276328,0.303848,1,0.496207,0.693514,2,0.306081,0.356871,0,3,0.604943,0,0.212741,-3680560.23,1756904.999
2015,0,64.0851974,0,3,1.9457099,220.7259979,0.428143,2,739.5650024,8.3364601,246.9579926,0.482736,0.520839,0.426605,0.146365,0,0.39351,0.806294,0,0.202006,0.360634,0,1,0.636458,1,0.231397,-3330230.216,1874223.257
2016,0,84.553299,1023.530029,3,12.5698996,628.8660278,0.480111,4,450.7279968,9.7260399,258.1830139,0.372828,0.485067,0.633103,0.582707,0,0.633795,0.709071,0,0.134811,0.0986254,2,1,0.718851,1,0.156763,-3510047.275,1900034
2017,0,89.5064011,1005.440002,3,6.0576701,398.4349976,0.491476,3,288.1019897,10.7104998,271.5880127,0.364288,0.405385,0.614168,0.721053,0,0.629359,0.501151,0,0.0481791,0.148873,1,1,0.686023,1,0.176475,-3495320.39,1912316.068
2018,0,97.0979996,2007.640015,3,6.0942602,361.9830017,0.552267,1,326.1199951,12.2866001,105.8740005,0.171274,0.134749,0.275151,0.654337,1,0.528781,0.911637,2,0.0597633,0.153114,2,1,0.63607,0,0.174111,-3262860.186,2003239.955
2019,0,65.6404037,0,1,2.49652,385.5679932,0.419561,4,220.0110016,12.1234999,347.1809998,0.424074,0.281004,0.256681,0.44436,1,0.448102,0.368582,2,0.0727173,0.420656,1,1,0.55034,0,0.202972,-3164204.417,1965014.487
2020,0,77.1251984,1011.030029,4,6.3209901,283.7709961,0.447641,3,512.8640137,9.4906998,40.587101,0.431923,0.479703,0.487871,0.473869,0,0.58908,0.593418,0,0.104678,0.260464,2,0,0.680341,1,0.191538,-3415180.925,1921275.364
2021,0,96.1074982,0,5,3.20454,255.2149963,0.497505,4,433.5310059,9.9658298,17.5077991,0.459077,0.370448,0.481905,0.234894,0,0.509111,0.932878,0,0.18654,0.386737,2,1,0.694235,1,0.191567,-3795204.742,1699412.588
2022,0,98.3676987,0,5,3.90065,239.1269989,0.535723,4,680.526001,9.2967997,118.4199982,0.381358,0.226913,0.405231,0.219246,0,0.381466,0.853621,0,0.0436285,0.348893,1,1,0.664756,1,0.180296,-3430234.951,1941918.588
2023,0,94.5828018,1002.969971,3,6.6181102,473.2139893,0.542596,4,458.1130066,11.1851997,64.8757019,0.408051,0.24324,0.220779,0.659962,1,0.501202,0.867142,2,0.0960796,0.334086,1,0,0.687974,0,0.167574,-3231037.93,1983054.623
2024,0,88.9860992,1001.25,3,0.611601,218.6560059,0.506449,2,576.2719727,9.0413198,200.6179962,0.402218,0.306329,0.334954,0.318595,0,0.463872,0.915311,0,0.0556138,0.216222,3,0,0.667006,1,0.185799,-3354384.057,1932667.8
2025,0,101.3399963,0,3,1.70772,229.1880035,0.472155,4,63.1091003,12.9167004,96.0558014,0.362576,0.294537,0.0329393,0.701716,1,0.613525,0.853176,2,0.0931295,0.298107,2,0,0.665681,0,0.186224,-3416216.987,1985027.12
2026,0,77.3618011,0,3,2.6671,483.0419922,0.479585,4,33.3577003,10.0632,305.0440063,0.50969,0.308837,0.403349,0.230318,1,0.59747,0.844412,1,0.337034,0.199571,4,3,0.653462,1,0.195621,-3916570.684,1664921.639
2027,0,107.9660034,0,2,1.33869,345.0400085,0.578063,4,655.315979,9.1749496,297.5620117,0.488498,0.325606,0.343155,0.103024,0,0.597451,0.917036,1,0.247026,0.245653,1,2,0.685672,1,0.190389,-3641886.402,1796428.739
2028,0,69.1100006,0,5,6.1733799,618.2150269,0.459996,4,349.7980042,7.9759102,124.947998,0.538581,0.284813,0.389854,0.026722,0,0.617089,0.888539,0,0.328016,0.422912,3,3,0.642443,1,0.210107,-3935393.952,1652269.549
2029,0,64.509903,0,3,0.499849,233.2539978,0.427047,4,358.401001,11.6059999,136.7870026,0.468641,0.333213,0.302003,0.480006,0,0.442153,0.637281,1,0.0654846,0.391437,1,1,0.577842,0,0.220857,-3164967.24,1947662.439
2030,0,112.3069992,3844.350098,1,4.4720998,326.6549988,0.541268,1,537.5419922,11.3885002,112.6589966,0.367256,0.228138,0.345103,0.653249,0,0.492101,0.926342,0,0.0620371,0.179025,4,0,0.680717,1,0.173046,-3364992.754,1962162.518
2031,0,64.4475021,2009.73999,3,1.60127,136.0180054,0.429518,2,564.6469727,10.9513998,192.8730011,0.424135,0.436908,0.346299,0.53733,1,0.57144,0.658514,1,0.0832632,0.311236,1,0,0.672551,0,0.218188,-3251556.001,1948350.338
2032,0,108.2300034,0,5,2.73088,556.0830078,0.504602,4,539.6660156,8.8892403,326.1960144,0.477004,0.347774,0.290184,0.0814755,0,0.615121,0.889288,0,0.209187,0.440122,3,2,0.709965,1,0.190274,-3789913.875,1691416.008
2033,0,72.764801,1000,3,5.55515,299.197998,0.437357,1,763.7800293,10.5452995,350.230011,0.301834,0.125884,0.275646,0.397308,0,0.377329,0.469366,1,0.0971956,0.498881,0,0,0.656661,1,0.200148,-3208707.458,1961701.174
2034,0,59.9099007,1000.119995,3,4.03122,200.9600067,0.445787,2,710.0280151,9.8537302,46.0525017,0.458784,0.346715,0.329959,0.336386,0,0.376912,0.67156,1,0.13875,0.513797,1,0,0.648131,0,0.219327,-3240477.385,1935039.368
2035,0,111.3330002,1443.550049,3,3.4427199,504.1849976,0.527145,1,988.7160034,8.6904097,355.3150024,0.479499,0.33834,0.227519,0.0299015,0,0.629371,0.53423,0,0.195074,0.789074,2,3,0.707023,1,0.199668,-3776477.348,1694055.856
2036,0,82.3007965,1001.309998,3,8.8032999,455.8599854,0.506277,4,272.1650085,10.2257996,237.6399994,0.433511,0.497063,0.538621,0.514888,1,0.698154,0.826636,2,0.203097,0.149731,2,1,0.69479,1,0.178435,-3593621.886,1851436.144
2037,0,66.4890976,2001.310059,3,4.97018,244.7539978,0.421493,2,302.04599,12.3429003,273.7430115,0.385941,0.320697,0.393055,0.444731,1,0.500579,0.584642,2,0.13236,0.207992,1,0,0.63488,0,0.204245,-3094488.643,1973970.164
2038,0,101.0839996,0,5,1.2799799,265.7520142,0.489963,4,385.3469849,9.8514204,222.4179993,0.459437,0.374257,0.448541,0.219809,0,0.534986,0.929688,0,0.20966,0.357264,2,1,0.695409,1,0.181547,-3786876.681,1699352.526
2039,0,71.7136993,1000.030029,3,8.7291098,519.8699951,0.438894,1,602.0349731,10.4914999,160.0449982,0.302434,0.120862,0.2674,0.439754,0,0.367741,0.757606,1,0.111,0.361195,0,0,0.635665,0,0.200262,-3211916.866,1962055.3
2040,0,93.5472031,2416.370117,3,2.4169099,153.9539948,0.503362,4,400.6300049,11.6302004,130.6269989,0.366848,0.275704,0.239585,0.714288,0,0.50727,0.885293,1,0.0991778,0.216752,3,1,0.677826,1,0.190773,-3284849.444,1960669.502
2041,0,88.990303,2011.229981,3,5.5327301,330.4440002,0.478149,4,292.019989,10.5738001,17.5055008,0.386516,0.436905,0.609692,0.701576,0,0.675,0.738188,1,0.0714022,0.246346,1,0,0.716923,1,0.167717,-3500672.352,1911503.675
2042,0,96.6090012,1416.73999,3,4.51928,272.9909973,0.52974,4,482.0820007,10.8386002,259.348999,0.360205,0.212185,0.384955,0.617657,0,0.532478,0.924644,0,0.0432676,0.205406,2,0,0.677908,1,0.17831,-3410973.133,1954821.281
2043,0,77.1668015,1004.02002,2,0.72712,149.7079926,0.452098,4,167.2910004,11.3727999,69.9421997,0.346162,0.139371,0.295766,0.675518,0,0.541265,0.926629,0,0.136543,0.364375,0,2,0.685567,1,0.211749,-3770034.336,1742661.551
2044,0,67.3548965,2419.159912,3,1.72602,338.0369873,0.49014,4,417.348999,10.3919001,120.2139969,0.467524,0.291458,0.27138,0.469489,0,0.664926,0.930948,0,0.159253,0.255775,3,0,0.728554,1,0.226932,-3712500.54,1753770.327
2045,0,59.7248993,1002.789978,3,4.2312298,242.5939941,0.457387,4,391.8980103,10.0767002,317.7449951,0.469069,0.310593,0.247181,0.387505,0,0.633949,0.879416,0,0.251781,0.299802,0,0,0.66481,1,0.215849,-3677973.826,1750629.85
2046,0,103.2220001,1001.150024,3,2.9474101,137.8059998,0.536207,4,483.0620117,10.7077999,302.8009949,0.355442,0.208191,0.387115,0.624081,0,0.559365,0.910748,0,0.039051,0.202714,2,0,0.66617,1,0.179531,-3423607.95,1958219.099
2047,0,77.6492996,1022.390015,5,3.5028901,519.0490112,0.415644,1,281.1409912,13.4905005,190.3580017,0.398924,0.385547,0.421561,0.498776,0,0.561414,0.68585,0,0.0968579,0.141893,0,0,0.692669,0,0.179273,-3102401.08,2005623.408
2048,0,70.6617966,1414.550049,1,4.0494599,233.1269989,0.431839,4,138.720993,12.5045996,139.7429962,0.282572,0.234977,0.247085,0.456926,1,0.551627,0.737099,2,0.0780015,0.552304,2,0,0.539103,0,0.197626,-3203199.651,1995055.041
2049,0,66.0268021,0,5,5.2195301,246.4960022,0.408155,2,713.3109741,7.9461598,165.4819946,0.487471,0.539704,0.36695,0.0774292,0,0.339691,0.905089,1,0.226075,0.517543,0,0,0.631057,1,0.244624,-3423854.91,1789684.192
2050,0,99.2954025,2414.439941,3,9.6311598,506.9400024,0.481003,2,122.6679993,12.0211,103.314003,0.277551,0.14904,0.437891,0.575533,1,0.440239,0.325135,2,0.0329649,0.217007,3,0,0.511138,0,0.17978,-3350900.853,1955027.072
2051,0,66.0811996,1020.23999,1,4.3961101,440.2000122,0.43248,4,504.9930115,11.9633999,20.3115005,0.445881,0.323806,0.288345,0.509532,1,0.466454,0.51923,1,0.0835026,0.350107,1,1,0.582248,0,0.204144,-3161058.505,1954730.702
2052,0,74.4007034,2000.680054,3,1.93195,151.1439972,0.487357,4,209.4340057,10.9674997,172.102005,0.462307,0.279126,0.190484,0.556289,0,0.697029,0.930219,0,0.162816,0.286313,1,0,0.738831,1,0.218595,-3740722.336,1761235.405
2053,0,81.8906021,1011.229981,3,4.90345,360.7630005,0.520402,1,1107.709961,8.03016,216.1499939,0.454636,0.324741,0.29488,0.0455215,1,0.357802,0.910372,1,0.057032,0.392685,2,0,0.733632,1,0.208249,-3352271.6,1922131.26
2054,0,62.7230988,2026.199951,3,3.53442,476.7279968,0.440832,2,693.8369751,8.5039902,292.2279968,0.496635,0.53077,0.404191,0.156947,0,0.404029,0.895134,0,0.236721,0.383075,0,1,0.680713,1,0.231934,-3318256.065,1868731.843
2055,0,55.1899986,1416.479981,5,5.1561499,291.45401,0.368108,5,441.1059875,10.4413004,132.4299927,0.44404,0.554735,-0.225086,0.146686,0,0.330979,0.747617,1,0.365632,0.645701,1,0,0.507359,0,0.242025,-3504125.285,1711230.543
2056,0,85.1828995,1062.630005,2,13.0088997,681.7789917,0.534747,4,1041.599976,8.1991596,217.1089935,0.496893,0.610735,0.65776,0.021691,0,0.611775,0.911695,0,0.247333,0.340807,1,1,0.744305,0,0.199575,-3578350.336,1827002.918
2057,0,94.9550018,0,3,2.3141799,275.4060059,0.491239,4,200.4149933,13.1274004,260.7640076,0.257985,0.304216,0.521104,0.635614,1,0.520017,0.88804,0,0.0512424,0.206096,2,0,0.58908,0,0.186492,-3312132.347,2000218.053
2058,0,54.0374985,0,5,2.37112,198.8430023,0.383793,4,236.2409973,10.1569004,128.9530029,0.438251,0.423344,0.188039,0.16898,1,0.347812,0.770397,2,0.301422,0.442602,2,4,0.442515,0,0.238097,-3640249.252,1744172.203
2059,0,77.1812973,2019.969971,3,4.2228999,242.9089966,0.421512,4,207.4349976,10.9123001,198.2680054,0.537606,0.445353,0.125268,0.581651,1,0.623619,0.685454,2,0.117027,0.352636,0,0,0.756389,0,0.209869,-3662504.103,1786907.158
2060,0,74.5119019,1414.709961,5,5.8916202,377.9679871,0.401402,4,218.7339935,12.3794003,263.6229858,0.324788,0.201527,0.228627,0.441073,1,0.489312,0.530359,2,0.0544457,0.450422,0,0,0.492617,0,0.202126,-3213397.068,1998692.851
2061,0,76.4639969,0,3,8.58146,522.7189941,0.485084,3,443.598999,8.91751,117.1579971,0.400655,0.500666,0.640074,0.403886,0,0.526997,0.789615,0,0.160421,0.186849,1,0,0.709776,0,0.190448,-3490808.519,1891076.891
2062,0,55.1991997,0,5,5.5999799,249.1999969,0.38482,4,459.0859985,10.4464998,265.4190063,0.464018,0.697292,0.0267347,0.115616,0,0.49445,0.862703,0,0.381917,0.253265,1,1,0.604665,0,0.217262,-3430559.211,1711342.222
2063,0,76.9542007,0,5,2.05598,118.0080032,0.496746,4,101.310997,10.7721004,138.4850006,0.488978,0.217597,0.38314,0.337076,0,0.726984,0.900484,0,0.235725,0.213473,4,4,0.649737,1,0.198706,-3922513.38,1671580.929
2064,0,68.2416992,0,5,1.95025,107.5999985,0.425491,1,78.0876007,11.5073004,200.3580017,0.46995,0.444786,0.19165,0.492269,1,0.584232,0.878277,2,0.0749119,0.419026,0,0,0.707069,0,0.206214,-3680021.175,1800626.867
2065,0,98.1343002,1000.859985,2,3.3266499,172.8919983,0.536224,4,66.2068024,11.8421001,10.7615995,0.441636,0.293341,0.0711777,0.750912,1,0.690877,0.668927,2,0.233374,0.448693,1,0,0.749612,0,0.186097,-3759737.276,1778694.61
2066,0,83.9765015,2035.560059,2,10.7076998,467.8970032,0.528931,2,855.5609741,9.5951595,67.0391006,0.434158,0.28425,0.193924,0.175361,0,0.414627,0.889145,0,0.078145,0.261512,4,0,0.703792,1,0.170667,-3306751.773,1945220.53
2067,0,83.180603,1417.819946,3,5.7322798,509.2770081,0.474285,1,1013.080017,8.6850405,51.1898003,0.478432,0.45849,0.564298,0.0451307,1,0.522022,0.425009,2,0.17683,0.535626,1,2,0.65261,0,0.206673,-3598784.255,1823798.559
2068,0,91.754303,1022.25,3,6.1350198,427.6530151,0.522488,4,694.8380127,10.1091003,296.3959961,0.410704,0.257093,0.424396,0.468917,0,0.503024,0.913969,0,0.0518329,0.224613,2,0,0.698382,1,0.186536,-3394951.217,1939747.386
2069,0,74.1491013,0,3,9.0273895,595.6439819,0.435195,4,661.2550049,8.6704998,231.6119995,0.458803,0.57766,0.633885,0.280282,0,0.55114,0.723106,0,0.176544,0.321619,1,1,0.736849,1,0.19992,-3484974.509,1887331.863
2070,0,64.6268997,0,7,1.63062,342.2049866,0.469486,4,545.5889893,8.7596903,148.4929962,0.507129,0.363938,0.203721,0.0547556,0,0.522835,0.917606,0,0.220256,0.539347,0,0,0.680966,1,0.23661,-3715807.656,1697051.455
2071,0,96.8259964,1414.300049,3,1.55446,157.5410004,0.499977,4,327.0920105,11.8494997,141.4790039,0.354977,0.278047,0.279022,0.699612,0,0.516844,0.812651,1,0.0984048,0.234943,2,0,0.674838,0,0.18828,-3283869.239,1963957.684
2072,0,80.7901001,2019.26001,2,3.84425,417.5679932,0.510465,2,1181.859985,7.9051499,107.2649994,0.480222,0.316149,0.300845,0.0345503,0,0.33829,0.737181,0,0.0506338,0.511615,1,0,0.727939,1,0.210992,-3353310.139,1918582.957
2073,0,89.6177979,2423.290039,3,4.4253001,296.9089966,0.498642,1,290.5,13.4179001,326.4700012,0.38315,0.345301,0.406089,0.595642,0,0.559542,0.735122,0,0.0792215,0.139158,2,0,0.712058,0,0.171218,-3099083.835,2012614.292
2074,0,67.5688019,3004.620117,3,1.17979,140.1820068,0.475585,4,221.2189941,10.7292995,240.7460022,0.455362,0.286027,0.244017,0.531338,0,0.679192,0.926399,0,0.144825,0.240838,2,0,0.726171,1,0.225319,-3728573.894,1757109.252
2075,0,100.0999985,1416.180054,4,7.6675301,422.8739929,0.52717,4,687.8120117,9.3761196,7.3081698,0.439262,0.526497,0.485274,0.114535,1,0.642365,0.369415,1,0.21081,0.41667,1,2,0.705057,0,0.185986,-3611472.463,1834789.791
2076,0,94.2201004,1000.140015,2,0.940269,61.5890007,0.548706,2,988.802002,8.6777802,346.1430054,0.446282,0.494502,0.517004,0.0341451,0,0.436409,0.901679,0,0.0382084,0.338988,1,0,0.748692,1,0.175934,-3512052.274,1911264.06
2077,0,88.2931976,1000.580017,2,2.18975,138.0209961,0.508952,1,619.9069824,10.6975002,86.004303,0.399267,0.454867,0.155192,0.494396,0,0.577857,0.920101,0,0.0766125,0.246322,6,1,0.759732,0,0.194667,-3292867.142,1953065.632
2078,0,80.8768005,0,5,0.681079,285.1740112,0.46848,4,274.5580139,10.4369001,252.1849976,0.508084,0.240705,0.279347,0.280385,0,0.623475,0.908305,0,0.179268,0.292615,0,1,0.675162,1,0.21013,-3872494.4,1702620.239
2079,0,100.5319977,0,3,2.85479,248.375,0.524491,4,311.2579956,11.2210999,42.0674019,0.336615,0.202033,0.346188,0.696307,0,0.566059,0.794271,0,0.0374808,0.191064,2,0,0.655234,0,0.178921,-3422473.774,1962280.93
2080,0,97.2232971,1001.700012,3,1.88432,201.9230042,0.520035,4,723.8670044,9.7755098,24.6046009,0.379501,0.228204,0.4312,0.296317,0,0.409432,0.855154,0,0.040962,0.256218,0,1,0.66801,1,0.191389,-3426269.579,1944766.866
2081,0,66.4332962,0,5,2.4581299,294.526001,0.414338,4,277.3959961,10.2171001,10.1824999,0.523058,0.437181,0.16759,0.17177,1,0.507609,0.387269,2,0.116316,0.525025,0,3,0.597434,0,0.224674,-3642021.787,1773449.614
2082,0,84.3848038,0,8,3.28232,650.0809937,0.498903,4,569.2589722,9.1870804,11.1360998,0.423006,0.321939,0.343046,0.242171,0,0.438736,0.92102,0,0.0610841,0.242944,3,0,0.680544,1,0.189068,-3349228.463,1930221.291
2083,0,80.7371979,1414.26001,3,0.872896,121.4160004,0.483065,4,211.9360046,11.2410002,145.3670044,0.454674,0.27306,0.165857,0.627778,0,0.710386,0.907641,0,0.146671,0.22069,0,1,0.741345,1,0.209657,-3749247.298,1763388.339
2084,0,59.8749008,0,3,3.32833,307.2739868,0.411579,4,449.6619873,9.1198397,286.2139893,0.478074,0.579325,0.101545,0.101634,0,0.383995,0.88904,1,0.281958,0.304709,0,0,0.507357,0,0.229588,-3443471.142,1737344.688
2085,0,75.8243027,2838.649902,1,6.1416998,356.1270142,0.467193,4,343.677002,12.3325996,235.5099945,0.275321,0.246219,0.249713,0.609479,0,0.535566,0.179218,0,0.0813191,0.46257,1,0,0.595977,0,0.195428,-3201700.553,1991862.07
2086,0,59.5901985,1000.119995,4,14.4780998,701.242981,0.413242,4,472.9129944,9.5783396,77.5133972,0.484806,0.416679,0.391346,0.140418,0,0.451565,0.806585,0,0.384948,0.367226,0,1,0.623044,0,0.210393,-3610685.263,1774073.086
2087,0,78.7559967,1034.979981,5,7.6279602,561.7589722,0.473615,4,446.7770081,9.5759296,122.6340027,0.527382,0.411827,0.436191,0.220635,0,0.495763,0.833361,0,0.344455,0.408336,1,2,0.744571,1,0.196026,-3831622.175,1679265.976
2088,0,62.5163002,1011.380005,5,2.07586,400.9079895,0.439211,4,659.8569946,9.1985798,158.7250061,0.281504,0.189246,0.537598,0.126379,0,0.323974,0.757885,2,0.108961,0.483484,0,1,0.464343,0,0.2343,-3587396.606,1786654.726
2089,0,86.905899,0,3,0.886901,80.3591003,0.53048,1,402.7780151,11.6382999,260.1659851,0.271861,0.25104,0.238865,0.63927,1,0.555399,0.840814,2,0.0475856,0.252312,1,0,0.541559,0,0.181952,-3238277.63,1988894.671
2090,0,90.653801,2477.159912,1,7.2969599,819.0809937,0.56247,1,1074.459961,8.8924103,242.8399963,0.433275,0.303515,0.260472,0.121686,0,0.397032,0.856453,0,0.0751332,0.173661,3,0,0.710473,1,0.179811,-3342444.075,1939051.98
2091,0,135.0720062,3863.77002,2,6.8769102,594.7910156,0.569917,3,751.1069946,10.6569996,108.9079971,0.362626,0.40387,0.440748,0.497851,0,0.569387,0.917527,0,0.113151,0.232921,2,1,0.728703,1,0.156763,-3478624.973,1943451.861
2092,0,61.3414993,0,5,5.44065,363.7369995,0.454764,1,770.2800293,8.3016996,117.3929977,0.481464,0.486486,0.282007,0.129134,0,0.408484,0.910842,1,0.231328,0.497066,0,0,0.696601,0,0.216752,-3299711.234,1899554.526
2093,0,81.1215973,2864.73999,3,2.59284,647.3120117,0.54907,4,1355.77002,7.7398701,284.1759949,0.488346,0.353212,0.227805,0.0254038,0,0.370628,0.898262,0,0.082056,0.545781,1,0,0.753646,0,0.201041,-3333944.874,1923543.524
2094,0,85.9056015,1422.130005,2,7.0851898,585.4299927,0.499854,4,256.631012,10.5129004,56.7372017,0.451081,0.292582,0.388446,0.40345,0,0.647371,0.883247,0,0.201438,0.323769,0,1,0.705347,1,0.180737,-3773227.974,1718223.886
2095,0,79.3751984,2419.780029,2,8.9580898,517.9240112,0.482588,3,722.4299927,9.9749699,50.3967018,0.421497,0.286585,0.473887,0.389485,0,0.487579,0.6841,0,0.0777829,0.276015,3,0,0.672089,1,0.178614,-3392937.504,1926693.27
2096,0,82.6669998,0,2,2.83534,177.4750061,0.522394,3,897.9240112,8.4975004,261.1539917,0.402703,0.503826,0.562143,0.0528448,0,0.499303,0.831413,0,0.051038,0.441613,2,0,0.7388,1,0.199564,-3537693.913,1898394.78
2097,0,85.0455017,1000.01001,2,4.0373902,189.3659973,0.468478,4,741.8619995,8.7811499,7.0320101,0.263078,0.136004,0.440856,0.181167,0,0.409919,0.806974,0,0.0864617,0.327447,2,0,0.575652,1,0.198265,-3447003.701,1924528.805
2098,0,88.4589996,3835.350098,3,1.67501,178.779007,0.531641,4,344.5759888,11.2437,307.5759888,0.458489,0.266364,0.0867518,0.574754,0,0.70453,0.936991,0,0.144931,0.331131,4,0,0.749895,0,0.198293,-3750811.084,1772012.841
2099,0,66.7060013,1419.76001,3,4.8122902,370.3819885,0.437419,4,494.368988,11.9709997,25.9778004,0.450341,0.381898,0.311849,0.481438,1,0.481962,0.79334,2,0.111396,0.401786,2,1,0.631301,0,0.207347,-3153935.553,1948797.312
2100,0,82.832901,0,2,2.46156,184.4859924,0.492797,4,914.3870239,8.4095602,216.6360016,0.398575,0.310718,0.612594,0.040431,0,0.320729,0.808895,0,0.0400745,0.55077,2,0,0.687462,1,0.221128,-3542885.331,1888256.976
2101,0,89.6196976,1457.949951,2,9.9618301,489.6489868,0.548486,4,779.802002,9.0208397,249.098999,0.456093,0.574838,0.615613,0.122502,0,0.636032,0.89992,0,0.229126,0.315737,4,2,0.746269,0,0.194811,-3583769.521,1848062.872
2102,0,87.6555023,1015.890015,2,4.3306098,421.7130127,0.472599,4,332.7330017,11.0986996,120.1159973,0.351714,0.332909,0.59851,0.714402,1,0.592512,0.712011,1,0.0503087,0.171986,0,1,0.635109,1,0.178867,-3501006.582,1917654.1
2103,0,62.1118011,0,6,3.3377399,186.8359985,0.384044,2,544.0889893,8.8676004,37.7414017,0.446867,0.542494,0.438241,0.159881,0,0.393311,0.804311,0,0.260889,0.387163,0,0,0.567176,0,0.231281,-3390021.694,1797439.74
2104,0,66.9629974,1028.26001,3,6.8505502,438.5249939,0.499628,4,708.9959717,9.1556997,50.7630997,0.497203,0.337469,0.224258,0.112861,0,0.555441,0.921172,0,0.228219,0.385141,3,2,0.709182,1,0.225455,-3712336.861,1710837.361
2105,0,97.9796982,0,2,1.07556,105.9779968,0.500796,4,99.8114014,13.2777004,41.2944984,0.325756,0.298277,0.401856,0.66912,0,0.607197,0.888506,1,0.056156,0.169215,4,0,0.672255,1,0.184226,-3346147.285,1997003.275
2106,0,79.0549011,1000.030029,3,4.0886698,262.0130005,0.477103,4,182.7740021,11.1966,315.3089905,0.452198,0.282371,0.240351,0.647308,0,0.718737,0.924307,0,0.178621,0.197779,1,1,0.720855,1,0.209088,-3753693.085,1750793.036
2107,0,70.8149033,1440.52002,2,4.1310101,539.315979,0.459965,4,787.6359863,9.2691898,342.3240051,0.511741,0.50914,0.461389,0.116732,0,0.537128,0.262123,1,0.121237,0.42047,0,2,0.682996,0,0.210827,-3611932.294,1801996.737
2108,0,91.9744034,3056.929932,2,10.9717999,525.9619751,0.512183,2,737.302002,9.3449202,22.6667995,0.464844,0.479941,0.582455,0.373946,0,0.580305,0.640987,0,0.102538,0.183381,2,0,0.740997,1,0.16272,-3502968.815,1907315.433
2109,0,99.0718002,0,2,2.5341899,416.355011,0.5262,2,1055.050049,7.5165901,276.1480103,0.525503,0.491682,0.482937,0,0,0.675733,0.580617,0,0.0710181,0.484669,1,1,0.728662,0,0.198045,-3612273.3,1812416.522
2110,0,95.3364029,1423.150024,3,3.4502399,404.8590088,0.480729,1,325.5679932,12.7334995,148.298996,0.302926,0.275829,0.412697,0.680413,0,0.588938,0.782108,0,0.0816746,0.205893,2,0,0.658492,0,0.185663,-3342369.881,1981649.027
2111,0,62.899601,1505.439941,3,10.3912001,649.7280273,0.454347,4,614.5739746,8.0516796,218.4250031,0.533159,0.326899,0.36303,0,0,0.568557,0.439838,1,0.240543,0.535992,4,3,0.629802,1,0.22236,-3912536.016,1645534.74
2112,0,65.3939972,1000.109985,3,3.3308301,179.2420044,0.447203,2,669.1480103,9.9866104,157.8560028,0.448322,0.332176,0.308031,0.336124,0,0.40701,0.722215,0,0.122981,0.515317,1,0,0.656961,0,0.22467,-3250200.297,1938936.381
2113,0,104.0889969,2003.98999,1,8.0268097,466.6499939,0.569611,4,561.0759888,9.8724699,147.9080048,0.470463,0.27875,0.264066,0.199601,0,0.61409,0.877898,0,0.272191,0.380921,2,0,0.695798,1,0.185421,-3644334.857,1800883.43
2114,0,74.9297028,1003.409973,5,7.6132302,445.4020081,0.478239,4,117.7009964,9.9871397,55.3009987,0.504354,0.245819,0.397242,0.216355,0,0.710269,0.906519,0,0.310216,0.212647,4,3,0.655997,1,0.194599,-3920073.865,1664437.552
2115,0,94.2612991,1414.23999,3,1.64724,202.246994,0.530616,4,599.0670166,10.9404001,294.322998,0.403735,0.247605,0.234317,0.466434,0,0.485698,0.496969,1,0.0745734,0.282379,1,1,0.662223,1,0.1835,-3233979.32,1976367.203
2116,0,91.0927963,1000.48999,2,0.683894,138.6100006,0.469692,2,185.2389984,12.3469,172.3269958,0.307399,0.308638,0.396507,0.499331,1,0.53709,0.901378,2,0.0821878,0.250015,2,0,0.627938,0,0.195715,-3286857.077,1969138.697
2117,0,112.4459991,0,3,5.84343,519.414978,0.520929,2,287.3599854,11.4414997,100.5999985,0.35221,0.198759,0.293042,0.649476,0,0.529889,0.856241,0,0.0474538,0.141338,1,0,0.678747,1,0.170771,-3431503.22,1969632.903
2118,0,89.5911026,2104.340088,5,10.6187,576.2949829,0.537561,2,1077.5,8.4324102,313.7210083,0.448742,0.301911,0.339054,0.0916643,0,0.382528,0.98346,0,0.101479,0.2304,1,0,0.701344,1,0.171467,-3422895.77,1931964.161
2119,0,73.1677017,3830.179932,3,3.30023,273.8150024,0.423648,4,204.1869965,12.5170002,117.3799973,0.361619,0.302728,0.248133,0.531313,0,0.463543,0.712105,0,0.0880969,0.248872,1,1,0.641121,0,0.20147,-3167667.646,1979953.785
2120,0,79.3202972,0,3,2.2353401,365.651001,0.483582,4,274.2250061,9.7548199,326.7479858,0.497817,0.339814,0.405132,0.246105,0,0.590564,0.879649,0,0.22521,0.416003,0,2,0.739116,1,0.207974,-3835713.323,1691520.052
2121,0,69.5045013,1023.289978,5,5.1947699,419.4790039,0.423325,2,969.6350098,7.7072201,355.5150146,0.533709,0.601495,0.329177,0.0861102,0,0.500336,0.7068,1,0.129552,0.486702,0,0,0.712344,0,0.234095,-3406234.304,1829656.869
2122,0,77.3548965,1436.540039,3,5.7304502,575.9869995,0.446129,4,608.5460205,9.6219997,44.584301,0.509053,0.320033,0.422035,0.221553,0,0.617347,0.924103,0,0.28452,0.318437,0,2,0.736578,1,0.197414,-3835637.675,1684021.429
2123,0,57.3448982,1000.369995,3,0.254643,106.651001,0.462955,4,250.1119995,10.5311003,220.1999969,0.426778,0.347892,0.296278,0.421307,0,0.614783,0.821851,0,0.118757,0.2292,4,2,0.677985,1,0.233441,-3720170.89,1738986.236
2124,0,97.5131989,1000.049988,1,1.90877,194.0449982,0.579734,1,585.5949707,11.2609997,237.6390076,0.365492,0.344639,0.118364,0.599537,0,0.561241,0.923647,0,0.100394,0.181788,1,1,0.704014,0,0.182153,-3270467.308,1969837.762
2125,0,86.8360977,1002.119995,3,3.881,305.6520081,0.524374,2,865.4650269,8.3992701,161.7960052,0.450397,0.317858,0.322308,0.0730104,0,0.373371,0.901671,0,0.0633657,0.361992,3,0,0.714128,1,0.199675,-3360490.279,1925809.348
2126,0,91.4682007,0,3,0.702956,233.4550018,0.493713,4,410.8569946,9.9562597,187.9960022,0.476573,0.378918,0.466948,0.229243,0,0.515913,0.936798,0,0.176,0.229941,0,1,0.714653,1,0.206276,-3812410.737,1697091.006
2127,0,100.4779968,2418.709961,2,7.8214898,486.8380127,0.533409,4,408.9840088,10.4195004,90.2173004,0.453115,0.286527,0.165062,0.355641,1,0.635122,0.907423,2,0.207807,0.360284,1,1,0.702378,0,0.185111,-3651071.044,1801368.773
2128,0,106.2900009,2006.229981,2,2.5819299,272.1180115,0.531924,1,327.1659851,11.7753,121.9980011,0.378876,0.230252,0.213105,0.670907,0,0.690783,0.734802,0,0.120539,0.251015,1,2,0.677156,0,0.178442,-3657225.036,1830230.46
2129,0,78.0177994,1002.01001,3,1.04722,109.8410034,0.430281,4,133.3540039,13.1459999,19.2397003,0.275882,0.357933,0.150988,0.498235,1,0.479701,0.524624,2,0.0427849,0.272112,2,1,0.54405,0,0.202913,-3190350.135,2019193.6
2130,0,94.9344025,3434.830078,3,5.7500901,329.75,0.54944,1,522.1900024,12.3205996,114.8779984,0.179836,0.12775,0.315773,0.64629,0,0.489855,0.853032,0,0.0567761,0.166228,3,0,0.636043,0,0.172773,-3277805.174,1995439.413
2131,0,116.586998,1428.859985,2,3.86374,646.4959717,0.586197,1,533.6859741,11.2721004,195.8630066,0.403089,0.249046,0.214836,0.560878,0,0.655801,0.80262,0,0.166671,0.135037,0,2,0.700893,0,0.159827,-3649996.272,1829489.499
2132,0,54.7844009,1022.380005,5,1.24955,567.7700195,0.342093,4,606.7319946,10.1799002,32.2290993,0.413752,0.622113,0.265945,0.0949356,0,0.267521,0.603686,0,0.176845,0.676909,1,2,0.43344,0,0.241241,-3517785.236,1669097.004
2133,0,90.7883987,2419.179932,2,8.5383196,393.0750122,0.554535,4,376.5660095,11.8277998,31.8418999,0.185973,0.140277,0.203588,0.649053,0,0.521273,0.873592,0,0.0687156,0.190888,1,2,0.638422,0,0.166139,-3250373.909,1998690.578
2134,0,84.8925018,0,3,5.8537798,362.1919861,0.494507,1,672.184021,10.0607996,196.4689941,0.425921,0.413507,0.256083,0.364178,0,0.466279,0.89971,0,0.154818,0.248699,2,0,0.719994,0,0.19791,-3269706.024,1939460.945
2135,0,61.7196007,0,5,2.5401001,188.6269989,0.419914,2,772.5739746,8.6133499,299.0700073,0.4677,0.421311,0.257306,0.175929,0,0.425778,0.748413,1,0.168839,0.618883,1,0,0.560681,0,0.228495,-3284832.576,1909423.252
2136,0,87.5431976,1414.479981,3,5.9466901,368.8320007,0.488401,4,373.3819885,9.9810801,245.9450073,0.405312,0.38164,0.510005,0.392232,1,0.511948,0.503331,2,0.111317,0.38127,1,2,0.571194,0,0.196477,-3599795.944,1841565.683
2137,0,89.009697,2007.280029,7,8.4953003,402.0740051,0.511205,2,1298.920044,7.1992502,267.9110107,0.477076,0.560995,0.311936,0.0045283,0,0.544799,0.907313,0,0.107904,0.607783,0,0,0.736137,1,0.218427,-3463549.605,1912394.097
2138,0,100.9420013,1038.329956,2,9.3425102,812.9879761,0.566212,5,974.5280151,9.59519,351.019989,0.42478,0.272836,0.3198,0.239628,0,0.439924,0.955274,0,0.0730721,0.209635,3,0,0.703112,1,0.165334,-3357989.339,1943491.833
2139,0,62.1329994,1001.25,6,7.5240798,445.4020081,0.412361,4,533.1099854,8.8115501,269.2399902,0.491755,0.576711,0.10703,0.0956149,0,0.355845,0.877687,0,0.290246,0.395525,0,0,0.610804,0,0.231397,-3450519.759,1736799.116
2140,0,131.7810059,0,1,3.0104401,182.7890015,0.581363,4,599.2919922,10.6197996,75.1727982,0.371989,0.191794,0.317213,0.412097,0,0.321847,0.927599,0,0.0417455,0.25529,2,1,0.666176,1,0.17099,-3443845.631,1968690.089
2141,0,85.5129013,0,3,3.8919899,193.3809967,0.482413,1,208.5870056,11.9694996,118.4779968,0.302425,0.281829,0.383228,0.674845,1,0.542061,0.905161,1,0.0912927,0.181405,2,0,0.655505,0,0.178162,-3324371.852,1964654.21
2142,0,75.7041016,0,2,4.3336401,422.0130005,0.497191,3,761.0239868,7.9105301,149.3410034,0.475348,0.603358,0.665205,0.0198974,0,0.55711,0.55655,0,0.199372,0.487803,2,1,0.725569,0,0.19576,-3571711.067,1805032.977
2143,0,95.1328964,0,3,3.8475499,207.7319946,0.467569,4,165.826004,12.4946003,311.0039978,0.322591,0.237293,0.230743,0.636871,1,0.544144,0.705871,2,0.0671795,0.177501,3,0,0.579118,1,0.188339,-3402807.276,1971816.658
2144,0,69.9796982,0,5,8.0857096,687.1599731,0.498103,2,474.3739929,6.3748398,145.3690033,0.612902,0.404687,0.292443,0,0,0.519112,0.931799,0,0.396871,0.693659,2,0,0.616837,0,0.215429,-4015222.839,1595026.881
2145,0,74.9144974,1021.229981,4,8.3473396,444.631012,0.444338,4,934.5499878,8.3303699,304.1170044,0.449217,0.282626,0.678061,0.0836055,0,0.323277,0.489308,1,0.0540102,0.671119,2,0,0.63503,0,0.220519,-3540487.577,1878353.939
2146,0,106.3040009,1000.77002,3,4.5517001,230.6139984,0.477162,4,136.1750031,12.7388,4.7223802,0.344839,0.250036,0.0635261,0.707638,0,0.55697,0.372004,0,0.095648,0.203751,1,0,0.620001,1,0.175397,-3419288.058,1984210.657
2147,0,91.4421005,0,3,7.9595599,331.2479858,0.499594,4,358.7810059,10.5390997,122.7460022,0.453922,0.346473,0.405023,0.417117,0,0.540061,0.919139,0,0.230479,0.537464,0,0,0.696364,0,0.180405,-3777599.348,1717322.081
2148,0,103.8759995,2038.27002,3,9.0972204,596.5029907,0.499197,1,554.1279907,11.8455,297.2619934,0.344738,0.260553,0.369739,0.700111,0,0.538742,0.905603,0,0.113896,0.186035,4,0,0.67067,1,0.162209,-3357708.605,1965662.143
2149,0,76.8216019,1000.390015,3,0.698256,106.1650009,0.463904,4,143.9750061,11.2033997,57.341301,0.34986,0.140806,0.310743,0.641757,0,0.537928,0.968466,0,0.12766,0.233894,0,2,0.679498,1,0.212387,-3768746.842,1738390.86
2150,0,63.7300987,0,3,2.2215099,215.5370026,0.418465,2,721.2440186,8.5595303,173.7599945,0.476044,0.503878,0.445083,0.157344,0,0.402306,0.873651,0,0.18671,0.375804,0,1,0.578772,1,0.235875,-3328727.887,1871328.352
2151,0,66.2316971,1414.27002,5,4.95822,274.2189941,0.44318,4,424.7260132,11.6540003,310.5209961,0.454947,0.316242,0.276702,0.549357,1,0.460847,0.828141,2,0.0831785,0.308124,1,1,0.606574,0,0.210504,-3164182.506,1953186.058
2152,0,96.4049988,2849.090088,3,2.5911701,273.9519958,0.507169,4,520.7329712,11.2751999,222.2510071,0.36305,0.223206,0.379514,0.702468,0,0.54446,0.884018,0,0.0397698,0.181844,2,0,0.690191,1,0.181546,-3391398.849,1954511.714
2153,0,74.1031036,0,6,4.1498799,636.9400024,0.485567,4,161.1620026,9.7587996,254.2980042,0.479681,0.326716,0.327318,0.281092,0,0.625469,0.892682,0,0.228067,0.248507,0,2,0.710584,1,0.208696,-3744263.168,1710138.906
2154,0,69.2807999,1000.140015,3,2.5525401,158.8710022,0.48595,4,421.7680054,10.0834999,24.7437992,0.462436,0.295563,0.318256,0.333702,0,0.63846,0.930969,0,0.152708,0.36648,0,2,0.693289,1,0.215977,-3744153.44,1721563.15
2155,0,91.7416992,1416.420044,4,4.3234801,216.1690063,0.483469,2,222.6929932,12.2969999,72.8703003,0.323952,0.298588,0.378194,0.541497,0,0.534583,0.850463,2,0.0947348,0.196916,2,0,0.632296,0,0.19155,-3283136.694,1971420.557
2156,0,67.6910019,1092.790039,2,13.1429996,826.9039917,0.42609,4,995.4710083,7.5855098,179.0910034,0.519256,0.601838,0.625292,0.0782005,1,0.418925,0.453531,2,0.141091,0.438331,1,0,0.75894,0,0.218185,-3483482.151,1869819.107
2157,0,76.1779022,1415.780029,3,6.0828199,296.3980103,0.463815,1,205.5740051,13.0263004,196.7969971,0.414008,0.314323,0.433256,0.50927,1,0.507874,0.593854,2,0.0795132,0.163554,0,0,0.641714,1,0.186641,-3089073.837,1998527.542
2158,0,85.7435989,0,3,2.0634699,195.8320007,0.479285,4,141.1040039,12.5074997,86.2899017,0.297083,0.307511,0.418484,0.530048,0,0.570602,0.906346,1,0.0817,0.297531,1,0,0.632528,0,0.200729,-3294368.018,1977244.429
2159,0,67.0960007,4004.939941,3,0.601557,208.9700012,0.489442,4,421.0299988,10.3638,22.5491009,0.461873,0.295011,0.272227,0.44201,0,0.651455,0.912314,0,0.147405,0.248279,3,0,0.72245,1,0.230993,-3712790.756,1750711.327
2160,0,72.7991028,3873.620117,3,1.57909,661.6279907,0.472493,1,954.2520142,8.8649998,246.651001,0.335066,0.292185,0.410399,0.0415114,0,0.325337,0.274033,0,0.20026,0.537861,1,1,0.545455,0,0.211905,-3596970.913,1736881.427
2161,0,95.9810028,2829.070068,3,0.916691,105.1190033,0.487992,4,105.2099991,13.5776997,259.9049988,0.337516,0.304308,0.259728,0.646562,0,0.627935,0.847777,1,0.0806127,0.240592,4,0,0.667629,1,0.192682,-3376105.308,1995590.775
2162,0,86.4870987,0,7,0.650381,229.4369965,0.482112,4,817.4979858,8.2540102,166.779007,0.507594,0.324163,0.159415,0.0286132,0,0.630273,0.916132,0,0.163336,0.649722,2,4,0.717896,1,0.222664,-3761406.637,1690559.636
2163,0,70.2645035,1054.27002,2,6.8144498,722.0770264,0.45205,4,821.4580078,9.5156498,173.6880035,0.508054,0.48298,0.38289,0.114955,0,0.577012,0.376438,2,0.15843,0.546193,1,2,0.677413,0,0.202261,-3622134.789,1796260.484
2164,0,90.7372971,2420.310059,5,0.399512,270.2269897,0.494843,4,357.3980103,12.3952999,71.444603,0.160901,0.152878,0.373058,0.58966,0,0.542526,0.827194,1,0.0511664,0.452465,1,0,0.594701,0,0.188897,-3285777.983,1982674.602
2165,0,90.8262024,1516.469971,1,11.3690996,710.7559814,0.533413,4,998.9710083,8.6304398,111.3560028,0.444611,0.310459,0.328347,0.0753342,0,0.373562,0.919662,0,0.0739388,0.351916,3,0,0.720422,1,0.180697,-3366741.35,1930463.224
2166,0,89.7712021,2009.199951,3,2.62609,257.0759888,0.488577,1,246.7230072,13.0321999,6.5395899,0.232048,0.291068,0.481203,0.484729,1,0.492639,0.449848,2,0.0406214,0.308406,2,0,0.49023,0,0.19072,-3276615.17,2005570.188
2167,0,88.8007965,2103.620117,5,11.1982002,659.6010132,0.54014,4,969.9520264,8.8428402,275.3190002,0.415809,0.291024,0.380819,0.169891,0,0.442304,0.888781,0,0.0754322,0.199201,2,0,0.684624,1,0.17457,-3418537.944,1932608.943
2168,0,100.1579971,3417.409912,2,4.0845199,244.3300018,0.577843,4,359.256012,11.5959997,203.4900055,0.488626,0.345735,0.0374581,0.624653,0,0.623637,0.915921,0,0.264195,0.229972,1,0,0.786062,0,0.188391,-3745921.554,1787606.697
2169,0,78.2931976,1414.680054,3,5.61834,271.6459961,0.488354,4,1003.440002,7.5104599,359.6700134,0.482053,0.639871,0.667628,0.0448983,0,0.43826,0.903074,0,0.126659,0.627747,1,2,0.811734,1,0.222792,-3503640.116,1873100.295
2170,0,73.3142014,0,3,5.93959,344.0050049,0.454875,2,969.4019775,7.7810402,51.7933998,0.494775,0.368268,0.302368,0.0717377,1,0.33317,0.258355,2,0.117708,0.802246,0,2,0.625742,0,0.216431,-3338046.676,1910139.507
2171,0,85.9487,1421.829956,3,1.6235501,303.375,0.506652,1,509.677002,11.6518002,184.3150024,0.352581,0.274319,0.289741,0.54627,0,0.539564,0.327398,1,0.0463926,0.624266,1,0,0.56382,1,0.192276,-3251868.596,1977678.988
2172,0,76.7316971,2039.310059,3,6.4388499,474.7720032,0.479545,4,1005.5,8.4164104,207.4799957,0.434795,0.541754,0.401837,0.0680864,0,0.473789,0.892883,0,0.0993955,0.299364,3,0,0.76422,1,0.205615,-3426347.754,1916084.182
2173,0,59.6338005,0,5,6.0894299,394.8919983,0.389404,4,357.2340088,9.4405403,195.4170074,0.458445,0.559394,0.47061,0.167819,0,0.371316,0.686324,1,0.290563,0.317237,0,0,0.612596,0,0.223719,-3385222.542,1788052.387
2174,0,89.7039032,0,2,4.42309,387.1849976,0.532574,4,333.1170044,10.2353001,210.2879944,0.419983,0.425773,0.486183,0.494459,1,0.620443,0.744767,1,0.16193,0.27142,2,2,0.660039,0,0.187835,-3605933.96,1847094.209
2175,0,63.2108994,1035.880005,5,6.6936002,514.6820068,0.403359,4,881.2639771,7.8168402,246.2839966,0.480265,0.367289,0.753374,0.0821269,0,0.35199,0.854674,1,0.173657,0.478895,0,1,0.575377,0,0.231668,-3520594.208,1814259.69
2176,0,90.846199,2013.930054,5,1.03942,154.4850006,0.455402,4,256.9620056,11.8797998,142.7890015,0.466289,0.250451,0.257898,0.718134,0,0.697222,0.935262,0,0.167644,0.319333,2,1,0.75726,1,0.203488,-3786596.891,1754606.435
2177,0,87.7626038,3438.199951,3,7.8432202,423.2529907,0.553288,1,859.8109741,10.1538,252.8070068,0.454872,0.509828,0.169506,0.304455,0,0.537459,0.888835,0,0.140259,0.26485,3,0,0.79137,1,0.190549,-3278133.134,1949164.35
2178,0,87.6523972,1011.25,3,6.2591801,320.7399902,0.505451,1,345.3120117,11.6118002,284.8299866,0.325309,0.280178,0.290121,0.711629,0,0.528254,0.887913,0,0.0999912,0.146553,2,0,0.675621,1,0.182255,-3308835.66,1963171.072
2179,0,87.9756012,0,3,2.0922799,258.1029968,0.518897,4,514.0319824,9.73277,52.3292007,0.39136,0.257633,0.429551,0.488309,0,0.524662,0.895825,0,0.0508046,0.270596,2,0,0.682665,1,0.182499,-3407557.976,1937062.057
2180,0,69.8948975,0,3,8.6340599,813.7869873,0.474805,2,268.0100098,7.4252801,94.5661011,0.611474,0.34187,0.334803,0.0097962,0,0.435967,0.911718,0,0.396548,0.512165,1,1,0.551473,0,0.206324,-4012567.618,1598310.809
2181,0,64.7472992,0,5,1.77271,434.8869934,0.465724,4,309.9230042,8.8903399,81.2082977,0.508516,0.410696,0.166145,0.0936981,0,0.546499,0.868925,0,0.314948,0.41929,0,0,0.553846,0,0.222095,-3675235.484,1695985.211
2182,0,111.651001,0,1,5.5970201,540.1610107,0.520308,4,579.6339722,8.9480104,133.7140045,0.467638,0.339712,0.27788,0.0501647,0,0.607074,0.820859,0,0.209985,0.872774,2,2,0.702876,1,0.191645,-3778753.573,1696410.245
2183,0,100.8659973,0,2,2.0166199,557.4279785,0.53944,4,962.7410278,7.48873,316.2869873,0.308584,0.125177,0.294975,0.0107062,0,0.246778,0.867736,0,0.0605077,1.15583,1,0,0.629254,0,0.21302,-3460978.339,1923691.846
2184,0,62.4281006,1006.809998,5,2.8517599,266.0400085,0.38335,4,328.0280151,10.6396999,122.4919968,0.519878,0.485612,0.179208,0.30613,1,0.583416,0.744035,2,0.156824,0.355713,0,2,0.677078,0,0.222132,-3655254.855,1769804.633
2185,0,91.9156036,1420.030029,2,8.2659597,379.0239868,0.530463,3,698.6409912,8.6736097,54.4841995,0.396218,0.463371,0.673988,0.114305,1,0.470625,0.499006,2,0.13454,0.460851,4,2,0.608925,1,0.20201,-3571190.167,1853137.211
2186,0,82.9041977,0,3,1.53177,659.5269775,0.463044,4,168.625,9.4660997,349.3840027,0.523313,0.44179,0.441095,0.215186,0,0.482298,0.92511,0,0.362318,0.16946,1,1,0.736311,0,0.205104,-3815078.411,1676032.84
2187,0,64.7334976,0,3,1.72737,220.8139954,0.489388,4,373.6109924,9.941,221.7019958,0.480658,0.310333,0.244951,0.340248,0,0.636889,0.938594,1,0.207358,0.222777,1,2,0.709503,0,0.226996,-3683586.428,1750132.612
2188,0,67.3766022,0,3,2.1468,422.6719971,0.493238,4,493.5469971,8.94133,356.82901,0.499207,0.347048,0.224089,0.0989709,0,0.550021,0.932035,0,0.228692,0.479711,3,2,0.70281,1,0.229093,-3722804.826,1701706.262
2189,0,74.8163986,2002.380005,3,5.0936999,273.9330139,0.438964,1,622.2819824,10.5979004,30.0965004,0.294641,0.108399,0.275933,0.47304,0,0.340705,0.696863,1,0.0767202,0.571042,0,0,0.596462,0,0.20143,-3205257.145,1961698.124
2190,0,70.5279999,1002.309998,4,2.95627,164.4649963,0.482348,4,420.1799927,11.1611004,311.3210144,0.406189,0.446614,0.315526,0.487248,0,0.5976,0.357125,1,0.0894562,0.203989,1,0,0.662519,0,0.208,-3251380.185,1957636.435
2191,0,88.1259003,0,3,1.1524301,781.6049805,0.488281,4,76.4918976,10.2784004,162.8289948,0.454811,0.291417,0.39512,0.420842,0,0.656034,0.821491,0,0.171846,0.254603,0,1,0.683018,1,0.191349,-3764310.843,1712937.553
2192,0,122.7979965,1026.869995,2,5.0598001,451.4700012,0.574185,3,468.1820068,10.5488997,229.0090027,0.345961,0.404661,0.479057,0.674521,0,0.645726,0.942304,0,0.0968278,0.166119,1,1,0.725324,0,0.157641,-3488528.38,1935363.627
2193,0,102.6299973,3425.729981,2,6.9224701,384.3380127,0.549055,3,437.8970032,10.8583002,351.3739929,0.351804,0.40737,0.523004,0.66139,0,0.639769,0.864492,0,0.0973022,0.169839,1,1,0.725799,1,0.16671,-3496747.625,1929558.41
2194,0,53.0401001,0,5,2.1954401,197.3059998,0.423012,4,241.5050049,9.7639303,27.9088993,0.478702,0.479062,0.121705,0.154838,0,0.551906,0.846311,0,0.241709,0.272978,0,2,0.557919,0,0.25606,-3647154.222,1712113.617
2195,0,123.973999,1010.580017,1,13.4806004,619.3640137,0.601107,4,550.4970093,10.3120003,241.3059998,0.435137,0.299309,0.306378,0.328119,0,0.610255,0.164484,0,0.218148,0.225367,0,2,0.701074,0,0.163203,-3643495.536,1831931.946
2196,0,66.7449036,2000.410034,5,3.2534499,181.9830017,0.444434,4,207.9519958,12.5867004,115.5299988,0.295529,0.457108,0.24041,0.514629,0,0.443105,0.869889,0,0.0762788,0.218532,1,1,0.608263,1,0.202791,-3138720.805,1966456.566
2197,0,80.5542984,1427.819946,3,2.1519899,277.1719971,0.511188,2,929.2020264,8.4443102,231.723999,0.470861,0.34297,0.384503,0.0751226,1,0.370448,0.555052,0,0.052767,0.305016,1,0,0.719273,1,0.185029,-3375595.844,1915637.978
2198,0,65.5273972,1017.869995,3,6.6577802,284.4989929,0.450799,2,908.9249878,7.91747,16.3654995,0.496876,0.508069,0.356132,0.109975,0,0.40419,0.927418,0,0.231565,0.471735,1,1,0.697211,1,0.225033,-3324755.543,1887713.99
2199,0,54.5189018,1007.229981,3,0.954225,350.9809875,0.409266,4,339.5809937,10.0903997,46.8308983,0.405538,0.395625,0.17253,0.175265,0,0.346875,0.781671,0,0.268195,0.370421,1,1,0.45676,0,0.245359,-3644048.591,1732598.231
2200,0,74.2438965,1004.369995,3,1.6051,250.6060028,0.453602,1,179.3789978,11.9174004,172.0899963,0.465841,0.415818,0.159756,0.627053,1,0.613255,0.813499,2,0.0749906,0.648977,0,3,0.721865,0,0.19695,-3672667.603,1815472.49
2201,0,64.6044998,0,5,3.48142,333.0679932,0.436986,4,625.6989746,9.0181503,119.6869965,0.509863,0.55289,0.516969,0.0892859,0,0.520872,0.53461,1,0.111467,0.689122,2,2,0.699203,0,0.21552,-3603224.305,1800377.295
2202,0,67.677002,0,3,3.3233399,255.6459961,0.419087,2,850.5440063,7.8202801,289.1130066,0.489416,0.640762,0.350661,0.105736,0,0.578036,0.753345,1,0.172406,0.478967,0,0,0.667099,0,0.233436,-3406894.875,1826032.891
2203,0,121.2369995,1001.479981,1,10.1483002,487.4750061,0.591734,4,684.125,9.3649397,267.2690125,0.465802,0.324025,0.353181,0.148685,0,0.601263,0.436199,0,0.281793,0.33717,2,2,0.707888,0,0.178879,-3637593.101,1809316.446
2204,0,111.9570007,2831.469971,1,3.89256,212.9559937,0.558424,3,414.552002,13.2875996,324.6180115,0.323368,0.267679,0.33028,0.666316,0,0.586418,0.847506,0,0.0871732,0.286999,2,0,0.706856,0,0.165299,-3101037.079,2022701.539
2205,0,80.8880997,1018.890015,3,4.1077399,301.8479919,0.499297,4,377.7590027,9.9859896,246.8379974,0.460978,0.314539,0.356237,0.310588,0,0.636034,0.928718,0,0.173914,0.234162,0,2,0.700128,1,0.198551,-3755888.823,1712875.455
2206,0,73.6708984,0,3,1.86786,730.789978,0.512884,1,459.1929932,7.6297498,246.5209961,0.544202,0.424573,0.251023,0,0,0.471287,0.876238,0,0.325683,0.355436,1,1,0.663956,0,0.221831,-3849483.376,1652981.955
2207,0,91.9476013,1000.369995,5,5.99436,344.0400085,0.484139,4,172.2700043,10.0244999,134.5310059,0.481286,0.352103,0.472669,0.27672,0,0.614781,0.904915,0,0.240983,0.198645,1,0,0.707248,1,0.191038,-3812496.774,1683280.255
2208,0,59.3695984,1000,3,2.30862,127.2799988,0.472097,4,227.2339935,10.4316998,237.6459961,0.429556,0.344632,0.287816,0.424034,0,0.622309,0.898134,0,0.140022,0.260506,4,2,0.680155,1,0.233389,-3714982.028,1743385.989
2209,0,96.908699,0,3,1.80453,89.5173035,0.485031,4,122.0199966,12.8549995,156.0679932,0.306861,0.290857,0.399641,0.642158,0,0.622178,0.848709,1,0.0779079,0.201522,4,0,0.649159,1,0.186406,-3348221.607,1984606.323
2210,0,54.9606018,0,5,3.48125,562.3129883,0.371161,2,460.2600098,6.0099101,18.5531006,0.634186,0.443506,0.201192,0,0,0.495858,0.87654,0,0.304948,0.422729,1,0,0.414148,1,0.252921,-4112124.312,1479543.993
2211,0,68.5972977,1479.050049,3,12.7888002,677.125,0.449535,4,823.9910278,8.3502798,150.3110046,0.425442,0.346714,0.586987,0.135241,1,0.311378,0.532123,1,0.169618,0.363954,0,1,0.620351,0,0.20739,-3477960.903,1890308.354
2212,0,68.0991974,0,3,2.1586699,614.4110107,0.490183,4,298.8070068,9.5051403,200.5469971,0.495499,0.331044,0.270182,0.196225,0,0.607579,0.908753,0,0.233056,0.390382,1,2,0.718045,1,0.217434,-3724933.182,1712688.239
2213,0,89.781601,2833.080078,5,0.297297,197.3670044,0.552467,1,453.5889893,11.9572001,330.6530151,0.192792,0.124288,0.212987,0.654739,0,0.485662,0.692536,0,0.0657902,0.153882,1,0,0.634261,0,0.169438,-3241891.81,2000345.592
2214,0,85.7742004,0,3,2.6312101,474.6319885,0.524206,4,129.9839935,10.5655003,296.5440063,0.518636,0.243731,0.312632,0.266036,0,0.663995,0.910844,0,0.257671,0.29642,6,2,0.634041,1,0.188613,-3946859.385,1670062.001
2215,0,64.7984009,1414.209961,5,4.5023298,225.9649963,0.420473,1,518.2659912,11.5246,25.8605003,0.451563,0.311423,0.29376,0.495057,0,0.415809,0.523924,1,0.0748,0.371343,2,1,0.563324,0,0.223226,-3163192.376,1944331.714
2216,0,64.7378998,2416.100098,3,1.09646,154.0399933,0.413571,3,529.5620117,11.7000999,42.918499,0.408978,0.268952,0.376251,0.510644,0,0.456105,0.683092,0,0.0534167,0.40339,1,0,0.700615,0,0.22313,-3092265,1955927.604
2217,0,89.0229034,1065.869995,2,10.6955004,660.0679932,0.542167,4,1273.140015,7.2792902,99.6381989,0.519329,0.401421,0.689279,0.0000438,0,0.54726,0.901572,0,0.107115,0.77326,1,2,0.708264,0,0.214954,-3566020.245,1833257.816
2218,0,86.5979996,2046.130005,3,10.5820999,459.6690063,0.511747,1,825.882019,9.4470196,79.3239975,0.433765,0.310067,0.414737,0.152502,0,0.412685,0.266754,0,0.0668668,0.173107,3,0,0.696871,1,0.166843,-3380736.452,1927113.784
2219,0,77.9140015,0,5,1.9809901,385.6340027,0.498339,4,659.367981,7.2519798,96.9991989,0.566393,0.581565,0.201179,0,0,0.694428,0.928063,0,0.270398,0.442271,1,0,0.696359,1,0.221334,-3843864.451,1649061.965
2220,0,73.7013016,0,5,3.4795599,743.1389771,0.500502,4,390.7579956,7.9253201,234.6390076,0.565819,0.618255,0.281269,0.0334194,0,0.576075,0.896878,0,0.376743,0.296778,1,0,0.710751,0,0.203199,-3837050.14,1654630.887
2221,0,82.9837036,0,5,3.1673,764.0670166,0.491889,4,189.6799927,8.82269,292.8380127,0.525906,0.525656,0.379167,0.170326,0,0.537131,0.92741,0,0.359881,0.211942,0,1,0.739269,0,0.194969,-3816648.417,1669553.357
2222,0,83.2137985,1090.050049,4,12.6428003,680.8690186,0.473912,4,1142.569946,7.9556799,92.9029007,0.309627,0.131545,0.361142,0.0364326,0,0.285423,0.859933,0,0.0798857,0.516143,0,0,0.6136,1,0.203904,-3450593.208,1919216.441
2223,0,74.7638016,0,5,4.3825202,463.5119934,0.455841,2,570.434021,8.1212702,33.7094002,0.549402,0.365071,0.227926,0.0353698,1,0.252052,0.355167,2,0.216858,0.829068,0,0,0.631924,0,0.195885,-3797255.517,1665253.892
2224,0,76.7435989,0,3,5.58953,717.1160278,0.53974,4,780.9550171,7.50635,101.6969986,0.501,0.601583,0.680284,0.0141201,0,0.605518,0.901307,0,0.231412,0.513347,0,1,0.733765,0,0.198642,-3569352.937,1816228.826
2225,0,100.6930008,1003.27002,3,4.8642101,312.9309998,0.465672,4,170.3190002,11.9517002,111.6350021,0.4548,0.248056,0.221121,0.765744,0,0.715339,0.903016,0,0.190017,0.250148,2,1,0.748369,1,0.195551,-3776972.765,1762468.436
2226,0,66.9175034,0,3,1.17593,441.2510071,0.510513,4,432.0360107,9.2619801,249.0410004,0.48981,0.334167,0.228377,0.13982,0,0.568321,0.939732,0,0.215586,0.363661,3,2,0.706213,1,0.224081,-3710557.324,1714955.041
2227,0,61.6831017,2421.870117,3,3.4286001,232.7079926,0.459164,4,403.9450073,10.1078997,12.8551998,0.481395,0.330155,0.251144,0.358365,0,0.612151,0.880659,0,0.239475,0.284741,0,2,0.706534,1,0.22254,-3680737.094,1742792.841
2228,0,59.132,0,5,3.43115,258.6990051,0.426376,4,208.9369965,9.7060499,239.3890076,0.472456,0.422927,0.199867,0.225891,0,0.573437,0.918012,0,0.259477,0.232719,0,0,0.598177,1,0.234029,-3670302.329,1720749.014
2229,0,64.7497025,1001.729981,3,4.5293498,256.5539856,0.446436,4,245.4170074,10.7511997,147.9360046,0.459555,0.300213,0.317726,0.533689,0,0.685105,0.92776,0,0.209538,0.354077,3,0,0.711898,1,0.21646,-3707137.285,1764310.972
2230,0,77.4161987,0,3,2.1282101,179.8890076,0.51142,3,1029.27002,7.7042098,27.4659004,0.448207,0.483405,0.278786,0.0445689,0,0.416232,0.894851,0,0.0618935,0.56349,2,1,0.741149,1,0.22901,-3403153.048,1904844.366
2231,0,68.6102982,1003.390015,5,11.6470003,605.0059814,0.427406,1,551.4569702,10.8302002,71.5305023,0.294956,0.12152,0.245769,0.507574,0,0.36321,0.282343,1,0.0909925,0.350165,1,0,0.607688,1,0.206485,-3185687.204,1957394.356
2232,0,70.7453995,0,5,6.7172499,359.4729919,0.483552,4,703.190979,8.46418,323.8450012,0.519243,0.403386,0.139397,0.0374325,0,0.52209,0.767595,0,0.319569,0.473273,0,0,0.643144,1,0.221752,-3680439.388,1695249.317
2233,0,64.9835968,0,3,2.50003,362.3869934,0.518815,4,428.1499939,9.4837904,3.8831201,0.491275,0.306872,0.230844,0.221336,0,0.603203,0.930881,0,0.207463,0.331248,2,2,0.709068,1,0.222847,-3703160.393,1726568.722
2234,0,86.5970001,1415.180054,2,2.5625701,132.2259979,0.467882,2,212.6360016,12.1858997,132.1069946,0.310723,0.299174,0.374044,0.570327,0,0.551158,0.79956,0,0.0958514,0.285524,2,0,0.626786,0,0.189079,-3296341.169,1966184.834
2235,0,80.4185028,1002.289978,3,8.62358,416.0750122,0.492354,4,390.3789978,8.99685,8.6101599,0.52864,0.411774,0.378392,0.194381,0,0.489477,0.906672,0,0.350366,0.373035,0,2,0.740629,1,0.206095,-3834161.383,1674803.778
2236,0,104.7099991,0,2,3.0440099,265.5130005,0.543992,4,770.5189819,9.0546999,40.5085983,0.382505,0.223953,0.375657,0.114187,0,0.302669,0.840059,0,0.043417,0.46102,1,1,0.659463,1,0.184031,-3441134.379,1943255.707
2237,0,67.2116013,1004.530029,3,3.2723701,196.2100067,0.417487,4,245.0709991,12.6089001,137.2160034,0.290179,0.455517,0.260893,0.369389,0,0.427959,0.805135,1,0.0802506,0.345577,1,1,0.527631,0,0.207618,-3142195.288,1960822.668
2238,0,62.5084,0,5,2.5859201,354.0979919,0.386331,4,415.9710083,9.0261097,3.40957,0.46725,0.453466,0.29146,0.144916,0,0.413392,0.723369,1,0.29428,0.381839,0,0,0.536042,0,0.224041,-3405499.6,1755781.652
2239,0,70.3455963,1014.119995,5,15.1674004,715.8049927,0.456393,3,566.9719849,9.2375803,278.6090088,0.390221,0.285484,0.666933,0.281426,0,0.397622,0.746726,0,0.0771239,0.233044,2,0,0.63699,1,0.189543,-3530266.611,1889314.959
2240,0,69.205101,1017.979981,3,2.4375501,559.4959717,0.5099,4,988.5009766,8.3662004,289.57901,0.514121,0.269223,0.138979,0.0057874,0,0.444763,0.481507,2,0.133356,0.663426,0,0,0.602185,0,0.233825,-3706688.767,1694886.406
2241,0,80.9039993,0,5,5.1950798,322.1090088,0.462575,4,168.4219971,11.0972996,79.4673004,0.325445,0.138588,0.399307,0.510566,0,0.491477,0.938309,0,0.131349,1.20611,1,2,0.641016,1,0.19358,-3796216.751,1712454.309
2242,0,77.0934982,0,3,2.5739999,440.7749939,0.454473,4,117.7030029,10.4428997,118.5360031,0.480365,0.339995,0.408549,0.445073,0,0.572942,0.713978,0,0.191582,0.775249,0,2,0.72157,1,0.216823,-3824136.139,1701048.821
2243,0,81.5117035,0,5,5.9193602,420.256012,0.480427,4,472.322998,8.6472702,280.8529968,0.542085,0.611325,0.359034,0.112665,0,0.603933,0.915497,0,0.36632,0.472063,0,1,0.771958,1,0.178645,-3818366.389,1666167.666
2244,0,70.413002,0,1,3.4908199,265.644989,0.495004,1,265.6960144,12.4799995,325.2489929,0.37168,0.312388,0.312867,0.597444,1,0.517267,0.381786,2,0.104404,0.192907,1,0,0.665224,0,0.195079,-3112652.615,1976144.652
2245,0,98.4123993,0,1,5.5316801,493.0400085,0.55862,1,770.0499878,9.9693403,123.151001,0.371396,0.285277,0.14648,0.139157,1,0.436893,0.81839,1,0.111408,0.317954,2,0,0.670499,0,0.177499,-3225559.574,1970063.784
2246,0,60.891201,2051.459961,3,7.5296001,580.4910278,0.430402,4,650.4689941,9.3003902,250.1119995,0.504756,0.378477,0.178735,0.123028,0,0.541314,0.906005,0,0.312127,0.233529,0,0,0.607306,0,0.224382,-3672841.391,1706975.053
2247,0,83.6629028,0,5,7.8555698,629.8540039,0.449584,4,128.6970062,9.8650303,217.7550049,0.491507,0.292339,0.44374,0.353285,0,0.595733,0.935404,0,0.258345,0.191388,0,2,0.690013,1,0.201023,-3825391.406,1688917.65
2248,0,71.8702011,2449.919922,5,8.1354599,601.6129761,0.429729,1,911.440979,8.9749699,255.2279968,0.34807,0.349212,0.247475,0.040874,0,0.314592,0.869731,1,0.252087,0.52741,1,0,0.547732,0,0.22104,-3568133.267,1692502.933
2249,0,74.9141998,2011.949951,5,11.3055,516.6010132,0.475655,1,937.0670166,7.9134598,257.6700134,0.292192,0.255159,0.609703,0.0080624,0,0.432797,0.33496,1,0.159253,0.499511,1,2,0.624055,0,0.19821,-3587712.172,1799245.517
2250,0,87.848999,1000.02002,3,4.0725999,286.7399902,0.480564,2,513.8380127,9.9498596,66.6083984,0.425981,0.370698,0.244885,0.450051,0,0.449676,0.765643,1,0.151199,0.234401,2,0,0.690634,0,0.196378,-3275656.916,1936712.411
2251,0,93.7651978,2011.75,5,12.3126001,665.1090088,0.503243,4,375.2640076,9.4952898,335.29599,0.484937,0.342684,0.415849,0.194512,1,0.609282,0.895901,0,0.281543,0.233229,0,1,0.715039,1,0.186758,-3815702.121,1686614.6
2252,0,97.1704025,0,5,3.9541199,283.618988,0.512023,4,729.3480225,9.0245504,152.8049927,0.469528,0.339952,0.283012,0.0755071,0,0.612421,0.907414,0,0.178017,0.379227,1,3,0.713668,1,0.197163,-3767497.168,1697928.059
2253,0,106.9189987,1013.330017,2,8.1496401,468.5010071,0.577048,4,690.3330078,9.50986,70.5658035,0.466819,0.320178,0.332826,0.173464,0,0.603018,0.868309,0,0.258505,0.435852,2,2,0.710356,0,0.183155,-3637993.078,1802787.263
2254,0,69.3600998,1414.290039,5,2.5794899,148.322998,0.46741,4,287.9429932,10.8991003,100.1139984,0.461302,0.283404,0.232475,0.538929,0,0.69213,0.911662,1,0.141416,0.365224,3,0,0.736033,1,0.221648,-3728545.283,1764092.846
2255,0,79.3040009,0,5,1.88188,402.95401,0.472095,4,328.8370056,10.0509996,335.1650085,0.513303,0.249172,0.296887,0.215602,1,0.621502,0.734544,0,0.225729,0.755922,0,1,0.670769,1,0.210951,-3874373.713,1697392.957
2256,0,63.2583008,1013.039978,3,4.4796,491.2839966,0.415906,4,963.1879883,7.3034,243.298996,0.49924,0.414597,0.833875,0.0508009,0,0.380325,0.767858,1,0.151348,0.523921,0,0,0.661091,0,0.236636,-3517406.146,1816960.224
2257,0,90.2071991,1423.689941,5,11.1211004,676.8179932,0.520983,1,502.8120117,10.6882,35.7616997,0.374508,0.254254,0.201935,0.528849,0,0.443786,0.868833,0,0.123482,0.21124,2,0,0.70764,1,0.157316,-3217918.922,1976326.261
2258,0,72.6660004,0,5,1.53231,416.230011,0.439582,4,659.6760254,8.5301199,48.3571014,0.514455,0.628242,0.206817,0.0505444,0,0.403089,0.816306,0,0.25455,0.505988,1,1,0.681225,0,0.208472,-3415816.93,1735864.765
2259,0,58.9313011,1022.369995,5,1.08643,610.9520264,0.43455,4,856.0430298,8.3228102,201.9889984,0.5031,0.37301,0.193557,0,0,0.469245,0.849345,0,0.188121,0.663085,0,0,0.48946,0,0.264709,-3678109.699,1665862.802
2260,0,74.3277969,1004.700012,3,2.4023299,255.8739929,0.398344,4,254.3939972,12.6829996,181.7630005,0.300051,0.259137,0.157309,0.443343,1,0.53173,0.605943,2,0.0624941,0.643883,0,0,0.563457,0,0.203634,-3211532.796,2010161.895
2261,0,85.781601,3433.949951,5,11.1078997,703.53302,0.489795,1,454.0369873,11.2542,61.6865005,0.371019,0.25863,0.220892,0.597725,0,0.448597,0.849907,1,0.106117,0.196991,2,1,0.697733,1,0.170143,-3184197.988,1971373.943
2262,0,104.7389984,0,3,3.63709,268.3200073,0.542126,4,940.2030029,8.4905396,181.9909973,0.420561,0.241299,0.327707,0.0482249,0,0.249526,0.918953,0,0.0474356,0.4482,1,1,0.680646,1,0.191766,-3443378.088,1938727.781
2263,0,67.4469986,0,5,3.0733399,462.2470093,0.443981,4,849.4249878,7.1413898,131.7200012,0.500731,0.577596,0.680937,0.0299258,0,0.4202,0.469098,0,0.101333,1.2176,1,2,0.753564,0,0.249296,-3495950.253,1861398.329
2264,0,77.7827988,0,4,1.5206701,299.5809937,0.467649,4,756.684021,8.6643295,241.4299927,0.413066,0.519976,0.42237,0.173623,0,0.537588,0.911374,0,0.107251,0.351626,3,0,0.726232,1,0.204625,-3422523.236,1918249.545
2265,0,75.1930008,1007.659973,3,4.6164098,249.029007,0.491344,2,916.1010132,8.2499399,216.7389984,0.453527,0.322095,0.375833,0.0949837,0,0.36228,0.468566,2,0.0472239,0.399483,1,0,0.657678,1,0.213302,-3385558.826,1905302.74
2266,0,68.2749023,1001.090027,3,4.2931499,226.4730072,0.457854,2,291.696991,12.3620996,347.1990051,0.389434,0.286916,0.338365,0.443801,1,0.474191,0.505282,2,0.104015,0.229484,1,0,0.595909,0,0.199371,-3106382.551,1972711.56
2267,0,68.4347992,0,5,4.0858598,436.0549927,0.435973,4,587.8859863,7.8537798,184.1300049,0.491338,0.412463,0.723047,0.0971372,0,0.397052,0.717184,1,0.177781,0.508025,1,1,0.628068,0,0.229362,-3531003.981,1808589.329
2268,0,73.8641968,0,5,0.832555,438.7529907,0.481415,4,367.3280029,8.8809099,194.8560028,0.542964,0.263102,0.37943,0.0727686,0,0.643115,0.841916,0,0.25583,0.363653,6,3,0.605773,1,0.197139,-3941791.874,1659083.128
2269,0,76.2073975,0,2,5.3007102,669.1270142,0.534181,3,918.5369873,7.4450998,168.4199982,0.505936,0.588934,0.678602,0,0,0.663432,0.893744,0,0.19616,0.48445,2,1,0.705686,0,0.20356,-3566858.773,1807589.834
2270,0,68.310997,2867.340088,2,8.5501804,644.322998,0.433754,4,873.572998,9.4328899,358.7449951,0.520355,0.417319,0.411981,0.141051,0,0.492182,0.692988,1,0.1096,0.654658,1,2,0.609836,0,0.215138,-3617701.165,1796689.368
2271,0,76.4228973,1007.340027,3,11.2721996,604.2399902,0.441652,4,630.2440186,8.0512104,12.0440998,0.483305,0.577706,0.689831,0.196552,0,0.501783,0.761175,0,0.156947,0.404511,2,2,0.729519,1,0.212311,-3497463.305,1872836.118
2272,0,95.1118011,1005.179993,2,0.268033,303.9630127,0.477167,1,248.6340027,13.0012999,264.2200012,0.227772,0.319102,0.512084,0.530843,0,0.528609,0.836901,1,0.0405528,0.315964,4,0,0.541474,0,0.190584,-3293987.229,2000095.507
2273,0,69.3976974,1414.280029,3,3.00825,147.4170074,0.469744,4,361.8720093,11.3169003,283.1619873,0.385814,0.498308,0.32777,0.585905,0,0.651844,0.441065,1,0.116753,0.199552,1,0,0.726327,0,0.207201,-3257161.614,1954178.938
2274,0,71.793602,0,3,2.9126101,473.7390137,0.489571,4,590.7470093,8.4693499,302.32901,0.518135,0.388519,0.141383,0.0318267,0,0.51766,0.908677,0,0.261572,0.530972,1,0,0.684809,1,0.221793,-3695276.113,1696356.539
2275,0,60.2106018,0,5,0.844779,513.3120117,0.396538,2,321.0350037,8.1715603,306.7149963,0.549738,0.361362,0.324672,0,0,0.377304,0.404632,1,0.239787,0.589672,0,2,0.476647,0,0.24215,-3875793.564,1651279.583
2276,0,86.4677963,1000.01001,3,4.86902,323.7739868,0.490006,1,201.3070068,11.0284996,120.8119965,0.436987,0.312927,0.0627583,0.618472,0,0.602076,0.577733,2,0.164853,0.457073,0,0,0.687505,0,0.190991,-3662688.268,1800761.139
2277,0,70.5867004,0,3,8.8550196,793.7189941,0.432372,4,444.8080139,8.3859396,341.605011,0.417598,0.35067,0.702076,0.238278,0,0.375302,0.818006,0,0.100683,0.370875,1,2,0.683355,1,0.199256,-3534484.567,1876262.337
2278,0,98.1790009,1000.039978,3,0.790752,133.6369934,0.503429,4,168.5829926,13.3387003,103.9380035,0.338252,0.311142,0.36098,0.687305,0,0.600266,0.91768,0,0.0716548,0.13064,4,0,0.690737,1,0.184882,-3354983.6,1997493.59
2279,0,97.2003021,2416.459961,3,1.67927,112.8539963,0.485983,4,61.9155006,13.6246004,80.0009003,0.341532,0.311619,0.303778,0.678213,0,0.63434,0.938403,0,0.0831031,0.154063,3,0,0.675655,1,0.192114,-3369217.593,1997077.051
2280,0,91.9344025,2445.27002,2,7.64325,705.507019,0.520458,3,594.0419922,10.5017996,182.6179962,0.386938,0.43471,0.591358,0.599261,0,0.629766,0.902075,0,0.0908675,0.200865,1,2,0.725638,1,0.172094,-3494445.205,1916138.745
2281,0,78.7855988,0,5,1.68454,297.927002,0.441817,4,135.3910065,11.4956999,284.5840149,0.340328,0.140552,0.280469,0.705928,0,0.566343,0.736262,0,0.150019,0.490476,2,0,0.690859,1,0.211874,-3770970.525,1745873.117
2282,0,100.711998,1002.330017,3,5.6145701,248.2830048,0.48174,4,206.0870056,12.4867001,343.9070129,0.336273,0.278267,0.141964,0.720834,0,0.607589,0.897054,0,0.100413,0.188634,2,0,0.655847,1,0.183181,-3415637.887,1977993.012
2283,0,60.1024017,1001.359985,5,9.3738604,497.5329895,0.421813,4,449.8169861,9.6731997,111.276001,0.515897,0.717259,0.0916256,0.128974,0,0.462732,0.802743,0,0.340358,0.247223,1,1,0.675812,0,0.211098,-3426240.778,1716192.142
2284,0,72.8227005,1001.340027,5,3.5138099,471.1180115,0.452531,1,518.1019897,11.2209997,33.3250008,0.465553,0.305742,0.251117,0.6337,0,0.452065,0.693057,1,0.0868785,0.275495,1,1,0.664776,1,0.191728,-3180706.823,1963169.513
2285,0,57.8153,1065.439941,5,9.3780499,600.7479858,0.405305,4,540.934021,8.1537504,120.4059982,0.534561,0.382107,0.390631,0.0026217,0,0.510959,0.737836,0,0.284308,0.497204,1,1,0.578783,1,0.238606,-3917231.255,1638613.541
2286,0,98.6626968,2017.719971,3,6.0256901,386.1480103,0.565638,1,542.164978,12.1412001,226.5590057,0.184198,0.133349,0.256148,0.654618,0,0.513261,0.84161,0,0.0673775,0.115551,2,1,0.640877,0,0.172959,-3262017.872,1999706.29
2287,0,64.1667023,1000.340027,3,1.27988,135.0090027,0.47841,4,237.1109924,10.4281998,123.0680008,0.454552,0.3076,0.27251,0.47459,0,0.660468,0.908163,0,0.143841,0.228487,3,0,0.714342,1,0.229757,-3718383.279,1748378.041
2288,0,78.993103,1008.51001,3,6.0433898,351.2860107,0.40758,1,735.9530029,10.7905998,231.8110046,0.269557,0.112821,0.285487,0.45084,0,0.39483,0.778908,1,0.091768,0.461485,0,0,0.533492,0,0.217284,-3200242.493,1962107.598
2289,0,104.572998,0,5,2.62591,123.7649994,0.544417,2,1315.52002,7.3076901,307.7160034,0.523486,0.429188,0.452209,0,0,0.668881,0.871399,0,0.0721047,0.378868,1,2,0.664366,1,0.190865,-3616968.643,1811494.098
2290,0,69.6295013,2045.949951,3,2.8166299,661.8439941,0.461932,1,864.5200195,9.0216198,191.6269989,0.415543,0.372837,0.282187,0.0566227,1,0.213683,0.780106,2,0.161082,0.390312,1,1,0.426686,0,0.22178,-3595619.993,1724053.365
2291,0,68.6412964,1008.26001,3,2.59111,264.4849854,0.401448,4,271.1879883,12.8976002,340.4299927,0.310912,0.316399,0.365982,0.384637,0,0.506925,0.584599,1,0.105891,0.213921,1,0,0.60807,0,0.204045,-3106891.894,1980403.363
2292,0,97.8771973,2841.370117,1,5.9835401,265.9719849,0.500214,5,268.6799927,11.9387999,66.8178024,0.277278,0.250876,0.315548,0.732137,0,0.577368,0.865664,0,0.0847479,0.183143,3,0,0.617435,1,0.185621,-3396562.207,1964184.566
2293,0,62.1063995,0,3,4.3519502,319.9549866,0.430231,2,640.3909912,8.7128096,17.2261009,0.491417,0.503314,0.412828,0.205174,0,0.447493,0.852593,1,0.245106,0.369719,0,1,0.59409,1,0.226894,-3316308.986,1877680.392
2294,0,71.5509033,0,6,5.5339699,409.7470093,0.484818,1,912.0310059,8.3480797,193.072998,0.520203,0.560251,0.176833,0.0416524,0,0.338406,0.805778,0,0.333086,0.226915,1,1,0.683515,1,0.188361,-3420994.769,1719304.475
2295,0,74.9319992,1000.049988,2,4.7326102,359.2520142,0.457241,4,849.4550171,8.0610704,113.5660019,0.425631,0.346713,0.681583,0.0385035,0,0.316037,0.374412,0,0.0504605,1.00037,2,2,0.721473,0,0.231614,-3543160.922,1873849.685
2296,0,55.9137993,0,3,4.7435002,372.8240051,0.431956,4,169.7859955,9.7929296,228.1999969,0.474335,0.399214,0.182304,0.217769,0,0.509033,0.748256,1,0.232314,0.243592,0,0,0.532402,0,0.236387,-3664897.554,1717296.45
2297,0,59.9588013,1004.900024,3,2.51401,222.529007,0.469382,4,325.368988,10.2418003,228.1049957,0.445525,0.34562,0.279138,0.395339,0,0.607591,0.891062,0,0.159056,0.245136,4,2,0.686451,1,0.236624,-3702505.079,1739639.153
2298,0,84.9238968,2002.48999,3,9.7716799,637.8129883,0.505676,1,761.3189697,8.0910597,29.8127003,0.341977,0.34083,0.285182,0.0160324,0,0.337265,0.729386,1,0.261294,0.616372,0,0,0.628799,0,0.203454,-3576138.074,1690933.097
2299,0,95.6484985,1003.619995,3,3.2322299,504.6839905,0.511491,4,476.8989868,11.1122999,26.6359005,0.321825,0.209965,0.385591,0.718366,0,0.57363,0.89508,0,0.042437,0.105822,2,0,0.650742,1,0.178654,-3406299.052,1953942.83
2300,0,73.6492004,2036.099976,5,8.8977499,527.6339722,0.444695,2,967.6950073,7.8656101,18.6054993,0.519862,0.609101,0.631815,0.0983839,0,0.458956,0.689904,2,0.207433,0.448251,2,2,0.784863,0,0.199983,-3487193.608,1875033.988
2301,0,79.7373962,3112.439941,3,7.1971998,585.5369873,0.495346,3,1083.150024,9.18958,83.5585022,0.444904,0.540249,0.613729,0.0445569,0,0.49356,0.836896,0,0.0798913,0.262775,3,1,0.757211,1,0.172201,-3527471.412,1898717.784
2302,0,64.6544037,2866.449951,5,4.69733,648.3519897,0.422467,1,757.9819946,9.2410803,255.6549988,0.435383,0.460711,0.322327,0.100929,0,0.279171,0.523221,1,0.182896,0.552675,1,2,0.467535,0,0.219492,-3604018.42,1736003.2
2303,0,88.1931992,1000.849976,3,3.59655,181.3950043,0.487586,4,214.3760071,11.4027996,201.1779938,0.435215,0.255478,0.0168514,0.637152,1,0.572086,0.778816,2,0.102379,0.397922,0,1,0.631283,0,0.182521,-3659723.455,1809723.707
2304,0,96.1753006,2018.02002,3,3.18766,165.6139984,0.489948,4,238.4949951,12.9328003,21.1471996,0.246813,0.350837,0.48656,0.607033,0,0.559994,0.889108,0,0.0486465,0.268671,3,0,0.580428,1,0.185306,-3301862.286,2001146.216
2305,0,101.7610016,2857.979981,3,7.4773202,398.802002,0.489913,1,163.2400055,11.8683996,82.8917999,0.290455,0.184932,0.427701,0.581979,0,0.482363,0.563778,2,0.0398965,0.209029,3,0,0.579525,1,0.174883,-3354162.97,1954186.067
2306,0,65.3692017,1000.880005,3,11.6343002,704.5250244,0.419099,2,1031.819946,7.3407602,186.848999,0.528427,0.57027,0.612217,0.0426115,1,0.368101,0.221079,1,0.0864321,0.594147,1,0,0.729442,0,0.235682,-3482610.734,1866154.367
2307,0,69.8201981,1089.449951,3,12.1181002,778.3629761,0.420629,4,995.5670166,8.4746103,162.5919952,0.483333,0.546676,0.654958,0.101145,1,0.387519,0.193582,2,0.168402,0.324589,1,2,0.733015,0,0.206142,-3482611.905,1877488.96
2308,0,77.2713013,0,2,5.1529198,605.8690186,0.520315,2,593.2739868,8.4161596,27.0102005,0.438349,0.490061,0.383084,0.188604,0,0.487444,0.909318,0,0.116167,0.274657,3,0,0.72174,0,0.197802,-3396880.566,1912662.026
2309,0,61.5264015,1001.309998,5,5.8113999,296.5929871,0.399783,1,598.2540283,10.7213001,205.026001,0.274545,0.126699,0.300977,0.347827,0,0.329171,0.601489,1,0.075262,0.544359,1,0,0.51871,0,0.220482,-3194599.6,1952517.253
2310,0,68.7442017,2415.629883,3,4.9050698,304.9960022,0.420939,1,670.0189819,10.5585003,356.697998,0.270886,0.0616651,0.289035,0.45762,0,0.273183,0.640984,1,0.0708083,0.564506,0,0,0.525238,0,0.209894,-3206221.011,1958615.163
2311,0,88.5594025,1001.890015,2,4.0134001,221.720993,0.501078,2,408.7680054,11.5372,81.8654022,0.339924,0.262125,0.260669,0.706142,0,0.502411,0.910117,0,0.0932761,0.200002,2,1,0.667099,1,0.183293,-3303766.492,1961863.611
2312,0,79.0385971,2112.229981,2,4.1255002,462.4100037,0.451064,4,887.4050293,9.2721395,48.0825996,0.424435,0.510412,0.478701,0.163334,0,0.532733,0.889391,0,0.121183,0.32145,2,0,0.741375,1,0.191561,-3434371.061,1923798.76
2313,0,66.7573013,1425.050049,3,2.80182,416.0780029,0.412693,1,370.776001,12.7625999,89.4693985,0.304581,0.392227,0.398068,0.436296,0,0.434919,0.616482,2,0.0791437,0.224263,1,0,0.555973,0,0.200873,-3098878.428,1978416.146
2314,0,84.1288986,0,5,2.4384301,194.2369995,0.493423,4,134.0359955,10.4146996,20.1588993,0.491761,0.240794,0.409716,0.247263,1,0.732404,0.931345,0,0.25799,0.20205,4,2,0.649157,1,0.193352,-3914374.479,1668908.187
2315,0,69.6028976,0,5,2.8380001,455.2789917,0.425272,4,577.1040039,8.4746304,93.8070984,0.481987,0.502066,0.2017,0.0583657,0,0.332478,0.877571,0,0.185131,0.562391,1,1,0.594905,0,0.220397,-3425579.525,1740529.96
2316,0,105.8799973,0,3,2.8376601,226.2480011,0.488338,4,107.7030029,12.4289999,156.1990051,0.331115,0.251807,0.161011,0.698034,1,0.592663,0.895567,2,0.106811,0.198583,2,0,0.613943,0,0.175425,-3422368.331,1977020.474
2317,0,57.7885017,1030.430054,6,7.93679,468.7149963,0.393071,4,607.4609985,10.0253,342.6149902,0.466518,0.433389,0.502146,0.275113,0,0.371799,0.674698,1,0.244006,0.348038,0,1,0.55624,0,0.22007,-3309384.425,1865656.343
2318,0,88.4921036,2417.23999,1,5.6571898,486.9880066,0.530956,4,533.8300171,11.1352997,117.3580017,0.393136,0.431514,0.244033,0.406106,0,0.648738,0.920321,0,0.118093,0.290017,1,0,0.714964,0,0.184219,-3249234.781,1971959.392
2319,0,90.4084015,0,2,2.5200801,374.1340027,0.55227,1,693.5579834,10.4568005,242.2779999,0.315089,0.13989,0.167726,0.371089,0,0.358115,0.76518,0,0.0887056,0.267639,2,0,0.674554,1,0.179787,-3193532.108,1967820.954
2320,0,140.0659943,1419.619995,1,10.9991999,691.6879883,0.551779,3,532.2340088,10.4685001,50.2705994,0.365916,0.410372,0.417746,0.41101,0,0.538726,0.838315,0,0.124467,0.19007,2,1,0.722965,1,0.141039,-3468967.725,1946480.618
2321,0,70.5212021,0,5,4.76862,396.5209961,0.480017,4,326.8670044,9.1757402,200.0339966,0.516525,0.418995,0.407208,0.170126,0,0.47545,0.925155,0,0.346051,0.334252,1,1,0.735156,1,0.209413,-3840451.969,1670727.862
2322,0,64.7811966,0,7,0.909737,428.6270142,0.482575,4,458.5020142,8.8235798,294.571991,0.51058,0.372674,0.230874,0.0613487,0,0.531539,0.90844,0,0.218873,0.42492,3,2,0.68449,1,0.232233,-3726084.017,1693919.045
2323,0,75.9459991,3435.830078,3,9.1378403,475.5440063,0.443237,1,420.125,13.1907997,288.8720093,0.409317,0.348787,0.407806,0.620588,0,0.548958,0.766446,0,0.107183,0.208259,0,0,0.714813,0,0.175781,-3097234.413,2001269.378
2324,0,104.9069977,0,3,5.3463402,372.0440063,0.497942,4,778.5159912,8.3882599,311.8720093,0.483883,0.328044,0.174647,0.0301916,0,0.631374,0.819314,0,0.185489,0.749862,0,2,0.723809,1,0.210937,-3776246.856,1688918.432
2325,0,68.8432999,0,5,1.24028,135.5570068,0.500519,4,544.9959717,9.1757898,8.11759,0.501275,0.361743,0.270354,0.123945,0,0.577424,0.934427,0,0.218156,0.245255,3,4,0.741858,1,0.217861,-3736370.575,1702368.622
2326,0,65.8396988,0,2,5.5997801,582.4429932,0.451738,4,702.7730103,7.7246399,216.3860016,0.477078,0.537869,0.548166,0.101715,0,0.416991,0.556048,0,0.112887,0.665195,0,2,0.704901,0,0.224701,-3475662.815,1883700.411
2327,0,71.7081985,2829.52002,2,1.08183,76.1914978,0.483845,4,260.0809937,10.8850002,15.9652996,0.458809,0.280261,0.206676,0.530259,0,0.688028,0.910881,0,0.135487,0.283427,1,0,0.730336,1,0.220138,-3739488.249,1757996.681
2328,0,67.9335022,0,3,2.0785501,335.2900085,0.515233,4,473.2730103,9.15203,183.473999,0.494164,0.342233,0.207743,0.113013,0,0.566359,0.92866,0,0.214762,0.404711,1,2,0.705569,1,0.227753,-3701894.251,1718443.952
2329,0,97.1645966,1421.479981,3,0.549097,403.6000061,0.468982,4,233.9559937,12.9105997,315.4700012,0.300489,0.290608,0.292591,0.590153,0,0.616159,0.887083,1,0.0812656,0.281762,4,0,0.62879,0,0.191495,-3384948.572,1975889.061
2330,0,71.5177994,0,5,8.3086004,524.2349854,0.436457,4,178.1269989,9.52215,156.1309967,0.519412,0.415784,0.417821,0.2512,0,0.509728,0.924767,0,0.374986,0.198128,0,2,0.751154,0,0.203305,-3842821.708,1679045.403
2331,0,84.8710022,2888.540039,3,7.3137102,596.9140015,0.54826,1,1006.979981,9.07304,251.5610046,0.436827,0.308821,0.270515,0.139856,0,0.408066,0.84677,0,0.0815395,0.135289,2,0,0.708601,1,0.176696,-3339200.059,1938092.944
2332,0,85.5438995,0,5,0.825423,306.375,0.458458,4,121.6920013,9.9654198,36.4598999,0.503722,0.430829,0.47117,0.28094,0,0.527859,0.922505,0,0.291708,0.18966,1,1,0.71084,1,0.210345,-3814415.968,1680211.767
2333,0,90.6016006,0,2,3.8020799,435.8710022,0.564454,3,685.5130005,8.9243097,247.4620056,0.442193,0.577837,0.608105,0.097617,0,0.637515,0.864106,0,0.200549,0.335244,3,2,0.744624,0,0.189726,-3585578.737,1852885.758
2334,0,83.5207977,0,5,6.6047001,740.3150024,0.524127,4,562.5709839,8.6738796,59.4636993,0.467199,0.616862,0.636771,0.1106,0,0.607331,0.877577,0,0.288314,0.330027,1,1,0.757742,0,0.192906,-3581731.612,1828424.466
2335,0,57.2402992,2431.51001,5,4.0500202,476.9729919,0.415787,4,495.197998,9.5610199,269.2200012,0.488688,0.412579,0.147936,0.17713,1,0.553305,0.901191,0,0.2868,0.285813,0,0,0.547756,0,0.238758,-3660631.06,1705138.075
2336,0,96.7518005,1008.51001,2,4.98844,223.2250061,0.563698,4,518.6610107,11.5466003,287.144989,0.369385,0.307162,0.172069,0.648147,0,0.518482,0.868577,0,0.105518,0.137095,3,0,0.702742,0,0.182094,-3273408.024,1969092.747
2337,0,57.4870987,0,5,1.27062,653.6680298,0.406585,4,292.8599854,7.7385201,201.5590057,0.553653,0.427668,0.440601,0,0,0.520113,0.185795,0,0.299861,0.550709,1,0,0.595589,0,0.249703,-3940862.935,1635283.175
2338,0,65.5087967,1414.609985,3,0.383584,188.4920044,0.473735,4,300.776001,10.5755997,287.0029907,0.450268,0.303849,0.276023,0.503268,0,0.66742,0.895055,0,0.145481,0.20267,3,0,0.713222,1,0.230206,-3719543.381,1752135.902
2339,0,75.7354965,1424.839966,5,2.90856,308.348999,0.471178,4,264.3240051,11.4540005,173.5399933,0.323976,0.137992,0.243267,0.662822,0,0.537634,0.825959,1,0.165181,0.41569,0,2,0.673541,0,0.202007,-3688570.293,1804052.296
2340,0,88.9307022,1427.27002,3,6.3441601,327.072998,0.514753,4,639.7280273,11.3781996,35.9197006,0.313044,0.226655,0.155102,0.522282,0,0.509963,0.893335,0,0.118871,0.14293,1,1,0.676881,1,0.16022,-3235702.563,1996062.072
2341,0,63.7789001,0,3,9.6605597,573.3250122,0.461455,4,610.1710205,8.2039003,126.5849991,0.511422,0.321612,0.198891,0.0153072,0,0.475637,0.88418,0,0.213329,0.66632,2,4,0.641768,0,0.224837,-3744172.134,1677356.199
2342,0,72.9628983,2416.639893,6,8.5838203,675.2459717,0.520538,4,768.8599854,8.3762302,89.0028992,0.523886,0.335969,0.125836,0.0073005,0,0.629334,0.924557,0,0.263351,0.568358,1,2,0.641576,1,0.218624,-3701293.014,1701367.981
2343,0,78.8234024,0,3,2.28742,445.8210144,0.518749,4,675.9320068,7.4979901,259.9639893,0.499527,0.410216,0.738863,0.041556,1,0.418491,0.875849,2,0.146128,0.312237,1,0,0.723977,0,0.198395,-3554737.245,1816488.436
2344,0,60.7252998,0,6,4.7449098,369.4590149,0.371261,4,482.8439941,8.4376297,202.6450043,0.53115,0.527936,0.353784,0.134973,0,0.317267,0.770815,1,0.25066,0.288927,0,0,0.586119,0,0.21935,-3475442.259,1784863.913
2345,0,54.7739983,1007.830017,5,2.9948001,271.6640015,0.369969,4,384.2290039,10.2292004,15.8123999,0.509325,0.409378,0.144166,0.28301,0,0.470463,0.427475,1,0.279679,0.461038,0,3,0.537573,0,0.238171,-3623725.5,1770984.253
2346,0,65.360199,0,3,2.9933,563.0620117,0.459205,4,407.1570129,9.1109505,7.1946802,0.505083,0.361381,0.18744,0.138271,0,0.560079,0.833138,0,0.250599,0.514169,0,0,0.663319,1,0.225705,-3681087.015,1716541.089
2347,0,65.7993011,0,3,2.20452,240.8000031,0.42372,1,421.9020081,11.5393,126.4860001,0.471181,0.309965,0.282346,0.51653,0,0.402464,0.69588,1,0.0619481,0.392733,2,1,0.603141,0,0.221596,-3160036.571,1943511.825
2348,0,74.6931992,0,3,4.6482801,271.0239868,0.439666,4,537.2789917,9.0999403,63.3866997,0.475916,0.433008,0.568186,0.19244,1,0.459133,0.309919,1,0.122978,0.561755,2,0,0.572762,0,0.218745,-3589841.843,1815777.091
2349,0,79.0641022,1000.450012,5,4.2481399,226.029007,0.472604,4,266.8959961,10.5777998,120.9100037,0.470027,0.33608,0.447097,0.433443,0,0.562768,0.932116,0,0.161079,0.281859,0,2,0.708158,1,0.212584,-3816112.475,1702007.508
2350,0,75.3895035,1010.369995,5,6.9928002,378.0130005,0.470952,4,221.8139954,11.0878,227.4830017,0.452492,0.283116,0.258625,0.612277,0,0.702153,0.93424,0,0.189051,0.17149,1,1,0.719373,1,0.210013,-3751921.356,1746718.178
2351,0,67.1917038,1001.909973,3,3.81265,359.8450012,0.510104,4,633.7949829,9.4362402,229.8500061,0.496054,0.32852,0.244763,0.157675,0,0.592179,0.925422,0,0.218916,0.294991,3,2,0.718805,1,0.220369,-3714699.499,1716822.289
2352,0,73.6430969,2052.610107,3,7.9827199,426.3930054,0.465543,1,721.697998,10.4399004,23.4575005,0.321349,0.110046,0.241069,0.407594,1,0.363839,0.745889,1,0.0916245,0.279849,1,0,0.614929,1,0.194826,-3214477.711,1965275.028
2353,0,82.6820984,0,3,1.1752501,157.1929932,0.505533,1,570.7849731,10.2150002,75.542099,0.404048,0.447913,0.200878,0.38886,1,0.545339,0.179347,1,0.0670404,0.24939,6,0,0.708074,0,0.200633,-3292143.234,1944804.382
2354,0,67.111702,1012.099976,3,6.0732298,359.631012,0.500706,4,648.3499756,9.1793699,193.8699951,0.496601,0.335387,0.217533,0.0967852,0,0.558256,0.932732,0,0.212762,0.428729,1,2,0.704062,1,0.225901,-3707237.951,1713725.49
2355,0,80.1144028,0,3,1.17469,193.8529968,0.467907,4,84.9436035,11.0656004,335.743988,0.462127,0.331204,0.357883,0.608698,1,0.61731,0.877765,2,0.211365,0.443171,0,1,0.703303,1,0.204075,-3771466.584,1726394.629
2356,0,73.2061996,1439.050049,5,6.09061,440.8970032,0.487589,4,1053.02002,7.3326402,12.4207001,0.509061,0.452676,0.79705,0.0231727,0,0.330178,0.267436,1,0.177922,0.830753,1,2,0.687732,0,0.230792,-3540785.163,1817533.817
2357,0,58.1141014,1426.869995,6,4.0071502,405.822998,0.371697,1,583.78302,9.4906101,241.4190063,0.477428,0.509337,0.03608,0.117432,0,0.457407,0.768391,0,0.310052,0.31639,2,0,0.484348,0,0.230218,-3522531.018,1754187.452
2358,0,78.017601,0,2,5.7992201,385.5950012,0.522922,4,1123.660034,7.5952601,246.4720001,0.522772,0.402834,0.652693,0.012146,1,0.43207,0.902475,0,0.110259,0.596923,2,1,0.734474,0,0.202978,-3562958.431,1797921.544
2359,0,61.9566002,2841.159912,5,1.4277,401.6180115,0.39143,1,650.8099976,9.3963499,13.6697998,0.41589,0.413852,0.200964,0.104213,1,0.206911,0.350207,2,0.122545,0.582524,1,4,0.376964,0,0.235577,-3613793.56,1724894.511
2360,0,69.6821976,1414.26001,5,3.7120399,183.4490051,0.507225,4,420.2630005,11.8171997,197.9309998,0.467524,0.333511,0.237407,0.652864,0,0.483641,0.863848,1,0.0899249,0.241572,1,0,0.709557,0,0.193751,-3129258.534,1957725.704
2361,0,87.4596024,0,3,0.940168,290.7820129,0.507267,4,130.6580048,11.0298004,118.7679977,0.517078,0.274646,0.282226,0.327366,0,0.603197,0.914166,0,0.260981,0.269378,6,3,0.661626,1,0.191372,-3942704.463,1674741.6
2362,0,75.5625,1415.829956,2,2.22858,170.4499969,0.487324,4,312.3089905,10.4644003,46.6548996,0.460251,0.282931,0.344456,0.443439,0,0.666832,0.927508,0,0.14788,0.324948,0,2,0.699539,1,0.211485,-3754303.669,1724157.929
2363,0,86.3198013,1006.01001,2,10.5327997,511.0660095,0.552839,4,840.4370117,8.5313797,63.3577003,0.482413,0.632398,0.655894,0.0882292,0,0.61327,0.615987,0,0.306001,0.342085,2,2,0.77306,0,0.193302,-3579164.444,1834929.333
2364,0,59.4920998,4037.459961,6,6.0149999,862.3839722,0.372289,5,856.697998,9.2440796,358.7940063,0.474243,0.437173,0.138271,0.157116,0,0.363647,0.573599,0,0.268784,0.564873,1,1,0.579166,0,0.235221,-3537717.476,1755006.379
2365,0,76.4308014,0,5,2.0952101,294.8399963,0.490708,4,48.8148994,10.5649004,270.0400085,0.493276,0.225289,0.392055,0.279746,0,0.723193,0.929332,0,0.230942,0.192939,4,5,0.649082,1,0.198092,-3921406.041,1667845.82
2366,0,98.5198975,1429.380005,3,6.0001001,334.5209961,0.542875,2,942.6929932,8.6960697,79.7343979,0.420784,0.246324,0.347358,0.0884011,0,0.295711,0.909251,0,0.0607488,0.414346,1,1,0.676897,1,0.178004,-3431747.055,1938705.643
2367,0,84.7522964,1000.169983,3,6.24612,497.3720093,0.480344,1,665.7579956,8.3675299,12.7786999,0.336204,0.352521,0.277371,0.0340935,0,0.350153,0.877657,0,0.303674,0.31853,1,0,0.606279,0,0.20336,-3579985.642,1697078.404
2368,0,80.7909012,1443.329956,3,12.4077997,614.8480225,0.480115,3,729.6240234,9.13167,295.0469971,0.454705,0.603582,0.592986,0.171203,1,0.63476,0.660441,2,0.300611,0.198591,1,1,0.73983,0,0.193223,-3584264.816,1826483.698
2369,0,62.8078995,0,8,3.8929999,249.5540009,-9999,2,567.3220215,8.6247997,276.6910095,0.482093,0.531979,0.4205,0.161745,0,0.346927,0.837155,1,0.196541,0.336073,0,0,0.596505,0,0.231203,-3389806.961,1809036.515
2370,0,84.1018982,0,5,2.8982201,252.1439972,0.51336,4,619.5059814,9.4909897,63.4435997,0.468259,0.327929,0.320196,0.156971,0,0.615313,0.933506,0,0.170201,0.359468,1,2,0.71115,1,0.200376,-3756062.215,1706376.937
2371,0,75.2110977,1000.77002,3,9.1059504,392.2659912,0.474693,4,411.7909851,9.5920296,345.178009,0.487285,0.34702,0.324499,0.229063,0,0.617427,0.891466,0,0.260204,0.229776,2,3,0.709462,1,0.206388,-3745362.664,1705172.081
2372,0,92.1825027,0,3,3.2625699,375.1600037,0.512649,4,318.3179932,10.1520996,138.3990021,0.445859,0.283809,0.401936,0.329013,0,0.648311,0.916093,0,0.162382,0.343578,0,1,0.678468,1,0.186654,-3771090.375,1712225.092
2373,0,89.9852982,2000.449951,5,4.1886802,287.7869873,0.505301,4,184.3999939,12.4666996,333.9819946,0.336917,0.276546,0.40222,0.684566,1,0.555554,0.687316,2,0.0819521,0.22536,4,0,0.652566,1,0.182012,-3325407.07,1980971.607
2374,0,93.1945038,0,3,1.0214601,295.6340027,0.478993,4,658.6799927,8.5961704,4.7305498,0.485683,0.339718,0.215216,0.0482215,0,0.611672,0.751862,0,0.191262,0.540097,1,3,0.731568,1,0.212717,-3766175.728,1693642.984
2375,0,77.9601974,1001.450012,5,13.3913002,671.3980103,0.514414,1,766.3920288,10.1162996,25.0356998,0.413854,0.491298,0.192037,0.32204,1,0.634514,0.523608,1,0.179311,0.281413,2,0,0.734552,1,0.178344,-3220838.206,1966247.845
2376,0,57.6227989,3054.330078,6,3.72486,831.3770142,0.361935,4,891.9539795,8.9860296,182.3670044,0.441582,0.531028,0.125912,0.107127,0,0.284516,0.899236,1,0.329643,0.59297,0,0,0.462004,0,0.241265,-3468171.332,1757805.99
2377,0,83.8354034,2437.639893,3,5.5162702,390.3160095,0.506343,4,355.8649902,11.8648996,329.9360046,0.4215,0.291867,0.231315,0.713868,0,0.648637,0.465014,1,0.151098,0.356596,0,3,0.709028,0,0.192629,-3674044.065,1825800.99
2378,0,88.1221008,3421.409912,2,0.653113,78.2947998,0.530205,4,476.0849915,11.8120003,312.5660095,0.317061,0.309689,0.243959,0.636803,0,0.630783,0.863796,0,0.0650297,0.246987,1,0,0.667679,1,0.187022,-3241721.741,1991740.305
2379,0,89.1807022,0,4,0.410069,32.4760017,0.444745,4,38.8244019,13.0937004,15.5693998,0.313478,0.299962,0.160903,0.588008,0,0.624732,0.836536,0,0.0717584,0.236239,2,0,0.631165,0,0.196616,-3400115.371,1980643.962
2380,0,88.8599014,1000.340027,3,6.5374999,362.9989929,0.509011,2,874.1290283,9.5312099,134.3950043,0.432025,0.328306,0.244434,0.150798,0,0.347923,0.293386,0,0.137879,0.308346,2,0,0.627734,0,0.206731,-3269308.258,1935750.694
2381,0,88.5375977,3421.25,1,6.05512,269.42099,0.539693,4,691.9550171,11.0010996,108.7779999,0.393592,0.4269,0.220884,0.373517,1,0.640907,0.923676,0,0.134374,0.267619,1,0,0.720182,0,0.17916,-3243930.515,1975022.763
2382,0,102.5800018,4004.639893,3,3.6656799,244.9309998,0.484697,4,251.0939941,12.8219995,33.3796005,0.322432,0.278889,0.363398,0.657959,1,0.59951,0.746277,2,0.0852743,0.277709,5,0,0.664396,0,0.182399,-3357207.598,1983733.659
2383,0,58.9612007,1013.960022,5,4.3000598,447.4100037,0.362686,1,630.1209717,9.3407202,165.5359955,0.486212,0.487976,0.128149,0.103672,0,0.415366,0.851741,1,0.270754,0.579025,1,0,0.551814,0,0.234215,-3532285.668,1760235.45
2384,0,61.2577019,0,6,2.8735299,233.3450012,0.355106,2,519.0230103,8.9278803,173.9579926,0.443618,0.526413,0.450984,0.164708,0,0.38951,0.835809,1,0.250715,0.329244,0,0,0.533557,0,0.231567,-3386995.898,1798927.802
2385,0,62.5068016,1418.150024,3,0.697319,240.5310059,0.499412,4,503.4419861,9.8099899,353.4609985,0.477751,0.312224,0.246037,0.289458,0,0.604105,0.810193,0,0.178482,0.274753,2,2,0.709797,1,0.228841,-3693294.208,1735760.647
2386,0,54.6944008,1023.409973,3,5.8577499,533.3530273,0.426394,4,594.6240234,9.2082596,321.0620117,0.511428,0.3542,0.153128,0.0743091,0,0.455662,0.531577,0,0.257667,0.463119,0,0,0.415952,0,0.244813,-3660528.288,1686446.921
2387,0,82.2689972,2009.5,3,0.886372,429.0050049,0.522448,4,200.9559937,11.0213003,254.0339966,0.46836,0.262994,0.163304,0.585801,0,0.699539,0.955621,0,0.180243,0.255372,3,0,0.758044,0,0.202459,-3731532.399,1777546.454
2388,0,76.9093018,1036.069946,3,8.4225798,680.3779907,0.456193,4,570.2260132,9.4187899,62.7215996,0.41784,0.545751,0.683571,0.511303,0,0.606858,0.425523,0,0.153803,0.19133,2,0,0.742012,1,0.186574,-3506003.761,1887552.817
2389,0,63.6655998,0,6,2.0833001,260.6130066,0.391264,4,584.4849854,8.7656803,237.2310028,0.480338,0.599627,0.471159,0.184097,0,0.466841,0.864365,1,0.180392,0.424923,0,0,0.60298,0,0.238699,-3330838.875,1868227.248
2390,0,79.6760025,1416.099976,3,4.7000399,246.970993,0.498032,1,496.6990051,10.9171,117.2610016,0.374104,0.418539,0.284183,0.515473,0,0.624518,0.833376,0,0.128333,0.260712,1,0,0.6891,0,0.190356,-3242914.485,1965244.989
2391,0,71.6966019,0,3,6.5525098,468.1910095,0.465169,1,336.3210144,11.4326,253.6660004,0.431638,0.332559,0.231761,0.639928,1,0.498764,0.78117,1,0.10102,0.314647,2,1,0.687587,0,0.189959,-3172957.931,1966263.739
2392,0,96.228302,0,3,2.73931,217.0809937,0.517023,2,1092.199951,7.5024099,246.076004,0.355052,0.163314,0.347507,0.0115439,1,0.266599,0.920291,1,0.0517772,0.551703,0,1,0.626004,1,0.217724,-3469593.532,1915635.958
2393,0,76.0821991,0,3,5.0465298,360.9920044,0.486846,1,785.7979736,7.9339099,188.9960022,0.439102,0.342803,0.620516,0.0133142,0,0.413041,0.860434,1,0.133244,0.449644,0,1,0.692856,1,0.196859,-3584464.143,1797384.263
2394,0,75.2826996,2419.179932,3,2.2398601,212.7019958,0.424529,4,278.3110046,12.7412996,83.1471024,0.298491,0.294659,0.127543,0.546976,1,0.573034,0.714775,1,0.0745594,0.5755,0,1,0.617492,0,0.205141,-3210146.929,2014046.903
2395,0,102.564003,2417.370117,3,5.0323701,253.0709991,0.512062,4,283.9200134,13.9171,25.6431007,0.304106,0.292526,0.414719,0.605492,0,0.595317,0.648843,0,0.0987017,0.194577,1,0,0.681532,1,0.166935,-3117037.749,2022162.288
2396,0,92.7695007,2005.589966,3,1.2572,144.6549988,0.480024,4,114.8690033,11.6098003,130.0740051,0.439515,0.230117,0.220831,0.733765,0,0.671865,0.916213,0,0.13313,0.197417,2,1,0.745085,1,0.203459,-3772637.332,1758370.229
2397,0,85.5991974,0,3,2.8129799,151.1799927,0.422073,4,259.8500061,11.9527998,3.4925599,0.382947,0.255077,0.320045,0.605937,0,0.526377,0.511418,2,0.0519134,0.317701,1,0,0.605751,1,0.177714,-3214834.975,1980659.602
2398,0,89.0152969,1027.729981,2,3.3315201,323.2990112,0.502059,2,542.2139893,11.1129999,146.848999,0.410751,0.482856,0.189887,0.627367,0,0.60671,0.917242,0,0.100833,0.200217,3,0,0.781708,1,0.187931,-3283559.567,1953410.877
2399,0,76.7891006,0,7,1.42036,245.2660065,0.507214,4,853.8300171,8.0668297,327.8240051,0.523914,0.322312,0.141657,0.0186972,0,0.637345,0.911306,0,0.171654,0.671541,2,4,0.697553,1,0.226191,-3751833.384,1687893.393
2400,0,62.9002991,3459.100098,2,1.75612,829.5499878,0.43772,4,830.3389893,9.7749596,310.2650146,0.513933,0.529753,0.295226,0.154918,0,0.58401,0.749876,1,0.194487,0.330086,0,2,0.709105,0,0.219983,-3626810.182,1781527.532
2401,0,104.7850037,2001.670044,2,5.2465301,302.0369873,0.523224,4,287.7109985,11.118,101.2050018,0.375866,0.221701,0.106447,0.566382,1,0.483275,0.782308,2,0.0984794,0.318619,2,1,0.58315,0,0.175156,-3650244.114,1813923.906
2402,0,127.7740021,0,1,4.07271,450.7009888,0.586658,4,468.9169922,9.5077,108.3219986,0.438308,0.309152,0.339595,0.203205,0,0.595583,0.878981,0,0.228941,0.284115,2,0,0.707092,0,0.173924,-3638370.192,1812925.022
2403,0,66.3666,1001.890015,5,2.7377,123.0469971,0.435359,2,569.2440186,11.4850998,2.36976,0.43044,0.245356,0.304833,0.556528,0,0.44343,0.845719,1,0.0487638,0.49172,1,1,0.69396,0,0.217308,-3101052.513,1954706.544
2404,0,99.3815002,1000,3,5.54144,406.70401,0.52071,4,341.2149963,10.6752996,61.980999,0.33907,0.219417,0.418069,0.603276,0,0.569192,0.85989,0,0.0460677,0.182419,1,1,0.650897,1,0.178562,-3420193.078,1952701.605
2405,0,98.9615021,0,3,1.4595799,228.5330048,0.498284,4,847.6459961,8.3357601,73.5411987,0.387869,0.24376,0.621319,0.0318456,0,0.264715,0.424962,1,0.0272164,0.978889,2,0,0.617489,1,0.227026,-3549300.493,1883460
2406,0,69.0447006,1013.080017,5,5.6558099,375.4729919,0.486193,4,882.6240234,8.0522404,340.20401,0.530149,0.351248,0.154815,0.0176509,0,0.568137,0.727395,0,0.254999,0.504211,2,4,0.701195,1,0.223871,-3744363.584,1683545.221
2407,0,83.0919037,2010.359985,2,4.2203898,262.42099,0.488849,1,186.1130066,11.6487999,208.7610016,0.431312,0.415665,0.0816046,0.650909,0,0.66517,0.304791,0,0.0910105,0.281023,1,3,0.736131,0,0.186148,-3663089.081,1817612.27
2408,0,139.4210052,0,1,2.66241,419.0190125,0.546913,3,315.7630005,11.0951996,145.4129944,0.331528,0.387671,0.421771,0.704831,0,0.63381,0.93474,0,0.10665,0.0798903,2,1,0.721806,0,0.14315,-3470234.265,1949589.848
2409,0,66.3395996,2831.800049,3,2.02126,201.628006,0.467675,4,201.5200043,10.7166004,36.3911018,0.447001,0.306014,0.270967,0.524525,0,0.677521,0.894925,0,0.152104,0.224962,3,1,0.711754,1,0.221994,-3733475.693,1746632.183
2410,0,61.9729004,2005.219971,3,2.6756999,147.1589966,0.445138,4,297.8819885,10.29,77.9990997,0.44595,0.325226,0.296936,0.392687,1,0.614981,0.817285,0,0.144973,0.364783,2,2,0.684254,1,0.233408,-3722321.179,1729651.521
2411,0,98.6268005,0,3,8.0138302,513.0289917,0.49587,1,120.2160034,13.7376003,75.0427017,0.287756,0.242423,0.471335,0.477185,1,0.495517,0.305762,2,0.0998211,0.203358,2,0,0.58276,0,0.168208,-3089623.657,2019003.655
2412,0,56.6978989,0,6,2.15184,211.2169952,0.387877,1,493.5310059,9.3906298,264.5710144,0.493344,0.662685,0.0561273,0.128594,0,0.443739,0.908517,2,0.282845,0.329961,0,0,0.570659,0,0.230669,-3446486.573,1732051.183
2413,0,71.4330978,1415.75,3,1.10655,144.8789978,0.485528,4,244.2030029,10.9154997,343.3970032,0.456044,0.282807,0.219476,0.580449,0,0.694724,0.913797,1,0.146806,0.230753,1,1,0.728389,1,0.219661,-3741498.485,1755218.911
2414,0,99.3688965,1000.02002,2,0.618949,48.2061005,0.494547,4,87.1997986,13.1976995,118.3069992,0.316733,0.295946,0.343496,0.629694,1,0.620799,0.837616,1,0.0716844,0.163921,5,0,0.653722,1,0.186892,-3365177.329,1987979.458
2415,0,113.7089996,2009.050049,2,5.84198,310.3169861,0.52908,1,350.5809937,11.4463997,107.5910034,0.369432,0.201196,0.170946,0.60938,0,0.610454,0.89214,1,0.11506,0.28388,1,2,0.619812,0,0.174422,-3651814.758,1824816.218
2416,0,62.7593002,0,5,1.48682,89.6186981,0.424542,3,445.6040039,11.6349001,219.2160034,0.415979,0.274449,0.365608,0.485572,0,0.449424,0.809869,1,0.0486236,0.367462,1,2,0.67561,0,0.224944,-3095486.314,1952616.488
2417,0,110.3079987,2478.76001,2,11.9331999,758.3259888,0.515391,5,754.9089966,10.5902996,40.2165985,0.389936,0.223842,0.353229,0.555214,0,0.481167,0.93352,0,0.075413,0.136993,3,0,0.710912,1,0.151553,-3374907.915,1953643.69
2418,0,92.9207993,3012.179932,2,4.9502301,293.1879883,0.50171,1,365.9419861,11.6906996,70.9312973,0.380297,0.237339,0.149743,0.640657,0,0.578582,0.509751,2,0.130447,0.452301,0,3,0.62878,0,0.186575,-3662241.148,1823570.353
2419,0,60.4668999,0,6,4.92803,331.8619995,0.380044,1,567.0280151,9.9809103,54.2557983,0.446881,0.603454,0.549567,0.231933,0,0.52409,0.849694,0,0.246199,0.273089,0,1,0.59617,0,0.225762,-3320300.246,1855571.629
2420,0,95.4791031,1446.420044,5,7.37887,627.4530029,0.461839,2,395.0440063,12.2791996,293.6090088,0.311838,0.253788,0.424103,0.621589,1,0.556021,0.337062,1,0.0924496,0.195762,2,0,0.581463,0,0.175959,-3347920.887,1964085.575
2421,0,65.365097,0,3,1.24383,148.7109985,0.476984,4,290.651001,10.5539999,6.6033401,0.463674,0.293162,0.287634,0.535177,0,0.675874,0.912505,0,0.163705,0.271384,3,3,0.728766,1,0.21906,-3709416.276,1760423.167
2422,0,68.9399033,2022.880005,5,2.1219299,574.2009888,0.440207,1,736.5,9.1746702,43.3807983,0.300208,0.1632,0.34966,0.106458,0,0.183009,0.513497,1,0.10714,0.795452,1,1,0.387144,0,0.222301,-3590626.661,1738112.176
2423,0,70.7089996,0,3,1.7487,399.6340027,0.514215,4,624.7769775,8.6268902,331.243988,0.515526,0.360505,0.155126,0.0368733,0,0.554671,0.94048,0,0.220762,0.599037,1,2,0.695188,1,0.222274,-3697754.364,1707257.022
2424,0,80.8125,1462.680054,2,7.4299898,442.0119934,0.528054,3,878.7659912,8.1688805,119.4680023,0.409327,0.362658,0.523063,0.067627,0,0.319738,0.413287,1,0.0888468,0.444283,2,3,0.633139,0,0.215131,-3481308.695,1901448.64
2425,0,87.044899,0,3,3.5511501,580.447998,0.5132,4,567.8950195,8.0426102,103.9800034,0.562206,0.617667,0.26636,0.0552689,0,0.61603,0.823199,0,0.381121,0.450245,1,1,0.764023,1,0.181557,-3824932.76,1662543.596
2426,0,84.3674011,0,5,8.3027401,602.1749878,0.505425,2,631.2490234,7.5309701,19.1571999,0.564089,0.630861,0.133432,0.0190674,0,0.601691,0.636779,0,0.353294,0.421207,0,1,0.745254,1,0.190868,-3808259.747,1658742.217
2427,0,71.592598,0,5,1.88187,281.0559998,0.481306,4,548.3239746,9.06709,41.9841995,0.525504,0.335393,0.323665,0.0757004,0,0.502393,0.947914,0,0.279741,0.44091,1,2,0.684217,1,0.236448,-3872093.488,1679057.627
2428,0,125.4079971,4416.120117,1,3.4019599,639.6619873,0.575086,3,510.5310059,10.0200996,290.571991,0.367517,0.412068,0.46856,0.391345,0,0.56227,0.908767,0,0.10046,0.266207,1,1,0.731328,0,0.164212,-3481435.339,1935229.387
2429,0,92.8240967,0,3,3.8180499,283.4570007,0.486024,4,341.4200134,11.2205,41.4039993,0.369013,0.234833,0.419397,0.721383,0,0.56814,0.806139,0,0.0421017,0.210886,2,0,0.677651,1,0.1805,-3391016.682,1946764.426
2430,0,78.365097,0,2,5.6080899,392.5880127,0.511798,3,860.7039795,7.5443802,17.5942993,0.484309,0.580965,0.638771,0.007664,0,0.584492,0.914142,2,0.195233,0.761033,0,1,0.72012,1,0.189197,-3576154.803,1800301.471
2431,0,82.2409973,1000.51001,3,1.37657,178.4940033,0.529545,4,183.3820038,11.0885,355.2690125,0.463256,0.273662,0.147007,0.615232,0,0.732417,0.802318,2,0.192731,0.292294,3,0,0.746863,1,0.205265,-3736482.189,1774282.087
2432,0,96.9608002,0,3,5.39148,342.7139893,0.531548,1,247.8829956,12.816,279.1990051,0.154434,0.139122,0.308668,0.582251,1,0.571915,0.521532,2,0.05789,0.201271,1,1,0.571889,1,0.171414,-3253042.585,2013629.006
2433,0,82.5940018,1416.01001,5,7.34407,490.0400085,0.425532,2,282.5849915,12.1563997,225.4349976,0.33777,0.286082,0.313846,0.579578,1,0.551226,0.758462,2,0.0822374,0.407921,0,0,0.629804,0,0.193756,-3207687.43,1980722.976
2434,0,70.6535034,1488.25,3,2.1208701,764.0549927,0.454344,4,936.0640259,8.5299797,293.446991,0.460249,0.436246,0.601811,0.146736,0,0.398438,0.588331,0,0.229382,0.315795,0,1,0.690481,1,0.203481,-3480866.801,1891527.538
2435,0,81.2524033,0,3,5.36131,269.894989,0.521327,4,219.753006,10.0838003,336.0320129,0.520001,0.232702,0.339132,0.252072,0,0.693302,0.80903,0,0.25377,0.312864,6,2,0.633411,1,0.189496,-3948099.341,1666598.587
2436,0,86.9888,0,3,2.41453,191.7259979,0.474216,4,109.7939987,11.8337002,324.7550049,0.495359,0.214323,0.301616,0.524825,0,0.535436,0.900159,0,0.207126,0.612454,6,4,0.594561,1,0.20103,-3932702.013,1681211.83
2437,0,62.4840012,0,6,1.87748,207.5399933,0.387802,1,571.40802,10.8080997,6.60181,0.28292,0.117155,0.265627,0.393476,0,0.339642,0.406761,1,0.058904,0.412574,1,0,0.439875,0,0.230675,-3185164.877,1950190.052
2438,0,69.4301987,0,6,6.2894602,545.9609985,0.475635,1,357.4089966,8.1080799,218.7779999,0.527617,0.464983,0.317116,0.0151562,1,0.419994,0.74122,1,0.340342,0.289874,1,0,0.615809,1,0.215076,-3852614.754,1650525.672
2439,0,99.0128021,1000.200012,3,0.824191,115.7519989,0.498509,4,140.5440063,13.1280003,142.5019989,0.320352,0.2781,0.344105,0.62199,0,0.606043,0.915208,2,0.0626974,0.184126,5,0,0.640805,1,0.185712,-3361344.451,1988778.938
2440,0,92.2405014,1010.169983,2,10.4871998,510.5950012,0.527177,4,401.7449951,10.2409,101.5179977,0.433781,0.493731,0.472275,0.383793,0,0.699043,0.766914,1,0.211598,0.157598,2,2,0.710418,0,0.183178,-3608847.356,1846313.855
2441,0,71.6141968,0,2,4.18576,282.0920105,0.456946,4,365.8450012,9.8814697,168.026001,0.534512,0.445884,0.260581,0.213785,1,0.534091,0.689448,2,0.0909279,0.362864,0,3,0.633804,0,0.214102,-3634913.876,1786548.46
2442,0,90.430397,0,5,5.3047199,324.8039856,0.493183,4,308.1879883,10.6380997,193.7859955,0.393998,0.263843,0.514519,0.365838,0,0.511181,0.895878,0,0.160956,0.648474,1,1,0.664801,1,0.188967,-3791663.05,1708224.485
2443,0,63.5682983,0,3,3.6726501,216.2590027,0.450712,2,762.3549805,8.2559099,304.9530029,0.504658,0.490855,0.377247,0.139196,0,0.440884,0.875894,0,0.235767,0.403881,0,1,0.61474,1,0.227126,-3319873.736,1882373.291
2444,0,87.6632996,1027.280029,2,13.0448999,636.9869995,0.509316,4,897.164978,8.9478397,160.9819946,0.519452,0.524487,0.395646,0.0316078,0,0.562038,0.57825,0,0.170097,0.323374,1,2,0.725723,0,0.187659,-3631435.505,1796599.787
2445,0,76.6071014,1030.630005,3,5.0262799,520.1450195,0.509999,4,264.3089905,11.1775999,268.5799866,0.478842,0.196612,0.369375,0.373021,0,0.703464,0.895802,0,0.233501,0.267183,4,6,0.626252,0,0.19458,-3924743.289,1674756.507
2446,0,66.6561966,0,3,1.3189501,208.1269989,0.448394,2,858.0079956,8.3485203,52.5424995,0.488832,0.44368,0.23697,0.124531,0,0.448393,0.694843,0,0.194242,0.563148,0,0,0.627076,1,0.226431,-3283135.468,1913445.719
2447,0,67.038002,0,4,1.92872,424.4020081,0.438955,4,557.6309814,9.1981697,117.6910019,0.484519,0.381701,0.490904,0.110419,1,0.440373,0.485677,2,0.234627,0.533843,0,2,0.595064,0,0.220927,-3605805.672,1795681.252
2448,0,65.3422012,1003.049988,3,1.63513,155.0339966,0.476577,4,331.131012,10.1428003,154.8769989,0.450978,0.329983,0.268293,0.404414,0,0.610827,0.912057,0,0.154126,0.231706,3,2,0.704694,1,0.236563,-3698161.982,1745550.802
2449,0,109.2929993,3438.679932,3,7.8819399,530.4140015,0.580997,4,649.0529785,12.9492998,259.5880127,0.33305,0.255326,0.197986,0.666538,0,0.529407,0.829277,0,0.123427,0.18073,2,0,0.713752,0,0.160316,-3126718.385,2019239.389
2450,0,72.4944,1000.02002,1,4.7365198,280.3039856,0.444338,4,137.3070068,12.7028999,147.1159973,0.265346,0.183563,0.228343,0.525088,1,0.517915,0.827712,1,0.0626566,0.368176,1,0,0.520189,0,0.193503,-3232087.248,2008853.579
2451,0,116.4049988,1009.429993,2,11.4538002,514.9979858,0.586508,4,579.3829956,9.7593603,235.9199982,0.452819,0.303486,0.305205,0.220817,0,0.610814,0.663943,0,0.269449,0.313696,2,0,0.708078,0,0.185708,-3640849.341,1808723.115
2452,0,58.7722015,0,5,3.01566,683.3339844,0.417487,1,312.4249878,8.1868401,183.8249969,0.531403,0.430074,0.318957,0.0025542,0,0.433907,0.617086,0,0.340632,0.527864,1,2,0.603277,0,0.22928,-3870111.246,1654922.56
2453,0,66.8872986,3417.780029,2,0.557304,159.3269958,0.473789,4,316.2839966,10.7193003,9.2431202,0.455034,0.288859,0.252242,0.519924,0,0.674786,0.904776,0,0.143387,0.24975,3,2,0.727847,1,0.226751,-3725632.304,1758024.671
2454,0,79.5382004,1423.48999,3,0.863363,338.3640137,0.511442,1,636.9899902,11.1606998,126.5309982,0.375647,0.432577,0.254332,0.575086,0,0.628067,0.916961,0,0.0999461,0.279676,1,1,0.705373,0,0.196324,-3258050.885,1961479.294
2455,0,65.4759979,1016.119995,3,5.0020299,243.5980072,0.439423,4,316.8989868,10.5834999,77.2328033,0.46573,0.333489,0.298697,0.516273,0,0.621366,0.916989,0,0.247511,0.344999,1,3,0.717577,1,0.222597,-3692069.894,1758729.843
2456,0,127.2979965,1414.229981,2,2.62291,277.8959961,0.568957,3,467.223999,10.1658001,7.1821098,0.345724,0.396448,0.463295,0.559932,0,0.606019,0.90766,0,0.0796087,0.204328,1,1,0.720014,0,0.162453,-3478745.904,1937378.714
2457,0,64.9299011,2010.780029,1,1.23979,198.6809998,0.438508,4,528.3829956,11.5056,8.1263704,0.470063,0.341253,0.274546,0.533727,0,0.453375,0.873583,2,0.0751222,0.327968,1,1,0.629187,0,0.213447,-3167035.294,1952166.776
2458,0,64.8557968,2030.359985,5,4.88942,592.6680298,0.424182,1,745.4520264,9.8257198,334.4410095,0.394148,0.614569,0.674036,0.0782237,0,0.27778,0.690269,0,0.26378,0.583705,1,2,0.509772,0,0.222497,-3505068.878,1608765.116
2459,0,93.1573029,1006.51001,2,5.1368699,239.227005,0.519124,3,620.289978,9.5822296,57.9262009,0.418372,0.499147,0.636454,0.243644,0,0.655158,0.661728,0,0.162039,0.267437,3,2,0.702764,0,0.20074,-3576185.549,1860384.93
2460,0,79.5519028,0,5,1.77807,217.9279938,0.455496,4,23.7154007,11.7201996,75.1250992,0.460815,0.255995,0.286869,0.724184,0,0.692333,0.926174,1,0.15771,0.565334,0,0,0.734478,0,0.216144,-3785574.846,1746130.654
2461,0,67.0437012,0,2,1.28233,88.0700989,0.473253,4,380.8850098,10.0583,233.5500031,0.465202,0.304394,0.320821,0.355296,1,0.623101,0.835654,0,0.16985,0.302965,1,2,0.698316,1,0.219598,-3738373.051,1718107.971
2462,0,68.7855988,0,1,2.6566401,578.0189819,0.42427,3,301.1740112,9.83284,153.4880066,0.37786,0.315153,0.700664,0.460219,0,0.411262,0.841082,0,0.0772005,0.257206,2,0,0.677735,1,0.195076,-3527258.647,1886606.753
2463,0,48.6689987,1014.880005,6,1.99503,518.2999878,0.386297,1,506.3720093,10.5581999,113.6529999,0.396265,0.595865,-0.241692,0.0742711,0,0.261209,0.771379,0,0.22732,0.665862,0,0,0.369014,0,0.252017,-3495182.712,1736818.099
2464,0,124.2249985,0,1,1.34193,322.2929993,0.557325,4,348.868988,11.2407999,297.8009949,0.349402,0.19229,0.28076,0.641649,0,0.516161,0.837829,0,0.037384,0.164891,2,0,0.667604,1,0.171358,-3437668.087,1972643.388
2465,0,91.7148972,2428.570068,2,2.3034599,355.118988,0.536259,4,938.8969727,9.3698196,165.5870056,0.420451,0.262739,0.409727,0.146313,0,0.421619,0.8539,0,0.0483794,0.333596,2,0,0.683907,1,0.192697,-3417021.342,1939557.58
2466,0,73.9384003,2429.320068,5,0.54351,375.7250061,0.432798,4,493.1610107,10.5523005,43.5241013,0.495561,0.339944,0.144576,0.312529,1,0.496225,0.186756,2,0.093591,0.428793,0,0,0.596239,0,0.219518,-3654245.83,1780470.27
2467,0,66.4356995,0,5,1.11261,278.743988,0.478491,4,272.696991,9.7942305,69.3097992,0.479028,0.323877,0.284635,0.266252,0,0.614789,0.936828,0,0.192203,0.28074,2,2,0.697803,1,0.220262,-3722498.729,1716877.185
2468,0,68.1727982,0,5,5.42098,374.5280151,0.45001,1,637.7839966,8.73878,137.4550018,0.531038,0.522874,0.541138,0.0578377,0,0.497999,0.218443,2,0.119547,0.508526,2,2,0.689928,0,0.215482,-3601703.836,1792719.459
2469,0,97.302803,1001.659973,2,2.4422901,336.3160095,0.525271,4,528.0969849,9.7697001,20.5669003,0.424207,0.508812,0.466242,0.205171,0,0.677191,0.717595,1,0.183461,0.361718,1,2,0.691565,0,0.191533,-3613196.155,1838831.253
2470,0,99.1956024,3020,5,4.7695899,358.1860046,0.500872,4,328.0419922,12.7993002,265.6480103,0.331752,0.283871,0.364002,0.677255,0,0.60398,0.814653,1,0.0951991,0.200549,5,0,0.677582,1,0.180947,-3350100.988,1988011.479
2471,0,95.0600967,2003.77002,3,5.8832202,299.8240051,0.51596,3,262.7799988,11.0225,101.0749969,0.35588,0.421829,0.565741,0.733871,0,0.680753,0.805362,1,0.0970795,0.234885,1,1,0.720755,1,0.172924,-3495396.377,1923076.626
2472,0,81.4677963,1000.450012,3,1.5001,137.4080048,0.483384,4,382.2609863,11.5416002,299.1010132,0.371487,0.397941,0.288486,0.55247,1,0.617079,0.749994,2,0.0716961,0.290777,1,1,0.658863,0,0.199585,-3258688.572,1965329.25
2473,0,68.1968002,1000.030029,3,0.762754,142.0829926,0.470833,4,310.9639893,10.4153004,54.1184006,0.46082,0.312437,0.285317,0.50327,0,0.668653,0.870987,0,0.176563,0.24352,3,3,0.726089,1,0.230354,-3700854.359,1757109.792
2474,0,99.8639984,1415.579956,2,2.3067999,122.413002,0.504842,4,235.4140015,11.5142002,4.8418002,0.451357,0.258422,0.138594,0.679533,0,0.744776,0.916448,0,0.16853,0.425878,0,1,0.74617,1,0.197589,-3764061.877,1767518.767
2475,0,70.0401001,0,5,4.9903998,847.6129761,0.457524,4,354.7999878,7.90838,325.8469849,0.532745,0.277183,0.391607,0.0214445,0,0.593526,0.892966,0,0.29731,0.448839,3,2,0.643719,1,0.213712,-3938968.305,1652150.596
2476,0,88.6149979,2017.579956,1,3.7199299,191.3090057,0.491662,4,474.7860107,10.6380997,52.9338989,0.410916,0.261216,0.451991,0.631782,0,0.553149,0.70543,0,0.0610725,0.175618,2,0,0.698473,1,0.180216,-3402330.818,1940020.436
2477,0,67.2815018,1002.109985,5,3.33322,394.4140015,0.406194,1,619.2470093,11.2103004,312.3250122,0.245673,0.0619497,0.278771,0.530882,0,0.311184,0.65527,1,0.0677042,0.305979,1,0,0.452247,1,0.199263,-3182030.002,1958605.902
2478,0,71.4191971,2434.639893,1,3.9581399,204.5610046,0.517892,1,584.7869873,11.8650999,130.5630035,0.388545,0.250056,0.244187,0.666155,0,0.399599,0.66204,2,0.100893,0.325263,1,0,0.64994,1,0.186065,-3121056.717,1965790.161
2479,0,60.0463982,0,5,3.9076099,625.4760132,0.42699,4,299.0339966,8.0131197,84.5700989,0.534147,0.39698,0.405679,0,0,0.559952,0.551385,1,0.348558,0.339026,3,1,0.606055,0,0.231685,-3927042.206,1641578.923
2480,0,54.8678017,2012.810059,5,0.478159,417.197998,0.392131,4,789.8870239,10.1441002,47.5391998,0.470165,0.306443,0.371928,0.338331,1,0.324111,0.652454,2,0.0952793,0.58064,0,0,0.545233,0,0.233828,-3232454.306,1932014.293
2481,0,73.1520996,0,5,0.943722,89.7195969,0.422859,4,129.4490051,11.1323996,194.6710052,0.491247,0.428285,0.139069,0.484026,1,0.568256,0.785396,2,0.074648,0.373012,0,2,0.704061,0,0.207424,-3670670.336,1792457.944
2482,0,72.2835007,2420.699951,3,1.06625,323.7770081,0.425134,4,266.322998,12.8359003,118.0979996,0.255957,0.236558,0.192145,0.412681,0,0.390051,0.666106,1,0.0446575,0.374876,0,2,0.408925,0,0.210842,-3191864.852,2009270.579
2483,0,84.2145996,0,3,1.53346,343.0469971,0.50537,4,373.322998,9.4687405,290.4979858,0.374238,0.478096,0.600694,0.359517,0,0.596661,0.696508,0,0.060955,0.168195,2,1,0.701575,1,0.167866,-3531650.429,1903652.568
2484,0,69.8237991,2025.300049,7,0.347078,703.90802,0.495569,4,1070.689941,8.3317099,43.8147011,0.522152,0.355752,0.133229,0.0015298,0,0.573151,0.781777,1,0.243991,0.52379,1,0,0.663111,0,0.238486,-3698216.278,1691482.596
2485,0,66.5706024,1000.580017,3,4.7508898,391.3340149,0.425314,2,998.8909912,7.9169998,234.2920074,0.532959,0.568772,0.601785,0.0579203,0,0.405364,0.294181,1,0.0959906,0.446774,1,1,0.750719,0,0.222538,-3478363.72,1876584.269
2486,0,65.6419983,1003.849976,3,0.656961,185.3509979,0.467783,4,361.2929993,10.0159998,249.3739929,0.470134,0.316256,0.307418,0.334195,0,0.616734,0.904147,0,0.161618,0.400073,1,3,0.690136,1,0.222137,-3728510.816,1718340.717
2487,0,63.7440987,2841.76001,5,5.6566901,330.8450012,0.428211,1,637.2470093,11.3905001,65.8376999,0.463405,0.332846,0.270674,0.568835,0,0.433716,0.735252,1,0.0947766,0.316725,1,1,0.65928,0,0.20696,-3170900.6,1953331.271
2488,0,48.8524017,2022.369995,6,1.29878,528.7210083,0.353438,1,522.1790161,10.4696999,184.9349976,0.417771,0.581011,-0.239405,0.103363,0,0.27958,0.681341,1,0.268815,0.483327,0,0,0.408521,0,0.24838,-3492134.436,1735069.917
2489,0,71.5892029,1002.669983,3,1.7223001,137.8350067,0.476937,4,222.6150055,10.5860004,13.5255003,0.46039,0.28357,0.311247,0.5068,0,0.674884,0.936248,0,0.145663,0.267405,0,2,0.707345,1,0.217434,-3748943.563,1731794.738
2490,0,61.1156006,0,3,1.9259599,166.8630066,0.467257,4,185.4940033,10.5101004,244.9609985,0.440613,0.3351,0.287089,0.473229,0,0.650494,0.867376,0,0.156927,0.192521,4,1,0.690163,1,0.224023,-3726235.799,1740226.787
2491,0,104.6949997,0,3,5.82722,404.4609985,0.483429,2,79.0298004,12.1687002,44.7100983,0.259739,0.189138,0.381575,0.629693,0,0.459715,0.455027,0,0.0882507,0.181217,4,0,0.507994,0,0.168598,-3360713.832,1967238.267
2492,0,77.680603,0,2,9.2826004,449.3909912,0.488613,1,976.3519897,7.7368798,151.1300049,0.482618,0.410765,0.633798,0.001406,0,0.502775,0.763098,0,0.135422,0.720138,0,1,0.703334,1,0.191463,-3580648.601,1801082.998
2493,0,93.9442978,1014.130005,3,4.6949801,369.3450012,0.526122,1,351.1489868,12.7326002,201.154007,0.24352,0.313934,0.381145,0.600115,0,0.510104,0.527254,1,0.0486287,0.28324,2,1,0.582495,0,0.181347,-3267656.422,2005101.277
2494,0,97.0269012,3038.879883,1,6.0399199,725.6060181,0.562408,4,1163.73999,10.9236002,231.7709961,0.395229,0.344634,0.142584,0.136106,0,0.419248,0.89011,0,0.141235,0.177187,1,0,0.665236,0,0.158549,-3232122.935,1989538.26
2495,0,85.6856995,1003.880005,6,12.6543999,631.2930298,0.493493,2,402.5289917,10.0517998,268.7550049,0.403894,0.24645,0.452709,0.55582,0,0.522218,0.615144,0,0.0690554,0.199452,3,0,0.628851,1,0.17769,-3388721.571,1930089.926
2496,0,59.7753983,0,5,1.70472,511.8590088,0.424897,2,410.92099,7.9412398,187.5700073,0.536416,0.327777,0.357293,0,0,0.413074,0.159527,1,0.141533,1.2767299,3,3,0.532576,1,0.24585,-3910110.614,1640846.028
2497,0,96.733902,0,1,1.36338,543.9420166,0.581553,1,580.2039795,9.3199797,218.0220032,0.411985,0.284966,0.274126,0.259468,0,0.455203,0.906557,0,0.0703321,0.255071,3,0,0.69805,1,0.175686,-3346408.251,1944033.295
2498,0,84.3694992,0,2,1.52397,347.0150146,0.489344,3,545.3790283,9.19911,157.8860016,0.46196,0.538299,0.547082,0.153563,1,0.651241,0.925191,1,0.213708,0.395623,1,2,0.703395,0,0.206409,-3597617.701,1827872.676
2499,0,85.3814011,0,2,3.66641,334.8980103,0.538857,4,968.9539795,7.5521302,150.4290009,0.489367,0.548223,0.671425,0,0,0.612887,0.914913,0,0.147336,0.434986,1,2,0.709182,0,0.215267,-3572625.575,1825398.719
2500,0,62.9159012,1014.169983,3,5.0342798,278.1610107,0.426268,2,611.2360229,10.6332998,80.6022034,0.426967,0.304878,0.342199,0.473906,1,0.39455,0.706012,2,0.089317,0.406242,1,0,0.610024,0,0.224082,-3248783.202,1945345.138
2501,0,88.6940994,1001.869995,1,7.6974401,467.0880127,0.547665,4,665.7999878,8.9588804,118.4540024,0.445325,0.554807,0.582215,0.15559,0,0.555182,0.707714,0,0.136319,0.205815,3,1,0.7654,0,0.181794,-3490675.797,1902805.773
2502,0,59.8708992,1002.299988,3,1.9579,159.6609955,0.483817,4,382.5369873,9.9357204,88.389801,0.466346,0.311004,0.264152,0.370269,0,0.610946,0.936039,0,0.173499,0.284966,2,2,0.70724,1,0.22597,-3707424.872,1730203.227
2503,0,58.0579987,0,3,4.0866899,523.835022,0.448449,4,398.6560059,8.76262,226.8910065,0.541017,0.403419,0.169326,0.0450048,1,0.501336,0.680292,2,0.305713,0.300429,0,0,0.498063,0,0.235794,-3669929.266,1683371.514
2504,0,68.8182983,0,3,4.2053599,234.3370056,0.41937,2,791.5339966,8.32547,256.8659973,0.467982,0.436654,0.300468,0.173812,0,0.415549,0.893894,1,0.185199,0.454218,0,1,0.622568,0,0.215712,-3312032.612,1903764.417
2505,0,93.6225967,1007.070007,3,2.4287701,202.3739929,0.493772,4,207.5919952,13.0389996,45.3987999,0.318543,0.305066,0.485575,0.675138,0,0.628308,0.911433,1,0.0743943,0.212641,3,0,0.685345,1,0.183682,-3319527.487,1995618.968
2506,0,75.1433029,1000.200012,3,4.3519402,241.9250031,0.447224,4,103.026001,13.1899004,225.8300018,0.264695,0.404699,0.184918,0.613988,1,0.509887,0.663909,2,0.0619303,0.231935,1,2,0.608341,0,0.201535,-3183142.024,2021378.276
2507,0,80.5033035,0,3,0.805658,169.2220001,0.5092,2,968.9210205,8.1124897,54.6771011,0.457423,0.400167,0.183631,0.0574949,0,0.38925,0.814087,0,0.118274,0.590414,1,0,0.69466,1,0.219624,-3292200.072,1926166.742
2508,0,69.1937027,1421.099976,3,3.8610799,229.4100037,0.488215,4,398.5650024,10.3472004,144.3560028,0.468975,0.288343,0.272082,0.435543,0,0.656867,0.926901,0,0.17703,0.298406,3,1,0.729942,1,0.226315,-3707295.863,1756702.547
2509,0,83.8667984,1000.140015,3,2.7903399,128.3939972,0.492013,4,347.881012,11.5333004,130.7380066,0.360116,0.434068,0.256068,0.629016,1,0.647625,0.70474,2,0.0959357,0.238293,2,1,0.703413,0,0.196525,-3264891.381,1963671.324
2510,0,103.1240005,0,3,3.3559501,488.2099915,0.515324,4,475.322998,9.1616297,108.0910034,0.460797,0.334514,0.303075,0.0945313,0,0.615825,0.820485,0,0.181791,0.439785,1,2,0.702526,1,0.189697,-3771486.665,1700438.959
2511,0,67.8988037,1000.549988,5,6.4897499,306.7609863,0.441533,4,373.4500122,11.8865995,129.9179993,0.425071,0.331691,0.291925,0.505554,0,0.455051,0.717929,1,0.138891,0.626752,1,0,0.642066,0,0.198394,-3130678.394,1946454.124
2512,0,96.2009964,2424.350098,2,3.8153701,279.7730103,0.51123,4,375.5769958,11.0200005,157.8840027,0.457788,0.470989,0.0879533,0.522984,1,0.673988,0.753825,0,0.111898,0.27839,0,1,0.765742,0,0.175394,-3654602.358,1809911.35
2513,0,74.9356995,2023.709961,2,4.2613001,265.6480103,0.484281,4,1040.5,8.2185497,331.3699951,0.434259,0.535811,0.381787,0.0699025,0,0.46988,0.928898,0,0.0956783,0.426385,2,0,0.74454,1,0.217666,-3422434.284,1911583.659
2514,0,132.4859924,0,1,7.2796898,583.0579834,0.585634,4,844.7009888,8.5289898,239.7890015,0.478934,0.314091,0.392412,0.0291463,0,0.572427,0.899341,0,0.27762,0.42004,2,2,0.659417,0,0.169694,-3634205.237,1809905.463
2515,0,68.6044006,1021.830017,5,5.44555,468.7860107,0.430463,4,875.4689941,7.82973,68.8981018,0.476808,0.331596,0.756705,0.0782319,1,0.325509,0.827116,2,0.135049,0.59724,1,1,0.586345,0,0.232452,-3530167.766,1813327.614
2516,0,97.4002991,0,5,4.8692999,266.848999,0.492994,4,454.2630005,10.0481005,195.5899963,0.444899,0.36264,0.442602,0.196345,0,0.52527,0.475946,0,0.196611,0.634165,1,0,0.683528,1,0.187855,-3781577.772,1705170.445
2517,0,57.8974991,3835.469971,3,1.93059,310.9790039,0.344842,1,740.440979,11.0148001,281.9590149,0.28246,0.125725,0.309624,0.409305,0,0.364822,0.49433,1,0.077518,0.642355,1,2,0.472911,0,0.235761,-3182288.888,1944526.868
2518,0,98.8665009,0,2,1.58021,129.1410065,0.485886,4,36.3338013,13.3250999,66.4330978,0.312723,0.305417,0.330187,0.627168,0,0.634176,0.905369,1,0.0745166,0.207866,4,0,0.650735,0,0.190506,-3371007.799,1986951.112
2519,0,63.762001,0,3,0.305343,323.0119934,0.446905,2,779.5,8.1849499,217.848999,0.494421,0.521599,0.39813,0.130095,0,0.391908,0.910284,0,0.206127,0.376501,0,1,0.668611,1,0.232742,-3326183.412,1873285.475
2520,0,108.3219986,0,3,4.2593298,394.3420105,0.503403,1,101.8000031,12.0861998,106.3339996,0.307091,0.26894,0.371594,0.682777,0,0.568606,0.809457,0,0.0961502,0.13342,3,0,0.642294,1,0.173047,-3365926.409,1966543.048
2521,0,90.8435974,1427.050049,5,2.4390099,454.8150024,0.499967,4,388.2909851,12.4052,229.2980042,0.167422,0.136277,0.371635,0.565444,1,0.529327,0.529681,1,0.0433962,0.250928,2,0,0.551653,0,0.187885,-3291071.812,1983943.734
2522,0,98.4809036,1420.670044,3,2.9864299,210.5279999,0.502275,4,204.4290009,13.2459002,93.969902,0.338453,0.306118,0.343715,0.68987,0,0.601898,0.931232,0,0.0874509,0.12412,4,0,0.687377,1,0.183616,-3358109.205,1995587.794
2523,0,80.2907028,1002.840027,8,8.0473404,705.4710083,0.505009,4,531.1149902,8.9160204,37.9136009,0.448275,0.548513,0.647958,0.259862,0,0.554691,0.745923,0,0.149298,0.206623,3,0,0.759387,1,0.185285,-3500552.381,1892528.2
2524,0,63.8387985,1415.400024,2,2.19613,214.0220032,0.441888,4,565.4229736,10.9069004,79.7703018,0.43069,0.414032,0.353577,0.518703,1,0.560945,0.512784,2,0.0732615,0.363691,1,0,0.646391,0,0.223259,-3247524.196,1950419.928
2525,0,63.5228996,0,5,2.1069,129.5359955,0.427877,3,464.9700012,11.5264997,20.343399,0.45164,0.232364,0.332017,0.503311,0,0.411648,0.751449,2,0.0377479,0.410314,1,1,0.648051,0,0.221702,-3098715.265,1952642.264
2526,0,61.7262993,0,5,6.5439501,335.2890015,0.406115,1,609.5469971,9.5279799,251.826004,0.500148,0.729101,0.0907233,0.113514,0,0.477868,0.848747,0,0.365433,0.194923,1,1,0.659742,0,0.209605,-3431646.152,1722911.021
2527,0,75.1874008,0,5,1.94743,473.0809937,0.494157,4,341.5490112,8.6971102,103.1869965,0.544275,0.329023,0.369661,0.040717,0,0.567696,0.910811,0,0.322016,0.280881,4,2,0.647256,1,0.211657,-3912370.313,1658083.503
2528,0,63.5229988,1415.579956,3,2.0909901,146.2089996,0.47336,4,357.756012,10.1747999,13.7965002,0.455517,0.324157,0.272268,0.409109,0,0.6193,0.811687,0,0.152117,0.238002,3,3,0.70905,1,0.237185,-3700315.867,1743025.064
2529,0,55.4486008,2424.639893,7,4.1435599,493.0109863,0.378164,1,646.809021,9.6774101,208.7129974,0.444918,0.613687,-0.0335086,0.120293,0,0.342728,0.766712,1,0.386229,0.464078,0,0,0.528264,0,0.237892,-3461272.025,1731877.079
2530,0,84.0231018,0,3,3.2772601,375.1650085,0.496467,1,481.3380127,10.5593004,41.7478981,0.425682,0.481371,0.23283,0.568376,0,0.551135,0.811797,1,0.105651,0.255643,3,0,0.771703,0,0.199047,-3275535.483,1943756.35
2531,0,57.7583008,0,5,0.766033,142.8630066,0.458946,4,205.7559967,10.3023996,218.7290039,0.454715,0.317947,0.291655,0.379797,1,0.583732,0.871856,0,0.122614,0.294022,4,2,0.643847,1,0.234357,-3716668.719,1732492.284
2532,0,65.9405975,2416.5,3,5.1410098,223.8079987,0.434243,2,464.1809998,11.7046003,95.1849976,0.463024,0.311455,0.310125,0.577833,0,0.42121,0.693939,1,0.0973425,0.417003,1,0,0.68234,0,0.203379,-3103290.516,1960110.468
2533,0,78.8583984,1000.090027,4,3.84145,209.6790009,0.497924,1,403.2229919,9.7168999,119.0930023,0.416543,0.319959,0.469165,0.522507,0,0.525862,0.852777,0,0.0670736,0.129596,2,0,0.678416,1,0.170962,-3382168.404,1920340.348
2534,0,74.1958008,0,5,0.640487,358.1059875,0.451733,4,33.6585007,10.9139004,135.848999,0.461101,0.330401,0.349041,0.535444,0,0.572113,0.922901,0,0.136072,0.628075,0,1,0.702185,1,0.218004,-3815531.605,1706218.724
2535,0,101.6520004,3423.860107,1,0.887877,306.2399902,0.556658,1,517.5300293,12.1829996,87.0739975,0.178873,0.121513,0.279602,0.673015,0,0.493919,0.820009,0,0.0495521,0.21671,4,0,0.621897,0,0.17473,-3284809.572,1993980.225
2536,0,64.6676025,0,5,3.68436,187.6600037,0.397408,2,684.7550049,8.5914497,334.3970032,0.473275,0.538925,0.398621,0.14128,0,0.369048,0.915404,0,0.23361,0.43374,0,0,0.607478,0,0.228428,-3398842.99,1794469.232
2537,0,94.7281036,0,3,1.60805,244.6150055,0.517058,4,325.428009,10.2340002,198.75,0.387349,0.297368,0.423467,0.57608,0,0.540246,0.891689,0,0.0693494,0.111726,3,0,0.681979,1,0.171471,-3374266.1,1936167.676
2538,0,95.3759003,1000.130005,3,2.4170699,134.3730011,0.49209,4,151.1100006,12.8872995,22.2420998,0.317313,0.283823,0.420001,0.674918,0,0.630388,0.945553,0,0.0621882,0.14527,4,0,0.672566,1,0.180151,-3332426.269,1992389.546
2539,0,64.8447037,1017,6,9.2885599,434.29599,0.413364,2,857.0640259,7.7288299,226.1009979,0.499387,0.551163,0.361497,0.0605828,0,0.331632,0.823155,1,0.252687,0.546742,0,0,0.696114,0,0.240556,-3437906.222,1784826.38
2540,0,62.7364006,0,5,2.0105801,321.9299927,0.376204,4,657.460022,9.1370697,25.8407993,0.4861,0.454253,0.417092,0.271172,1,0.404678,0.542895,2,0.170359,0.34684,0,1,0.562914,0,0.224135,-3316629.648,1892286.698
2541,0,82.7966995,1055.569946,1,10.4273996,545.2739868,0.506424,4,682.6680298,9.5239697,107.3349991,0.457216,0.581186,0.593434,0.23991,0,0.655383,0.899478,0,0.277227,0.265496,3,2,0.748494,0,0.191121,-3582575.896,1837777.943
2542,0,80.774498,2429.600098,5,3.3944499,194.5130005,0.498487,4,231.927002,11.0601997,32.1039009,0.499379,0.215207,0.307589,0.354247,0,0.707869,0.913138,0,0.227953,0.25854,6,4,0.658397,1,0.191157,-3935547.67,1675565.456
2543,0,78.7755966,1000.73999,3,2.03866,122.4720001,0.493501,4,183.4100037,11.1400003,295.6069946,0.460513,0.276058,0.167824,0.592898,0,0.719191,0.946557,0,0.157334,0.314824,1,1,0.73587,1,0.21429,-3744710.474,1764536.971
2544,0,74.8436966,1052.969971,5,6.2291398,569.9060059,0.4778,4,410.6669922,9.4029102,323.8540039,0.519277,0.259266,0.392326,0.129283,0,0.676664,0.822223,0,0.29588,0.224458,4,3,0.638571,1,0.197509,-3916282.789,1661413.372
2545,0,83.2542038,0,3,1.99903,194.1419983,0.523992,4,584.9429932,9.2090902,80.8524017,0.476134,0.331525,0.286899,0.107759,0,0.596073,0.916696,0,0.155333,0.401152,1,3,0.723763,1,0.203841,-3754047.561,1702848.576
2546,0,85.8956985,1008.809998,2,8.29632,407.4349976,0.569876,4,866.1099854,8.0904799,295.8529968,0.428125,0.578278,0.68417,0.0464526,0,0.563198,0.88383,0,0.149795,0.491159,1,2,0.746739,0,0.204815,-3559514.54,1862629.349
2547,0,81.8227997,1418.050049,5,4.22896,519.7160034,0.510092,1,866.3720093,8.0713797,336.5650024,0.345877,0.296184,0.291794,0,0,0.326739,0.888023,0,0.184737,0.610357,0,2,0.609685,0,0.221548,-3576005.994,1684128.114
2548,0,75.6856995,0,2,9.4489498,535.5360107,0.468118,4,554.4920044,9.29883,202.8769989,0.507954,0.522474,0.410682,0.113719,0,0.569719,0.282258,2,0.152782,0.470316,1,2,0.722275,0,0.197246,-3622596.249,1799454.378
2549,0,87.8311005,0,5,2.3861799,405.4989929,0.539702,1,1084.089966,6.8756299,181.9570007,0.507902,0.337627,0.674585,0,0,0.542555,0.646739,1,0.0552121,1.20366,2,3,0.70626,0,0.232328,-3561233.021,1827990.929
2550,0,68.8867035,1481.98999,5,5.1273999,465.0190125,0.457691,4,1052.109985,7.8000398,120.0240021,0.489359,0.452272,0.714522,0.0310752,1,0.195042,0.138795,2,0.0495991,0.379763,0,2,0.676006,0,0.214708,-3535208.796,1868748.111
2551,0,96.9653015,0,2,0.87483,218.8339996,0.551554,1,697.6019897,10.4145002,342.1929932,0.350516,0.226771,0.186611,0.277045,0,0.415948,0.289994,1,0.0731661,0.318433,2,2,0.620145,0,0.17408,-3227650.655,1973410.121
2552,0,85.0207977,2415.080078,1,5.6395302,370.2980042,0.555942,1,301.0220032,12.1682997,29.1826992,0.171206,0.11033,0.206773,0.670545,0,0.484316,0.277422,0,0.0602728,0.184357,1,0,0.585186,0,0.171893,-3239765.999,2005168.121
2553,0,58.8208008,0,5,7.4590001,394.6629944,0.444426,4,514.4589844,8.8924599,289.427002,0.521036,0.390368,0.240593,0.0468313,0,0.515308,0.928103,1,0.28892,0.322734,0,0,0.603637,1,0.226207,-3720095.881,1690160.537
2554,0,71.0230026,3001.100098,3,5.0721502,254.0130005,0.450261,4,148.8840027,12.9180002,241.1719971,0.308768,0.34135,0.193663,0.55061,0,0.553642,0.785988,1,0.0979119,0.285654,1,2,0.65864,0,0.203994,-3183639.405,2014093.504
2555,0,97.5065002,1038.390015,5,0.819632,618.7559814,0.463577,1,334.0650024,12.3685999,110.3410034,0.289028,0.153051,0.456614,0.57367,1,0.310931,0.1904,2,0.0341746,0.175676,2,0,0.450108,0,0.173373,-3350063.701,1958666.815
2556,0,96.3065033,0,3,0.489161,272.3389893,0.537589,4,265.2229919,12.1454,155.8990021,0.171598,0.141184,0.283823,0.665368,0,0.524788,0.813437,1,0.0465139,0.193068,2,0,0.626772,0,0.184469,-3278161.832,1988039.225
2557,0,86.5280991,1018.619995,5,8.94767,430.4750061,0.494745,4,904.5650024,8.9010096,336.743988,0.520374,0.402948,0.402307,0.0349739,0,0.386941,0.871545,1,0.0862358,0.3178,1,2,0.630987,0,0.190176,-3630022.558,1793511.772
2558,0,104.1169968,1009.969971,3,5.40132,257.0169983,0.557259,4,901.7680054,9.3204498,304.5280151,0.403883,0.231544,0.386114,0.139103,0,0.315442,0.907067,0,0.0588826,0.388802,1,1,0.671135,1,0.18515,-3432959.717,1946391.74
2559,0,112.6019974,0,3,1.37828,118.0839996,0.562515,4,608.1959839,10.1687002,57.9555016,0.367579,0.197691,0.396099,0.320291,1,0.351663,0.633423,0,0.033126,0.293758,1,1,0.644158,1,0.185016,-3435775.016,1957904.796
2560,0,68.3494034,0,5,1.35531,326.2999878,0.501493,4,567.7299805,8.9143295,180.2389984,0.507527,0.356309,0.188099,0.0632108,0,0.551936,0.924633,0,0.223709,0.431994,1,2,0.708175,1,0.225584,-3701745.813,1710980.806
2561,0,67.1548996,1001.919983,3,3.7406001,196.8789978,0.456827,4,310.3659973,12.3504,122.6100006,0.378111,0.377754,0.267714,0.55036,0,0.508104,0.73366,0,0.13158,0.231475,1,1,0.67687,1,0.203315,-3139154.859,1960205.124
2562,0,78.5530014,1000.01001,2,8.8434601,650.9910278,0.549095,4,855.9489746,7.2749901,90.7774963,0.533977,0.377062,0.69473,0.0049789,0,0.462714,0.906349,0,0.112351,0.496968,2,1,0.726089,0,0.204549,-3564067.873,1811924.463
2563,0,100.7480011,0,5,1.39116,513.8560181,0.484395,1,27.0555992,11.9869003,291.5409851,0.297736,0.29921,0.386195,0.665408,1,0.607891,0.8676,0,0.116298,0.1555,4,0,0.645979,1,0.165679,-3353140.602,1965522.774
2564,0,67.4598999,0,3,2.85747,387.0390015,0.498972,4,567.0880127,8.9161196,87.3430023,0.50384,0.344017,0.206207,0.0705007,0,0.543758,0.943615,0,0.213711,0.50989,3,2,0.707813,1,0.22843,-3714243.304,1705073.543
2565,0,109.5039978,0,2,3.43312,248.2570038,0.56955,4,673.6950073,9.07302,268.177002,0.477417,0.340683,0.400258,0.0744489,0,0.591131,0.925048,0,0.244982,0.293562,2,2,0.704848,1,0.185868,-3630601.177,1804613.491
2566,0,53.2481003,0,5,1.00106,229.3679962,0.412909,4,222.7510071,9.7739201,313.4689941,0.465582,0.484367,0.106977,0.12789,0,0.541253,0.788973,0,0.251869,0.269416,0,2,0.525724,1,0.258833,-3643171.817,1710158.994
2567,0,56.7470016,1029.630005,5,3.9354899,390.8259888,0.39898,4,760.4439697,9.3680296,313.4389954,0.477132,0.449461,0.32633,0.269371,0,0.458268,0.572428,0,0.253323,0.307752,0,1,0.541086,0,0.225744,-3276099.728,1893645.257
2568,0,136.4219971,0,2,9.3364296,569.3909912,0.566747,2,1058.630005,7.5953798,267.1279907,0.47931,0.253385,0.424872,0,0,0.590831,0.775483,0,0.18786,0.513572,2,2,0.606423,1,0.173284,-3624784.817,1811532.788
2569,0,120.2659988,0,3,2.2114301,249.4680023,0.558804,4,560.9849854,10.0441999,64.1289978,0.35247,0.202128,0.405236,0.315497,0,0.351059,0.875388,0,0.0426908,0.279454,2,1,0.64904,1,0.188741,-3444371.294,1954333.961
2570,0,91.1088028,1017.200012,3,10.4043999,476.5469971,0.500464,4,425.4930115,10.6806002,236.1309967,0.406612,0.260083,0.437931,0.65436,0,0.570527,0.699311,0,0.0728344,0.119871,2,0,0.700899,1,0.17687,-3401796.848,1943010.111
2571,0,97.6871033,2414.860107,3,1.1305701,81.5403976,0.491114,4,74.9760971,13.5577002,83.5714035,0.335429,0.314289,0.326051,0.662048,0,0.624064,0.80357,0,0.0822298,0.145081,4,0,0.678677,1,0.190499,-3364601.053,1997339.24
2572,0,69.2776031,0,5,2.1254799,269.6990051,0.435169,4,172.4190063,10.6133003,214.0800018,0.521987,0.433198,0.147973,0.340183,1,0.552484,0.398655,2,0.121746,0.328428,0,2,0.659454,0,0.219073,-3655150.45,1777466.509
2573,0,78.9425964,0,5,1.94893,275.2019958,0.455434,1,619.447998,10.6922998,290.0150146,0.290258,0.110559,0.238273,0.465065,1,0.354595,0.310592,2,0.0765728,0.44009,1,0,0.601552,0,0.1987,-3193450.861,1962145.448
2574,0,83.7651978,0,3,8.0515499,659.0490112,0.484272,4,547.776001,10.4075003,169.8999939,0.410387,0.272029,0.46824,0.576958,0,0.521816,0.913566,0,0.0748214,0.131025,3,0,0.680522,1,0.17767,-3398921.376,1933180.318
2575,0,69.3808975,0,5,4.9956002,530.7369995,0.476598,4,154.897995,9.4918299,295.4530029,0.492512,0.321524,0.392673,0.274195,0,0.596766,0.915141,0,0.261992,0.216658,1,2,0.733814,1,0.210483,-3851246.134,1681137.212
2576,0,64.5044022,0,6,2.1510301,258.0180054,0.399889,2,680.1220093,8.0691404,240.1269989,0.487474,0.52442,0.363996,0.0775057,0,0.332933,0.870437,1,0.172974,0.525812,0,0,0.590568,1,0.245824,-3421354.747,1786220.779
2577,0,67.6980972,1010.679993,3,4.1631598,230.7510071,0.456515,4,361.9240112,10.5425997,291.8399963,0.464623,0.299239,0.295556,0.534762,0,0.677427,0.857436,0,0.225676,0.269082,2,3,0.721263,1,0.223834,-3700737.983,1761341.902
2578,0,88.5967026,2005.079956,3,5.8083901,312.1390076,0.53695,2,1082.729981,8.1838198,330.7019958,0.449484,0.291111,0.313774,0.049459,0,0.27832,0.868957,0,0.0694432,0.240745,2,0,0.705225,1,0.169537,-3427501.528,1931590.13
2579,0,54.6641998,2001.189941,1,6.2016802,316.4190063,0.369883,1,410.3590088,9.8025103,78.427803,0.439056,0.485545,-0.0517328,0.167163,0,0.255269,0.874567,1,0.305104,0.418058,1,0,0.459348,0,0.236778,-3524207.096,1748608.068
2580,0,59.7303009,1026.23999,5,5.3916101,511.54599,0.361438,4,689.4249878,9.4992905,239.2160034,0.469599,0.422843,0.405748,0.261793,0,0.436341,0.617475,1,0.235633,0.317999,0,1,0.548398,0,0.221827,-3303727.019,1891225.572
2581,0,112.560997,0,2,0.808534,255.576004,0.544273,1,276.7269897,10.9232998,117.6090012,0.377918,0.231091,0.155544,0.570875,1,0.642914,0.696843,2,0.116094,0.323907,2,1,0.654492,0,0.179845,-3646925.081,1815995.021
2582,0,63.1617012,1009.76001,3,2.7105601,654.7299805,0.366367,4,732.2630005,9.4909201,220.0789948,0.479116,0.426162,0.425036,0.234305,0,0.371163,0.388569,1,0.174769,0.344117,0,1,0.535053,0,0.222201,-3313459.573,1894959.083
2583,0,62.7487984,2414.350098,3,1.73734,159.5480042,0.478868,4,231.6399994,10.4707003,193.1410065,0.453112,0.305384,0.276507,0.482248,0,0.658986,0.895625,0,0.155155,0.264444,5,2,0.715709,1,0.223948,-3723106.01,1745432.686
2584,0,78.330101,2033.069946,3,11.5580997,558.5830078,0.46431,4,605.9050293,9.6122398,323.4370117,0.426796,0.504032,0.671707,0.429173,0,0.580425,0.744945,0,0.133963,0.161994,3,1,0.729458,1,0.177918,-3509704.03,1892302.814
2585,0,62.7336998,4042.77002,5,2.9184699,314.8210144,0.400337,1,774.4500122,11.0572004,259.9079895,0.298416,0.122451,0.263696,0.494296,0,0.380787,0.803471,1,0.0871964,0.368374,1,2,0.558433,0,0.216484,-3177875.676,1950954.649
2586,0,54.2382011,0,5,7.86936,461.1059875,0.386355,2,443.3259888,6.9104199,16.8880005,0.609876,0.370951,0.218746,0,0,0.52585,0.733592,1,0.289698,0.640262,1,0,0.431937,0,0.244896,-4138584.888,1454235.308
2587,0,69.7614975,1002.609985,4,2.8659899,402.6040039,0.448411,4,667.3109741,9.82446,273.3900146,0.513901,0.448589,0.278939,0.166175,0,0.513156,0.875459,1,0.130839,0.464213,0,3,0.614508,0,0.215269,-3629588.639,1783649.156
2588,0,106.5719986,0,3,2.84185,281.1279907,0.488154,4,127.8550034,11.7025003,96.8688965,0.449382,0.234172,0.161141,0.68379,0,0.692583,0.759319,0,0.16798,0.63701,2,1,0.732023,0,0.19637,-3769647.732,1768719.535
2589,0,80.4587021,2422.330078,3,4.04808,521.5780029,0.499008,3,1017.440002,9.00949,62.4658012,0.425714,0.524552,0.602433,0.0477729,0,0.490032,0.925673,0,0.0700218,0.297567,2,0,0.75056,1,0.17509,-3530580.203,1898793.693
2590,0,71.4825974,1017.940002,7,8.68503,510.4979858,0.475197,4,495.1700134,9.3555899,149.5559998,0.525933,0.248521,0.386421,0.0892293,0,0.653621,0.924884,0,0.29906,0.255358,5,5,0.617503,1,0.194134,-3923255.988,1660511.004
2591,0,76.6745987,1415.619995,3,10.4203997,630.0139771,0.488846,3,1040.25,8.4034405,84.3259964,0.437747,0.5642,0.386502,0.0697489,0,0.46987,0.921196,0,0.11005,0.303279,2,0,0.767332,1,0.200285,-3409848.229,1911194.128
2592,0,65.3249969,0,3,2.7711301,417.7810059,0.504516,4,388.5079956,9.3093796,42.4570007,0.495931,0.341242,0.211333,0.182809,0,0.591393,0.858781,0,0.242293,0.344093,0,2,0.698146,1,0.224336,-3690254.463,1725105.589
2593,0,97.7429962,3011.429932,1,5.3906898,272.2929993,0.533311,1,445.0050049,12.2097998,256.0379944,0.181514,0.131035,0.29992,0.675972,0,0.52065,0.904248,0,0.0618073,0.19853,2,2,0.622267,0,0.1725,-3290586.112,1989840.155
2594,0,74.1570969,3475.840088,3,1.80509,983.1069946,0.452947,1,1138.969971,9.0597496,22.3787994,0.459994,0.386766,0.564567,0.0177837,0,0.34102,0.500516,1,0.293776,0.917369,0,2,0.577436,0,0.206832,-3596432.919,1759794.668
2595,0,61.7756004,1004.210022,3,3.1099401,165.3609924,0.468067,4,360.3909912,10.1280003,107.0439987,0.460758,0.318278,0.285448,0.374034,0,0.620113,0.902431,0,0.168052,0.379236,4,2,0.697357,1,0.231568,-3715811.867,1728438.638
2596,0,98.8828964,2000.23999,3,1.92489,137.9790039,0.510674,4,161.6629944,12.8297005,37.2720985,0.336107,0.295611,0.358499,0.692687,0,0.591716,0.919882,0,0.0841894,0.194551,5,0,0.683816,1,0.179753,-3347969.005,1991058.296
2597,0,63.2291985,0,5,6.5060701,492.3739929,0.428844,4,427.2739868,9.3411398,132.5299988,0.478906,0.392447,0.424575,0.144549,0,0.442084,0.65271,2,0.332361,0.294044,1,1,0.570652,0,0.20917,-3614067.07,1769721.212
2598,0,72.2972031,1459.23999,6,6.06637,812.0120239,0.482701,1,948.302002,8.9507198,88.1905975,0.300308,0.23866,0.463972,0.0601303,0,0.330736,0.711813,1,0.190185,0.537553,0,1,0.51348,0,0.212417,-3594103.842,1744181.154
2599,0,80.1652985,1419.75,3,0.486865,159.9210052,0.474241,4,212.7330017,11.2343998,240.6459961,0.453645,0.274909,0.177776,0.634074,0,0.710197,0.806325,0,0.148634,0.251202,0,1,0.737228,1,0.210172,-3751091.846,1760773.558
2600,0,63.9603996,0,3,4.8412299,451.1130066,0.418462,4,583.4940186,8.1157904,234.5950012,0.497917,0.39868,0.651265,0.118935,0,0.397654,0.844128,1,0.189694,0.428725,0,1,0.572446,0,0.228813,-3525165.805,1803950.215
2601,0,77.697197,2436.919922,3,8.5685101,385.5759888,0.438816,1,427.0150146,13.1521997,67.6239014,0.420835,0.350386,0.394555,0.663645,0,0.542196,0.682378,0,0.113993,0.195213,1,0,0.714606,0,0.174133,-3097351.902,2004613.146
2602,0,63.9631996,1032.199951,3,7.5401201,457.4389954,0.441596,4,582.6569824,9.2642298,220.2680054,0.501346,0.381481,0.192648,0.124419,0,0.53728,0.943766,0,0.302383,0.196759,0,0,0.623334,0,0.217439,-3680473.012,1706876.334
2603,0,88.9542007,1000.090027,3,3.5947499,582.6069946,0.552335,4,1014.659973,7.0114198,204.9589996,0.519088,0.365883,0.677289,0,0,0.534918,0.77778,0,0.0813812,1.04396,0,3,0.725344,0,0.223725,-3562175.643,1834601.711
2604,0,55.9202995,0,7,7.2353902,596.6350098,0.405805,1,291.993988,7.3954,41.2117004,0.589754,0.388114,0.217694,0,0,0.54048,0.534959,0,0.313121,0.450715,2,1,0.559602,0,0.234075,-4148494.177,1452945.907
2605,0,75.7343979,0,5,4.6805801,373.0109863,0.505217,4,241.2709961,9.6911602,273.2590027,0.524158,0.243736,0.361882,0.192325,0,0.678692,0.941234,0,0.291299,0.324148,6,3,0.630226,1,0.192301,-3942190.025,1662768.705
2606,0,67.3591995,1427.859985,5,2.0609701,352.9949951,0.43013,4,452.4179993,12.0341997,175.677002,0.437482,0.360097,0.327715,0.445534,1,0.443518,0.548204,2,0.0804918,0.479054,1,1,0.622322,0,0.207063,-3148272.241,1946443.543
2607,0,67.0639038,0,3,1.19677,309.7810059,0.430727,2,831.5689697,7.9319401,342.0899963,0.515139,0.415973,0.366422,0.0905482,1,0.280836,0.606494,2,0.111268,0.688842,1,2,0.608256,0,0.231959,-3332931.428,1897440.61
2608,0,68.9860992,2002.359985,3,2.5673299,151.3529968,0.457486,4,261.4620056,12.6113005,42.158699,0.361816,0.365939,0.246844,0.59531,0,0.516625,0.778549,0,0.10207,0.203357,1,1,0.69598,1,0.20017,-3131026.258,1972887.653
2609,0,69.0155029,0,5,3.3903601,392.5669861,0.410715,1,675.9869995,8.4127102,110.5889969,0.464783,0.420051,0.346733,0.147808,0,0.380917,0.5664,1,0.139541,0.57888,0,2,0.597825,0,0.222253,-3328176.088,1907616.067
2610,0,67.7444992,1433.910034,5,4.24471,350.7850037,0.416185,4,402.5369873,12.6553001,115.7409973,0.353574,0.331428,0.420241,0.519481,0,0.440974,0.622629,2,0.08571,0.310408,1,1,0.591987,0,0.196356,-3091448.485,1980378.963
2611,0,105.6279984,1007.659973,3,2.3303399,319.4070129,0.535828,2,1330.51001,7.5501199,141.9720001,0.350098,0.176511,0.335816,0,0,0.282027,0.921585,0,0.0649414,0.584062,1,1,0.659237,1,0.211438,-3471313.235,1919451.352
2612,0,67.2310028,0,3,7.1890502,784.7069702,0.459158,4,536.0689697,8.1220102,117.8000031,0.420916,0.416135,0.550762,0.171599,0,0.391519,0.811894,0,0.166495,0.423999,0,1,0.656321,0,0.212458,-3475439.236,1892312.492
2613,0,72.3988037,1010.669983,5,4.7669601,315.3919983,0.350353,1,241.246994,13.5864,209.5879974,0.399725,0.368074,0.412874,0.451824,0,0.540883,0.774616,0,0.104319,0.197408,0,0,0.676066,0,0.197303,-3113099.508,1999944.862
2614,0,104.1689987,2008.910034,3,1.34848,321.5599976,0.51031,1,396.75,11.2820997,15.0916996,0.358697,0.219153,0.121305,0.599099,1,0.55078,0.256638,2,0.092558,0.394004,1,1,0.584594,0,0.178106,-3653162.813,1819375.567
2615,0,99.3641968,0,3,4.9198399,330.8829956,0.534839,4,195.7030029,13.5004997,303.7359924,0.320522,0.318823,0.344665,0.635484,0,0.614072,0.580892,0,0.110443,0.129101,1,0,0.702216,1,0.163939,-3117392.945,2019065.794
2616,0,60.9627991,0,5,0.491862,324.8070068,0.382431,3,549.8469849,8.8356104,15.6864996,0.474435,0.454943,0.350357,0.141011,0,0.405599,0.504254,1,0.242598,0.389931,1,0,0.539234,0,0.224767,-3398028.074,1770771.628
2617,0,83.7472,1001.340027,5,2.57021,483.2810059,0.509766,3,533.6760254,9.5671101,218.6600037,0.388882,0.510001,0.642886,0.534838,0,0.627817,0.912632,1,0.100676,0.226629,2,1,0.735431,1,0.186838,-3499897.08,1897824.699
2618,0,79.4642029,0,5,4.8031301,507.20401,0.459775,2,302.2479858,8.7364702,139.852005,0.515766,0.473029,0.351016,0.0789183,0,0.381625,0.526726,1,0.321197,0.707729,0,0,0.69481,0,0.209006,-3800322.724,1669191.769
2619,0,62.9077988,1042.160034,5,1.5243,783.4089966,0.397487,1,961.7369995,9.0856705,312.7929993,0.332734,0.26597,0.281682,0.0465705,0,0.270434,0.780258,1,0.17945,0.927606,0,0,0.449009,0,0.22817,-3566300.16,1680835.104
2620,0,65.9235992,1010.729981,3,1.68397,340.0690002,0.435536,4,512.34198,9.4848804,48.0533981,0.499906,0.545993,0.37042,0.209897,0,0.496032,0.911309,0,0.200759,0.470643,1,2,0.649439,0,0.227398,-3607523.899,1754014.002
2621,0,80.6298981,1470.890015,3,11.9778004,831.8969727,0.465267,4,890.7000122,8.5267296,98.3405991,0.562778,0.493986,0.3288,0.0400145,0,0.433408,0.910088,0,0.387861,0.317967,0,0,0.753239,1,0.195057,-3805950.685,1666576.694
2622,0,91.4862976,0,3,1.03807,69.2328033,0.494688,1,470.3179932,11.2205,28.3059006,0.344257,0.318737,0.182034,0.670706,1,0.496032,0.740535,2,0.0444522,0.306495,5,1,0.669179,0,0.192617,-3294473.763,1958128.622
2623,0,77.6791992,0,3,3.3680699,472.5310059,0.49623,4,524.2620239,8.4815798,53.3450012,0.563327,0.512537,0.332966,0.077755,0,0.491998,0.983337,0,0.355921,0.36054,1,0,0.758607,1,0.194743,-3827688.707,1663954.119
2624,0,71.1444016,0,2,1.41961,398.70401,0.46838,4,281.625,11.3195,238.2949982,0.37239,0.494753,0.311997,0.600916,0,0.657357,0.829383,0,0.12052,0.194488,1,0,0.72236,1,0.207436,-3261232.196,1953164.901
2625,0,87.7792969,1462.73999,3,11.3326998,634.9229736,0.51049,4,472.7130127,9.9492798,145.173996,0.524602,0.260444,0.388725,0.107984,0,0.679872,0.640871,0,0.332999,0.171313,4,2,0.612819,1,0.184505,-3911661.269,1670408.72
2626,0,76.219902,1002.799988,3,5.7914901,388.4660034,0.482521,4,1180.699951,7.7021298,77.8150024,0.417275,0.391651,0.336883,0.0364865,1,0.371256,0.874241,2,0.0651532,0.802135,2,0,0.60909,0,0.231713,-3439592.518,1910865.175
2627,0,71.9020996,2000.550049,3,4.2934198,353.322998,0.481362,4,217.8910065,12.5570002,153.6340027,0.386212,0.30568,0.290001,0.598086,0,0.479951,0.795775,0,0.118108,0.187657,1,1,0.679134,0,0.192872,-3118766.613,1976143.933
2628,0,73.8805008,1424.98999,5,1.52025,444.6220093,0.483626,4,286.446991,11.0633001,44.889801,0.498604,0.216778,0.372209,0.330511,0,0.719984,0.911473,0,0.237032,0.26798,4,7,0.65239,1,0.198624,-3926206.285,1670834.818
2629,0,135.6840057,1034.719971,2,15.8099003,689.2670288,0.567331,2,865.0499878,8.7679195,8.65973,0.446003,0.294964,0.407465,0.0381998,0,0.51839,0.938377,0,0.244329,0.391084,2,2,0.684102,0,0.165951,-3632813.392,1826589.594
2630,0,56.9782982,1006.880005,5,7.4895802,365.0400085,0.40096,4,725.0720215,9.46698,95.188797,0.520395,0.609392,0.337622,0.248379,0,0.533889,0.738817,0,0.254506,0.323794,0,1,0.694546,0,0.225294,-3276530.317,1884792.967
2631,0,60.7220001,0,1,9.5124998,621.9099731,0.420323,1,205.3869934,8.8885098,210.3190002,0.520987,0.399253,0.387296,0.0957074,0,0.470864,0.905774,0,0.402685,0.304154,1,1,0.61604,1,0.21272,-3861537.89,1658341.343
2632,0,71.7179031,1011.900024,3,4.9458499,437.0650024,0.464366,4,694.1010132,8.7837,300.4920044,0.511433,0.381803,0.165487,0.0637537,0,0.529732,0.855421,0,0.318118,0.235685,1,2,0.660482,1,0.211988,-3688502.78,1704248.642
2633,0,67.6713028,0,3,3.2051201,300.3890076,0.493095,4,502.2569885,8.9626503,39.6069984,0.49856,0.350599,0.203259,0.102027,0,0.546975,0.915754,0,0.220697,0.471845,3,2,0.705544,1,0.225434,-3709829.387,1707797.376
2634,0,88.805397,1004.729981,3,6.5029001,295.4559937,0.512118,4,139.0370026,12.0425997,288.0270081,0.470864,0.294792,0.154735,0.747201,1,0.62001,0.327514,1,0.244246,0.40016,0,3,0.73442,0,0.202895,-3726545.583,1802839.213
2635,0,87.1009979,1002.390015,3,7.1346502,343.0650024,0.56213,1,841.0269775,9.1648798,350.1260071,0.426069,0.290602,0.244868,0.195645,0,0.442526,0.90438,0,0.0658123,0.172419,2,0,0.695795,0,0.172683,-3334496.13,1942189.448
2636,0,91.8205032,0,2,2.7788501,369.2319946,0.477832,3,578.1970215,9.2549496,76.8303986,0.429851,0.470067,0.51688,0.153704,1,0.603712,0.841407,2,0.178619,0.546036,1,3,0.657655,0,0.197201,-3605022.474,1831570.188
2637,0,80.2229004,0,3,2.3448999,225.0800018,0.503704,2,934.3569946,7.90168,51.6865997,0.458534,0.391835,0.32059,0.0567584,0,0.382363,0.854581,0,0.109986,0.621573,2,0,0.70023,0,0.216825,-3366940.445,1913728.9
2638,0,58.0674019,0,5,9.8666296,435.6950073,0.403858,4,387.7850037,9.7343502,169.9089966,0.487923,0.398098,0.327325,0.188644,0,0.396282,0.744534,1,0.341555,0.270479,0,1,0.580595,0,0.215712,-3614839.271,1773681.596
2639,0,78.8637009,1000.01001,3,2.67746,181.9060059,0.417447,4,59.2830009,13.1943998,127.7590027,0.301169,0.34278,0.124086,0.530693,0,0.585773,0.573985,1,0.0918148,0.219394,2,1,0.657873,0,0.203935,-3194479.388,2020450.336
2640,0,64.2401962,1061.199951,3,12.7214003,603.1900024,0.453525,4,498.855011,8.1042299,82.2099991,0.547927,0.315421,0.378022,0.0051458,0,0.638073,0.901116,0,0.32322,0.32222,2,3,0.65304,1,0.217194,-3918899.877,1646130.478
2641,0,93.6174011,1415.599976,2,4.4556899,273.427002,0.531728,1,234.0850067,11.6426001,109.1969986,0.328913,0.273823,0.390663,0.691005,1,0.528835,0.822084,2,0.0934976,0.204794,2,0,0.659466,1,0.183077,-3341383.804,1957570.306
2642,0,65.0277023,1020.549988,5,10.8948002,509.3330078,0.474934,4,587.7039795,8.8461304,58.110199,0.516188,0.388939,0.253055,0.0812108,0,0.539359,0.746634,0,0.29684,0.311892,0,2,0.683445,1,0.210284,-3735551.996,1691056.632
2643,0,67.4953003,1037.329956,3,10.7974997,642.6669922,0.470322,4,952.1779785,7.4917598,230.0549927,0.465819,0.639635,0.712896,0.0424591,0,0.471113,0.881962,0,0.134269,0.274471,1,2,0.799546,0,0.219497,-3528458.169,1867570.706
2644,0,56.9789009,1033.589966,3,1.35957,627.7020264,0.428037,4,962.9869995,6.03266,239.9839935,0.626217,0.496564,0.210793,0,0,0.66043,0.886544,0,0.263635,0.513157,1,0,0.538886,1,0.255894,-4124400.725,1468723.618
2645,0,96.239502,0,1,3.5836599,476.4809875,0.563187,1,155.9940033,12.5684004,307.6950073,0.168901,0.153508,0.240314,0.674764,0,0.595814,0.837361,0,0.0708558,0.119128,2,0,0.644148,0,0.168423,-3248140.612,2014608.529
2646,0,61.6124992,0,6,4.8787599,274.4020081,0.405511,4,434.006012,9.08255,278.8200073,0.439079,0.570088,0.449098,0.175459,0,0.377608,0.809238,0,0.263309,0.315289,0,0,0.596781,0,0.220435,-3395425.413,1791124.527
2647,0,60.3270988,2436.840088,8,7.8770299,505.5159912,0.36056,4,727.7319946,9.4514503,12.5777998,0.458272,0.43122,0.417757,0.297913,0,0.417391,0.834927,1,0.253458,0.463139,0,1,0.605151,0,0.22169,-3305687.071,1887638.504
2648,0,56.5920982,1455.26001,5,9.1307001,641.0109863,0.4273,4,667.2680054,9.0207596,293.6119995,0.516471,0.372045,0.273403,0.0542021,0,0.504621,0.512641,0,0.28451,0.351846,0,0,0.531671,1,0.22537,-3724790.374,1687049.206
2649,0,70.2680969,0,5,7.8390198,476.3389893,0.448211,4,567.4450073,8.1718197,72.4141006,0.491778,0.300067,0.677628,0.119211,0,0.277009,0.826028,2,0.136982,0.910238,0,0,0.520395,0,0.212779,-3545618.321,1804454.574
2650,0,55.1128998,0,3,0.739573,149.7359924,0.419635,4,273.9790039,9.9788704,39.7296982,0.447331,0.521422,0.165718,0.22265,0,0.383547,0.88375,0,0.307395,0.344367,1,1,0.534906,0,0.24597,-3643004.813,1729172.32
2651,0,66.4372025,3013.73999,1,1.3969001,419.2179871,0.413338,1,483.5910034,12.2302999,144.2779999,0.383871,0.340075,0.320915,0.429615,1,0.446086,0.490039,2,0.115963,0.571068,2,1,0.604473,0,0.207578,-3147654.072,1949620.487
2652,0,96.4792023,1414.329956,3,1.07708,105.6520004,0.490127,4,156.6690063,12.8183002,45.9273987,0.310442,0.289265,0.404349,0.654589,0,0.603767,0.840772,1,0.0725099,0.221734,4,0,0.657647,1,0.185821,-3344318.614,1984278.867
2653,0,106.413002,1000,2,7.79321,612.4459839,0.556464,3,221.0330048,10.7040997,244.4889984,0.345177,0.410487,0.529114,0.674923,0,0.660409,0.914032,0,0.102261,0.10252,1,2,0.717807,1,0.161992,-3491175.872,1928252.798
2654,0,89.4372025,1444.459961,2,1.84112,634.7709961,0.491903,3,577.1500244,10.5549002,93.6876984,0.381223,0.433964,0.624325,0.654504,0,0.621415,0.886069,0,0.0836944,0.123337,1,1,0.710275,1,0.174811,-3494241.725,1908983.414
2655,0,81.0660019,1013.52002,7,15.7545004,858.5029907,0.48634,4,539.5809937,11.6313,133.7879944,0.371933,0.257986,0.173927,0.550423,0,0.512433,0.773705,0,0.166685,0.187324,1,1,0.697637,1,0.1594,-3233879.678,1998557.351
2656,0,70.2083969,1000.630005,3,1.05409,164.322998,0.4786,4,324.3829956,10.5749998,102.0339966,0.463056,0.291876,0.300938,0.507275,0,0.683958,0.937174,0,0.148693,0.26996,1,2,0.710089,1,0.215792,-3745331.653,1734319.51
2657,0,62.8432007,0,5,2.79707,236.473999,0.405861,1,459.0270081,11.3755999,59.0976982,0.343285,0.18106,0.283819,0.466454,1,0.372185,0.624212,2,0.0679751,0.415239,1,1,0.520547,0,0.228602,-3167662.698,1945698.455
2658,0,63.3193016,1007.369995,5,1.82532,421.4509888,0.413115,1,770.2310181,9.5950804,148.4199982,0.393609,0.547046,0.710782,0.0500437,0,0.220674,0.676198,1,0.144851,0.487194,1,2,0.483569,0,0.235775,-3520216.779,1614717.666
2659,0,83.5414963,1023.479981,2,5.8213801,490.7569885,0.480339,3,721.3859863,9.8521204,209.9140015,0.442174,0.553144,0.541607,0.237656,0,0.669439,0.863574,0,0.246353,0.371774,1,3,0.73527,0,0.192993,-3592797.539,1839346.649
2660,0,54.5547981,0,3,0.768435,75.3159027,0.454382,4,216.1450043,10.4305,63.8623009,0.42167,0.363914,0.294448,0.361605,0,0.592862,0.805529,1,0.124444,0.332448,4,2,0.658806,1,0.235899,-3712989.422,1737425.007
2661,0,76.1080017,0,3,14.4660997,961.559021,0.484782,4,552.1469727,7.6241598,152.923996,0.470367,0.620706,0.689413,0.0896941,0,0.460859,0.849204,0,0.177677,0.350641,2,2,0.791354,0,0.207215,-3512432.822,1873363.607
2662,0,74.7659988,1425.140015,5,3.78917,355.7720032,0.458909,1,207.1690063,12.0438995,57.4732018,0.395731,0.272456,0.259407,0.594944,1,0.541102,0.446516,2,0.124089,0.503077,0,0,0.637195,0,0.204483,-3682481.501,1816615.367
2663,0,65.0598984,0,3,1.20344,207.3630066,0.445223,2,914.059021,7.8117599,268.9790039,0.500302,0.483804,0.379832,0.0749871,0,0.399013,0.861707,0,0.213339,0.689589,1,0,0.68979,1,0.231378,-3333177.927,1879787.958
2664,0,66.1219025,1022.710022,5,4.2791901,545.0759888,0.448923,1,675.3690186,9.1351299,148.0359955,0.43058,0.419232,0.328734,0.10031,1,0.195161,0.448144,2,0.13671,0.504318,2,1,0.418284,0,0.21224,-3599866.851,1733768.708
2665,0,51.8969994,2424.209961,6,5.4808898,506.5750122,0.350986,1,566.0239868,10.0537996,291.9530029,0.371461,0.601063,-0.0872264,0.12321,0,0.290897,0.535861,0,0.268859,0.345764,1,0,0.467597,0,0.244897,-3533145.653,1743298.092
2666,0,75.4219971,0,4,1.1997499,517.7949829,0.465071,4,380.2080078,8.5768805,242.0950012,0.436828,0.568915,0.703437,0.376345,0,0.557423,0.911785,0,0.164572,0.209185,4,2,0.751743,0,0.191316,-3512566.149,1878881.392
2667,0,67.3631973,1414.23999,3,1.39885,111.4599991,0.474492,4,279.6040039,10.3936996,2.4016199,0.459598,0.290122,0.302694,0.480533,0,0.661637,0.808661,0,0.129828,0.313202,1,1,0.704717,1,0.222586,-3740188.646,1731304.171
2668,0,77.2897034,2463.26001,1,4.4532599,486.9219971,0.448483,2,576.40802,13.1046,163.973999,0.426051,0.321088,0.387385,0.695769,0,0.521601,0.693652,0,0.088885,0.175698,1,0,0.722837,0,0.17347,-3100189.75,2002807.816
2669,0,71.5292969,1020.98999,2,9.4375296,534.9180298,0.47146,4,995.9509888,8.0150299,104.2910004,0.467084,0.587084,0.691298,0.050912,0,0.448407,0.518874,0,0.140541,0.564057,1,2,0.775977,0,0.204916,-3522368.92,1877527.515
2670,0,62.2481003,3016.360107,5,1.67737,378.5130005,0.385924,1,716.3330078,11.3317003,165.5789948,0.284904,0.135945,0.27335,0.508484,0,0.366909,0.550956,1,0.0866376,0.55329,1,1,0.571881,0,0.226382,-3164881.592,1939884.088
2671,0,69.7718964,1427.979981,5,2.68945,477.7630005,0.42645,4,531.3829956,11.9355001,92.3855972,0.402784,0.349016,0.311058,0.431305,1,0.437163,0.755604,2,0.112549,1.51651,2,1,0.601501,0,0.201375,-3144256.989,1943775.626
2672,0,105.802002,0,5,2.3828001,201.147995,0.526748,1,212.8609924,13.6388998,41.3111992,0.313188,0.300675,0.434804,0.609627,0,0.619708,0.865616,0,0.0976143,0.192818,2,0,0.695212,0,0.165869,-3094026.219,2020296.817
2673,0,55.7248993,2829.080078,6,3.83165,468.5010071,0.376421,1,590.0939941,9.9537201,231.8739929,0.491685,0.723525,-0.0568439,0.1553,0,0.500715,0.773877,0,0.345988,0.279994,0,0,0.644499,0,0.236517,-3459483.624,1728211.614
2674,0,77.3440018,0,3,1.19734,292.2550049,0.447442,4,158.322998,13.7708998,187.2319946,0.401861,0.385794,0.448649,0.527655,0,0.570282,0.687408,1,0.0902753,0.216348,0,0,0.669904,0,0.190263,-3144453.52,2015951.216
2675,0,67.3276978,0,5,2.8034899,179.2640076,0.396814,4,247.8670044,12.3301001,172.9810028,0.345929,0.345572,0.412218,0.377731,1,0.496328,0.697445,2,0.144507,0.234163,1,0,0.657263,0,0.208986,-3091832.253,1970775.524
2676,0,82.8712006,0,3,2.3272099,388.4689941,0.515253,1,815.8880005,7.9653201,267.7409973,0.350595,0.324681,0.28532,0,0,0.389539,0.80107,1,0.213723,0.496157,1,0,0.646701,0,0.21833,-3582105.458,1690374.701
2677,0,65.0994034,1004.530029,5,5.8703599,456.3720093,0.410124,4,537.3109741,8.6768398,313.8630066,0.47372,0.47826,0.246677,0.0865258,0,0.372096,0.894488,1,0.254127,0.383713,1,0,0.529878,0,0.217806,-3416873.177,1750003.787
2678,0,78.3268967,0,3,2.69471,216.6920013,0.533571,2,1029.430054,8.0471096,84.1023026,0.488883,0.356501,0.22501,0.0437694,0,0.385896,0.906167,0,0.0679983,0.30676,1,0,0.753681,1,0.1953,-3326634.167,1927655.449
2679,0,88.6560974,0,3,4.4748998,531.21698,0.508578,4,701.9190063,8.6848001,163.6869965,0.431807,0.31499,0.320618,0.161084,0,0.416922,0.921888,0,0.0658567,0.252657,3,0,0.688665,1,0.189239,-3356703.865,1930357.749
2680,0,86.1763992,0,3,3.61393,276.3410034,0.47057,1,345.4689941,9.9720497,152.2180023,0.427007,0.415687,0.507392,0.348319,1,0.542648,0.62031,2,0.105934,0.357973,1,3,0.581972,0,0.198418,-3598711.031,1837861.495
2681,0,73.6444016,1004.289978,3,3.22188,184.6900024,0.436855,4,214.1519928,12.5195999,99.4904022,0.33543,0.300538,0.212586,0.54614,0,0.590699,0.588531,0,0.0799926,0.280067,0,0,0.617989,0,0.191547,-3223854.134,2005470.932
2682,0,70.7416,1012.429993,3,1.59393,433.3410034,0.481838,4,293.2669983,9.7242498,52.9272003,0.512413,0.293288,0.355618,0.229904,0,0.571227,0.925796,0,0.188443,0.792858,1,4,0.740434,1,0.228781,-3857929.456,1690564.826
2683,0,83.3888016,0,3,1.18469,92.8743973,0.486129,4,112.3249969,13.7006998,177.3070068,0.355433,0.390459,0.410188,0.598905,0,0.582955,0.754958,0,0.103326,0.115923,1,0,0.691782,1,0.179785,-3141506.259,2018227.761
2684,0,62.7481003,0,3,1.61467,223.4199982,0.454597,4,159.9080048,10.5113001,295.1130066,0.444152,0.334255,0.297567,0.457024,0,0.645977,0.623499,0,0.158145,0.292711,3,3,0.68775,1,0.225475,-3729272.363,1734912.36
2685,0,135.0449982,2003.780029,2,6.9283299,527.0900269,0.570135,3,255.9669952,10.7560997,56.4328995,0.331633,0.390249,0.441312,0.711192,0,0.656652,0.922437,0,0.0914043,0.239284,2,1,0.715417,0,0.156973,-3475686.666,1944476.201
2686,0,57.3219986,0,6,4.0560598,408.4679871,0.368296,4,416.9909973,8.4417696,290.0350037,0.480754,0.48359,0.366391,0.114808,0,0.201574,0.848838,1,0.177848,0.347486,0,0,0.422385,0,0.226604,-3464975.52,1787377.845
2687,0,83.1651993,2007.77002,3,0.236245,325.1830139,0.47978,4,256.0650024,13.6222,256.4169922,0.391599,0.383603,0.3996,0.610427,0,0.54923,0.855509,1,0.0722386,0.148214,1,0,0.711505,0,0.181109,-3139578.225,2015790.588
2688,0,73.4893036,2421.370117,3,2.1449001,333.8240051,0.42306,4,382.7579956,12.5362997,355.8599854,0.328526,0.212485,0.157401,0.536927,1,0.486688,0.387858,2,0.0428495,0.324219,0,0,0.543181,0,0.204214,-3205886.397,2008320.741
2689,0,55.9501991,1002.419983,5,1.02865,273.7550049,0.354613,2,773.6760254,10.1849003,90.9228973,0.467256,0.347377,0.346067,0.279516,0,0.354858,0.685256,2,0.114755,0.489574,1,0,0.487227,0,0.246749,-3225795.753,1913233.503
2690,0,107.3570023,1450.380005,3,9.1632204,654.4140015,0.486704,5,480.0039978,11.1582003,16.9358006,0.329145,0.218336,0.402836,0.653398,0,0.508399,0.857539,0,0.0514755,0.1759,4,0,0.676426,1,0.156575,-3364813.877,1948918.323
2691,0,71.3383026,3838.780029,3,2.5832701,416.5289917,0.447535,4,379.7120056,11.1246004,134.5469971,0.46162,0.26875,0.253128,0.609214,0,0.5002,0.610674,1,0.203628,0.94114,2,0,0.682866,0,0.216859,-3718416.205,1784542.398
2692,0,67.0199966,1002.219971,3,1.29159,131.6849976,0.401807,2,379.5950012,12.1618004,19.1009998,0.402371,0.295095,0.340459,0.392055,1,0.406886,0.471716,2,0.0645243,0.298767,1,0,0.598744,0,0.209775,-3106628.799,1966561.787
2693,0,87.0285034,0,3,8.81985,814.1959839,0.504915,4,552.0880127,7.72295,19.1021004,0.569428,0.640076,0.17214,0.0363375,0,0.610598,0.80896,0,0.3914,0.500254,0,1,0.760512,0,0.181114,-3812606.519,1661662.989
2694,0,88.6400986,0,7,2.5520999,613.40802,0.530338,4,282.8280029,9.1384296,200.3609924,0.522881,0.2684,0.351979,0.0637574,0,0.664464,0.792591,0,0.309342,0.320284,6,3,0.61432,1,0.19011,-3908282.327,1668989.122
2695,0,88.0633011,1421.380005,6,1.63876,340.6650085,0.496503,4,427.1929932,9.8029203,155.9149933,0.45656,0.315856,0.365354,0.209017,0,0.616306,0.925024,0,0.16022,0.305395,0,2,0.695478,1,0.190973,-3761372.716,1706876.264
2696,0,70.6737976,0,7,3.9877701,545.5980225,0.468557,4,277.428009,8.8709602,82.6104965,0.521681,0.261618,0.38953,0.0866937,0,0.679769,0.873813,0,0.338243,0.334981,6,3,0.632459,1,0.201237,-3928331.426,1656732.102
2697,0,79.0029984,1436.75,2,4.1072898,509.82901,0.470759,1,335.8869934,11.5316,288.4859924,0.355601,0.164183,0.246572,0.676195,0,0.498278,0.579743,1,0.143491,0.43543,0,0,0.64085,0,0.201495,-3689603.31,1806980.007
2698,0,69.4110031,1013.619995,5,8.4022102,448.9970093,0.489847,4,455.1740112,9.2082901,321.0310059,0.501282,0.37554,0.285292,0.148999,0,0.576297,0.860856,0,0.283986,0.230198,3,4,0.700466,1,0.21026,-3739847.947,1698751.709
2699,0,75.2536011,1021.369995,3,13.6139002,630.8510132,0.504909,4,839.7550049,7.54635,250.9389954,0.505994,0.43768,0.749616,0.0252857,0,0.400147,0.720988,0,0.230055,0.392757,1,0,0.6837,0,0.198981,-3551340.386,1815698.595
2700,0,89.9498978,2447.01001,3,9.0120096,589.1489868,0.524635,4,955.5770264,9.4499197,48.8750992,0.454773,0.524905,0.594709,0.126291,0,0.634742,0.849046,0,0.259001,0.281971,2,1,0.724213,1,0.185926,-3586564.507,1857232.97
2701,0,70.5662994,2460.639893,5,1.65273,791.3339844,0.458174,1,939.552002,8.9544401,178.0980072,0.330316,0.22582,0.316757,0.054702,1,0.338789,0.745279,1,0.195245,0.434179,1,1,0.475477,0,0.220642,-3594222.529,1727980.33
2702,0,116.1210022,0,2,0.341087,319.2900085,0.530389,2,518.5050049,11.2110004,173.9859924,0.352791,0.198376,0.313508,0.60378,0,0.521344,0.857048,0,0.0443239,0.154506,1,0,0.671297,1,0.172942,-3435147.255,1968420.656
2703,0,102.2929993,0,3,1.8372101,633.7910156,0.525611,2,151.345993,10.5864,179.9129944,0.342641,0.249887,0.379281,0.693549,0,0.594548,0.896915,0,0.0608193,0.128169,3,0,0.681474,1,0.159724,-3380144.367,1949245.407
2704,0,77.9496994,0,3,5.7894001,669.0349731,0.479774,4,325.571991,8.7239704,135.147995,0.542601,0.448344,0.35651,0.110193,0,0.438651,0.900379,0,0.39673,0.25675,1,1,0.750637,1,0.192023,-3825246.013,1667778.468
2705,0,67.1734009,1012.289978,3,1.21841,368.2409973,0.420877,4,324.1090088,12.5344,227.5480042,0.364687,0.259884,0.232856,0.457893,1,0.424313,0.382517,2,0.0696301,0.47731,1,1,0.5631,0,0.204083,-3162133.462,1973319.316
2706,0,70.7671967,0,5,1.49361,307.8039856,0.48384,4,422.1409912,9.3605299,355.0010071,0.528025,0.288472,0.330503,0.137214,0,0.553229,0.928194,0,0.183423,0.483958,1,4,0.706121,1,0.232318,-3862900.765,1686702.128
2707,0,98.2544022,2427.669922,1,3.2070701,451.625,0.512903,4,406.4219971,12.5880003,104.6309967,0.163389,0.135205,0.39347,0.650311,0,0.552258,0.31224,1,0.0510137,0.257565,4,0,0.616982,0,0.177651,-3285705.054,1997098.86
2708,0,77.8359985,0,7,3.3985701,340.1600037,0.486449,4,416.2550049,8.9962101,67.4318008,0.545387,0.262701,0.37349,0.0801127,0,0.648093,0.855464,0,0.250397,0.418269,5,2,0.600184,1,0.197014,-3948244.608,1660138.401
2709,0,88.2490005,1418.729981,2,6.9594302,500.1990051,0.490321,3,220.7559967,11.1545,231.2550049,0.35352,0.421758,0.579218,0.714854,0,0.677331,0.884189,0,0.110917,0.171337,0,1,0.719953,1,0.174165,-3500996.418,1921476.359
2710,0,84.7602005,0,3,2.19699,607.4470215,0.508806,1,924.3309937,6.7398,47.9295006,0.560598,0.606179,-0.0559113,0,0,0.82463,0.9236,0,0.185971,0.925389,1,1,0.671235,0,0.218594,-3805038.382,1653584.006
2711,0,66.3367996,0,1,3.0350001,416.1900024,0.421028,4,234.9900055,11.8935003,40.4002991,0.43387,0.299152,0.265061,0.465586,1,0.44515,0.360443,2,0.0637483,0.446299,1,1,0.575224,0,0.196809,-3167428.104,1963108.427
2712,0,91.938797,2415.100098,2,3.2595799,347.2600098,0.585636,4,337.6270142,11.7375002,220.1869965,0.331107,0.373957,0.213674,0.648654,0,0.690775,0.901565,0,0.0987872,0.136048,1,2,0.707989,0,0.176372,-3257055.818,1991494.9
2713,0,70.7720032,0,5,5.8091998,449.2340088,0.453883,4,551.5830078,8.0426197,243.875,0.497416,0.435613,0.693376,0.0999897,1,0.3744,0.7312,1,0.198854,0.440823,0,0,0.628618,0,0.210748,-3541501.892,1805906.609
2714,0,94.5090027,1000.429993,3,1.82607,97.2904968,0.454416,4,92.7040024,12.8613997,1.91827,0.295027,0.294361,0.256907,0.580394,0,0.616179,0.75003,1,0.0742859,0.19279,2,0,0.619525,0,0.193737,-3393894.345,1974131.325
2715,0,97.7537003,1001.080017,3,1.16303,367.2330017,0.491659,1,325.5509949,12.7990999,175.345993,0.296615,0.24028,0.455586,0.580178,0,0.575372,0.758085,1,0.0639727,0.282327,4,0,0.625114,0,0.180849,-3289010.189,1998054.382
2716,0,60.5721016,1001.429993,3,3.49686,220.4889984,0.427001,4,462.1539917,9.58463,8.2299404,0.487757,0.348723,0.203019,0.222012,0,0.581181,0.835623,0,0.244699,0.348407,0,0,0.5452,1,0.230847,-3675010.399,1720022.406
2717,0,63.7235985,1034.199951,5,4.6368098,530.75,0.416554,4,909.2789917,7.51262,186.322998,0.492056,0.374789,0.809049,0.0748626,0,0.388511,0.646922,1,0.136873,0.476169,0,0,0.570898,0,0.232081,-3520802.072,1817524.217
2718,0,63.2008018,1000.070007,3,4.4450202,368.8880005,0.420111,4,98.7341003,10.7865,105.5930023,0.463514,0.303907,0.327134,0.448196,1,0.655154,0.705281,2,0.195805,0.4142,2,1,0.633554,0,0.220746,-3701617.18,1765628.347
2719,0,98.3098984,0,2,7.05796,486.7569885,0.553795,1,969.5499878,10.0483999,331.2739868,0.387593,0.410842,0.170647,0.218867,1,0.526304,0.54726,1,0.118666,0.381692,2,0,0.658715,0,0.180059,-3230045.012,1968274.013
2720,0,60.6553001,1012.179993,5,1.8280801,459.6119995,0.400496,4,737.947998,8.2000599,9.3315401,0.510861,0.386951,0.639022,0.100331,1,0.316305,0.647743,2,0.146189,0.488499,0,1,0.5168,0,0.230591,-3518856.027,1805895.138
2721,0,98.2563019,1427.410034,5,5.0262198,648.9660034,0.474494,1,422.2059937,11.9959002,56.1489983,0.321276,0.257974,0.403583,0.674815,0,0.573451,0.647618,0,0.106979,0.217597,2,0,0.607058,0,0.16771,-3350249.345,1961937.82
2722,0,95.9021988,0,7,2.5661399,620.6560059,0.474079,4,669.9390259,8.16008,188.2969971,0.501594,0.335609,0.133427,0.0227197,0,0.644847,0.691716,0,0.207663,0.68141,1,2,0.731305,1,0.21086,-3780392.848,1683557.124
2723,0,65.1260986,2005.140015,3,1.34272,214.4089966,0.464691,4,262.4750061,10.7125998,26.5501995,0.448909,0.316165,0.29035,0.508938,0,0.671249,0.857591,0,0.157883,0.23651,3,1,0.703882,1,0.22069,-3735060.131,1740223.702
2724,0,93.4265976,0,2,3.9486699,197.1009979,0.534633,4,277.6019897,11.7667999,253.8840027,0.361677,0.361262,0.251776,0.708136,0,0.592103,0.81053,0,0.0982142,0.14275,2,0,0.707526,0,0.187853,-3276599.297,1965597.477
2725,0,67.9325027,1008.700012,3,4.6318202,231.4620056,0.414347,4,321.6040039,12.3955002,334.4240112,0.356761,0.333818,0.416064,0.406671,1,0.498263,0.546637,2,0.136982,0.184449,1,0,0.649513,0,0.202215,-3090935.514,1973895.677
2726,0,69.4001999,0,5,1.8220299,401.6719971,0.516195,4,552.2839966,8.9160995,270.3800049,0.505857,0.3567,0.185052,0.0679968,0,0.558685,0.933657,0,0.239934,0.397406,1,2,0.709061,1,0.225348,-3699231.415,1713814.94
2727,0,70.6106033,1028.540039,3,2.5713601,560.7719727,0.413196,1,995.565979,8.3403101,234.1499939,0.468117,0.367465,0.314634,0.126189,0,0.38535,0.847538,0,0.133443,0.5834,0,0,0.575499,0,0.224105,-3327566.573,1913543.085
2728,0,99.4666977,2414.389893,5,3.8473699,238.0130005,0.481941,4,126.8909988,12.8711004,301.4070129,0.314853,0.256443,0.378995,0.61124,1,0.58727,0.597227,2,0.0733631,0.252049,5,0,0.60139,1,0.18342,-3352825.105,1985290.515
2729,0,72.1307983,1001.700012,5,5.2146101,395.1950073,0.487477,4,243.2389984,9.8273802,134.7680054,0.500401,0.312851,0.404486,0.272893,0,0.659441,0.849541,0,0.28959,0.248126,0,4,0.741954,1,0.212532,-3847900.169,1687483.769
2730,0,58.4519997,0,4,4.65838,300.6570129,0.415011,4,284.2890015,10.0026999,142.697998,0.5234,0.392407,0.254854,0.278722,1,0.350877,0.550949,2,0.111158,0.326605,0,2,0.571552,0,0.229818,-3621879.335,1781045.285
2731,0,52.9710007,0,3,6.2627401,494.0400085,0.355422,2,345.7340088,6.1478601,80.7866974,0.604403,0.465909,0.196661,0,0,0.49426,0.911927,0,0.338701,0.514526,2,0,0.392663,0,0.260687,-4104405.454,1484303.457
2732,0,94.0389023,2003.48999,3,1.78334,171.6609955,0.534769,4,330.4549866,12.4951,293.8009949,0.17523,0.152993,0.342299,0.664481,0,0.575841,0.918649,0,0.0468077,0.175848,1,1,0.643143,1,0.179749,-3266816.827,1999832.784
2733,0,73.9985962,0,5,11.8767996,721.2890015,0.497156,3,516.3590088,8.8040504,231.2640076,0.382491,0.374428,0.622576,0.202105,0,0.439814,0.795618,0,0.0851773,0.292918,2,0,0.692386,1,0.190738,-3530848.638,1894555.887
2734,0,101.9049988,2416.840088,3,4.6383801,312.9339905,0.521687,3,207.878006,13.9364996,99.9459,0.328034,0.318561,0.428219,0.640694,0,0.617653,0.878914,0,0.116393,0.243251,1,0,0.715053,0,0.16418,-3109853.991,2022630.247
2735,0,84.5979004,1000.080017,3,1.8055201,97.4161987,0.460478,2,149.4889984,12.3416996,92.1990967,0.298283,0.26963,0.406562,0.484306,1,0.524544,0.704412,2,0.0807706,0.336448,2,0,0.558215,1,0.19222,-3298860.361,1968436.581
2736,0,54.0365982,2427.959961,6,5.05933,356.0750122,0.356814,1,549.9140015,9.8188601,265.9119873,0.393412,0.596354,-0.02687,0.167182,0,0.303574,0.870797,0,0.251992,0.418914,1,1,0.470778,0,0.243705,-3538659.765,1744721.815
2737,0,84.093399,1001.130005,2,6.8959999,446.7430115,0.527519,4,709.0170288,9.1217203,202.6340027,0.460226,0.598133,0.62069,0.169881,0,0.64377,0.907113,0,0.277094,0.262295,2,3,0.750956,0,0.188338,-3580404.933,1841348.843
2738,0,81.0901031,1052.849976,2,12.1815996,716.2919922,0.48173,3,867.4089966,9.3148403,159.9100037,0.477977,0.582157,0.580773,0.108943,0,0.632652,0.916676,0,0.340673,0.193905,1,2,0.757114,0,0.192411,-3586719.771,1829580.975
2739,0,76.8900986,1002.179993,2,0.227049,231.1410065,0.489747,4,178.0709991,10.5746002,336.8640137,0.455281,0.281393,0.341737,0.481049,0,0.668115,0.925705,0,0.122732,0.333839,0,1,0.697208,1,0.213465,-3756544.752,1726587.129
2740,0,70.615097,2866.350098,6,1.40475,743.4719849,0.459863,1,1014.049988,8.7936602,303.0870056,0.314844,0.278603,0.268705,0.0361544,0,0.336735,0.85393,1,0.220463,0.505341,1,2,0.577092,0,0.219445,-3591995.375,1715171.272
2741,0,69.9744034,2003.130005,3,4.6231899,222.2899933,0.45566,2,238.0970001,12.4981003,93.6940002,0.395322,0.302532,0.26587,0.565939,1,0.482606,0.616945,2,0.0928859,0.175553,1,1,0.638494,0,0.1969,-3127006.702,1971412.113
2742,0,66.867897,0,5,1.64275,774.8499756,0.465483,1,248.0039978,8.2605495,278.355011,0.526893,0.462166,0.336138,0.015125,0,0.4202,0.852513,0,0.356642,0.278242,1,0,0.599084,1,0.214624,-3855582.196,1649804.178
2743,0,75.6160965,1024.27002,3,6.78298,420.9880066,0.464035,1,287.5180054,11.8720999,70.8360977,0.446283,0.381586,0.130618,0.65197,1,0.567999,0.426271,2,0.0712652,0.560544,0,3,0.700016,0,0.192266,-3669717.974,1816624.708
2744,0,65.8173981,1006.039978,5,0.776878,246.7230072,0.473687,4,397.2690125,10.1422997,222.7980042,0.461591,0.309803,0.310772,0.345626,0,0.627616,0.771083,0,0.148845,0.3313,1,2,0.69264,1,0.227339,-3733999.759,1722335.78
2745,0,64.7633972,0,5,2.2820599,213.1029968,0.393953,1,685.2069702,8.5115805,297.1199951,0.449383,0.656321,0.454394,0.1602,0,0.55602,0.927159,0,0.162465,0.514818,0,0,0.68259,0,0.241804,-3360582.354,1841989.793
2746,0,57.1002998,1416.880005,3,1.35418,212.9989929,0.457986,4,294.2369995,10.4742002,207.4210052,0.428134,0.353447,0.297453,0.379713,0,0.60391,0.832845,0,0.130682,0.267549,4,2,0.669721,1,0.235771,-3718776.2,1735967.447
2747,0,65.6984024,1452.51001,5,3.0381701,670.6090088,0.389234,1,846.5839844,10.8570995,123.0800018,0.28485,0.106739,0.31512,0.403143,0,0.32759,0.473976,1,0.0616981,0.651075,0,0,0.51497,0,0.214385,-3197259.276,1957648.668
2748,0,73.3230972,0,5,1.06715,185.6820068,0.441116,4,194.8849945,10.7813997,8.9995699,0.475857,0.206919,0.254996,0.392818,0,0.642328,0.840004,0,0.143548,1.0603,0,2,0.659912,1,0.226748,-3864564.351,1706414.538
2749,0,75.1308975,1018.75,2,10.8536997,734.257019,0.444342,4,823.5139771,9.3751097,187.2949982,0.473682,0.569908,0.703632,0.2048,0,0.516365,0.916774,0,0.180549,0.216533,3,2,0.76656,1,0.186004,-3512937.412,1882325.865
2750,0,83.7528992,0,3,1.60711,165.4810028,0.426528,2,186.003006,12.1581001,246.6880035,0.32275,0.265324,0.308098,0.513926,1,0.510797,0.69188,2,0.0472194,0.427967,0,0,0.585431,0,0.195841,-3204252.725,1981239.732
2751,0,63.7840996,0,6,8.5928097,656.1149902,0.448054,1,231.2769928,8.4602499,191.9129944,0.535415,0.412717,0.348368,0.0467305,0,0.427506,0.932961,0,0.371998,0.251802,1,1,0.593359,1,0.213707,-3859254.247,1655124.168
2752,0,55.955101,1043.540039,3,2.3520801,756.8930054,0.406289,4,772.6279907,6.6837802,223.0619965,0.616612,0.469293,0.203938,0,0,0.590018,0.639308,0,0.308389,0.460473,1,0,0.51009,1,0.252665,-4126971.666,1466737.816
2753,0,68.9205017,1000.030029,7,0.636526,86.4686966,0.479952,1,363.5339966,10.1887999,29.2094994,0.40707,0.294197,0.315906,0.351852,0,0.644037,0.676562,0,0.126353,0.329405,0,4,0.691668,1,0.222191,-3744063.638,1724646.862
2754,0,98.0867004,2416.340088,2,2.9805,198.7039948,0.546017,4,122.336998,11.9821997,235.2949982,0.460489,0.318529,0.0268954,0.735908,0,0.662202,0.907636,0,0.256076,0.315273,1,0,0.761517,0,0.185056,-3757108.761,1781439.859
2755,0,97.0214996,1415.359985,2,1.87716,217.7669983,0.509791,4,153.1920013,11.4498997,214.7310028,0.441011,0.24722,0.100039,0.672212,0,0.729275,0.906812,0,0.158501,0.523379,0,1,0.739192,1,0.199511,-3761054.721,1770310.208
2756,0,67.8826981,1021.77002,5,6.48386,466.0589905,0.412641,1,798.9459839,8.7330503,245.9140015,0.480964,0.434988,0.356066,0.247598,0,0.382262,0.709296,1,0.166173,0.277038,0,1,0.608402,0,0.214859,-3318920.368,1903526.776
2757,0,65.5158005,1017.169983,1,0.689064,476.881012,0.405481,1,523.8790283,11.6483002,46.1450996,0.404241,0.2803,0.310767,0.479609,0,0.407532,0.603396,1,0.0726784,0.239087,1,1,0.521736,0,0.199936,-3176467.218,1956810.954
2758,0,55.1337013,1005.640015,6,4.55299,292.697998,0.369165,1,490.0660095,9.9652596,280.3200073,0.478056,0.698703,-0.0429155,0.138341,0,0.502499,0.647127,0,0.308544,0.318874,0,0,0.573735,0,0.2379,-3456854.992,1726745.991
2759,0,62.7641983,0,6,0.947146,175.1600037,-9999,2,656.2910156,8.4949903,23.5760002,0.47015,0.530911,0.403383,0.143018,0,0.405296,0.839353,1,0.244707,0.373313,0,0,0.565382,0,0.234203,-3393689.348,1807783.387
2760,0,97.8330002,2421.419922,3,3.5146999,246.1869965,0.466526,4,225.7380066,12.7097998,129.326004,0.295451,0.27427,0.302885,0.660917,0,0.582703,0.856162,0,0.0799474,0.202322,4,0,0.632865,0,0.19118,-3386796.615,1972480.908
2761,0,72.3937988,1014.820007,2,7.8134499,551.5679932,0.455289,4,1022.01001,8.36621,159.5720062,0.415671,0.532601,0.418912,0.0576039,0,0.524897,0.842864,0,0.100851,0.367119,1,0,0.712661,1,0.215915,-3430754.693,1909369.467
2762,0,70.9438019,1438.52002,3,5.3352799,293.9240112,0.473136,4,465.8529968,9.7814102,118.5,0.48005,0.316693,0.317422,0.239703,0,0.619376,0.93799,0,0.197706,0.274994,1,2,0.714879,1,0.21401,-3740244.374,1711800.056
2763,0,69.8061981,2014.099976,5,5.2290101,337.8439941,0.436411,4,358.5180054,11.9593,124.4860001,0.382838,0.376065,0.328795,0.433581,0,0.477447,0.747745,0,0.165712,0.785563,1,0,0.636979,0,0.200724,-3135373.897,1944276.636
2764,0,61.9119987,0,6,3.3750601,276.9089966,0.396813,2,582.8859863,8.2676497,296.7669983,0.498948,0.516699,0.371897,0.134363,0,0.290929,0.80933,1,0.226,0.387358,0,0,0.581805,0,0.234752,-3413374.945,1787176.176
2765,0,87.6128998,1043.880005,3,5.9214201,623.3189697,0.551862,3,1103.540039,8.0520496,64.7180023,0.471352,0.614428,0.679556,0.0260019,0,0.61412,0.910443,0,0.213408,0.410173,2,2,0.765282,0,0.199331,-3563295.563,1857734.052
2766,0,134.552002,0,1,2.0733199,607.4099731,0.562573,4,888.7609863,8.3268204,67.9250031,0.404904,0.208744,0.292995,0.035831,0,0.19656,0.607784,1,0.0411733,0.801796,3,1,0.64881,0,0.176611,-3456124.775,1941808.319
2767,0,63.524601,0,5,2.67823,798.0859985,0.447398,1,273.7290039,8.8379498,159.9689941,0.525822,0.324025,0.376961,0.0629836,0,0.512142,0.793643,0,0.31907,0.244139,1,1,0.662043,0,0.212077,-3858993.793,1661932.533
2768,0,96.7921982,0,1,7.2637501,435.8630066,0.585257,4,563.4849854,11.8648005,170.8159943,0.180742,0.135981,0.204811,0.567964,0,0.502906,0.915941,0,0.0702388,0.138768,1,1,0.634121,0,0.169456,-3256373.099,1998301.888
2769,0,85.2623978,1018.390015,5,5.9863701,277.3129883,0.485532,4,394.7990112,10.2531004,145.6399994,0.474695,0.355838,0.473241,0.296261,0,0.548331,0.926363,0,0.182984,0.202155,0,2,0.715368,1,0.208337,-3814988.381,1698895.202
2770,0,77.1239014,2001.51001,3,6.1350598,435.8190002,0.510969,2,972.882019,7.59653,25.8334007,0.442705,0.321807,0.26223,0.0505893,1,0.278009,0.235157,2,0.132699,0.707467,0,2,0.624526,1,0.200481,-3340636.591,1914799.093
2771,0,92.5413971,1420.790039,3,1.39214,245.8509979,0.504019,2,505.401001,11.5888996,27.6093006,0.35386,0.265824,0.221324,0.700942,0,0.507137,0.884987,0,0.0991388,0.239624,2,0,0.67127,0,0.187147,-3290684.147,1961787.791
2772,0,104.9710007,0,5,1.06174,464.0650024,0.504744,4,472.2200012,9.20788,359.8259888,0.452092,0.313463,0.355228,0.0983201,0,0.588463,0.727319,0,0.154963,1.29774,1,2,0.696335,1,0.191839,-3796519.734,1692834.31
2773,0,86.055603,1004.030029,3,5.3720598,268.223999,0.483923,2,579.8410034,9.98106,7.2883201,0.45653,0.360119,0.231923,0.49212,1,0.442849,0.618437,2,0.0939289,0.247812,3,0,0.677896,0,0.197522,-3278661.531,1938758.094
2774,0,82.375,2418.169922,2,6.1619701,306.6879883,0.547085,3,811.5189819,8.4913502,323.4979858,0.452231,0.557829,0.573291,0.147255,0,0.535714,0.901915,0,0.165138,0.230709,2,0,0.765797,1,0.196945,-3488310.333,1899573.323
2775,0,62.785099,2006.069946,5,4.77527,539.4790039,0.390483,1,827.3220215,9.1368999,272.4880066,0.477596,0.462469,0.38287,0.217302,0,0.261458,0.593484,2,0.169975,0.397776,0,1,0.561986,0,0.21934,-3310331.845,1897614.591
2776,0,85.9496002,1414.589966,3,1.42997,133.1109924,0.508713,2,404.9869995,10.6308002,286.7730103,0.375372,0.246066,0.326362,0.667979,0,0.533165,0.90823,1,0.0383044,0.180575,2,0,0.669464,1,0.176386,-3329703.198,1946249.859
2777,0,97.6620026,1414.920044,3,1.06071,74.319603,0.506069,4,161.7079926,13.1313,91.8755035,0.339604,0.307274,0.360588,0.692417,0,0.596134,0.942133,0,0.073476,0.147049,4,0,0.687388,1,0.180428,-3351654.266,1994932.208
2778,0,66.3587036,2000.369995,3,1.62989,277.9030151,0.480771,4,310.8120117,9.8346596,230.6970062,0.473999,0.315758,0.282474,0.2803,0,0.605821,0.902093,0,0.18014,0.283264,2,2,0.701889,1,0.223703,-3720410.338,1719401.108
2779,0,93.3635025,1007.51001,2,0.527765,478.2160034,0.508694,4,583.8120117,10.6408997,200.7120056,0.400561,0.249198,0.427364,0.641791,0,0.526092,0.921066,0,0.0475468,0.148765,3,0,0.696634,1,0.181187,-3383697.161,1941446.902
2780,0,51.3771019,2426.639893,5,2.26492,501.4859924,0.351315,4,560.8389893,10.5909996,325.0270081,0.413393,0.490971,-0.135103,0.113545,0,0.183731,0.316674,1,0.170926,0.397996,0,0,0.370737,0,0.242769,-3501649.268,1698889.492
2781,0,67.5991974,3454.929932,5,2.9967599,716.7319946,0.451715,1,1223.630005,8.0909595,343.2539978,0.293232,0.234172,0.60734,0.0033487,1,0.360824,0.478929,2,0.12067,1.0965199,0,1,0.580707,0,0.207359,-3571138.42,1778008.373
2782,0,80.4859009,1001.700012,3,1.30656,305.0400085,0.505053,4,456.4719849,10.1660004,251.9530029,0.45646,0.294071,0.359241,0.329988,0,0.646472,0.899239,0,0.141361,0.305541,0,2,0.694172,1,0.202052,-3757478.057,1717200.877
2783,0,92.0905991,2836.709961,1,4.0054402,324.7489929,0.55793,1,668.0289917,11.3724003,263.026001,0.366793,0.44631,0.154596,0.535085,1,0.65795,0.838295,1,0.112154,0.157454,2,1,0.725168,0,0.187973,-3268743.752,1967326.612
2784,0,70.8180008,1416,5,8.2711897,456.8349915,0.479521,2,678.7860107,8.2026997,73.5357971,0.497342,0.308853,0.659038,0.0744876,1,0.247845,0.150063,2,0.111321,0.391307,2,0,0.553733,0,0.207811,-3555541.025,1800149.404
2785,0,53.9345016,2042.630005,5,5.98594,667.7600098,0.356252,2,797.0130005,6.0339799,221.2100067,0.635015,0.491718,0.200459,0,0,0.585869,0.743145,0,0.369071,0.482077,2,0,0.442525,1,0.258698,-4109195.905,1481737.621
2786,0,60.1913986,2844.409912,3,6.4654398,349.8779907,0.420795,1,800.7739868,10.4738998,290.5390015,0.299064,0.112359,0.321492,0.403076,0,0.343014,0.371306,1,0.0858509,0.620958,2,0,0.560508,0,0.21213,-3222279.715,1957135.861
2787,0,76.7977982,1415.910034,5,8.2578602,429.7179871,0.414389,4,224.6970062,12.2938995,101.2949982,0.344084,0.250136,0.260476,0.472487,0,0.423509,0.492988,1,0.105036,0.356447,1,1,0.572607,0,0.196859,-3175685.937,1978563.133
2788,0,76.5526962,0,5,1.44441,498.3359985,0.486473,4,248.121994,8.6582003,10.5992002,0.537646,0.442114,0.36208,0.139549,0,0.444359,0.874852,0,0.372065,0.247426,1,1,0.731669,1,0.210973,-3831379.65,1664628.624
2789,0,101.0339966,0,2,1.08088,118.6650009,0.453587,2,69.0656967,12.6961002,7.21104,0.302652,0.263686,0.371722,0.571965,0,0.591025,0.772759,1,0.060812,0.243311,5,0,0.569483,0,0.189007,-3376956.013,1968599.497
2790,0,97.5028992,0,3,2.8434801,392.2569885,0.520883,4,258.6340027,11.2976999,162.9170074,0.30776,0.224493,0.348244,0.697997,0,0.5617,0.825653,1,0.0658438,0.156858,2,0,0.626193,1,0.17817,-3414740.664,1959734.637
2791,0,68.5459976,2418.030029,2,2.1707101,180.0390015,0.473553,4,317.5750122,10.7452002,114.1620026,0.464745,0.282743,0.234342,0.524014,0,0.684987,0.905015,0,0.152294,0.300432,3,0,0.734224,1,0.22529,-3728399.613,1760131.15
2792,0,107.1709976,0,2,2.2852499,239.4799957,0.559276,4,743.3939819,9.43999,43.2741013,0.386634,0.218967,0.381405,0.185607,0,0.330061,0.850182,0,0.049289,0.429613,1,1,0.666055,1,0.183503,-3432918.349,1949524.061
2793,0,74.2651978,3440.830078,5,1.67391,792.8369751,0.489815,1,1188.579956,8.1309299,241.8899994,0.426803,0.363595,0.622687,0.0028116,0,0.414494,0.739597,1,0.124446,0.538434,0,1,0.69227,0,0.197985,-3578902.832,1788965.838
2794,0,64.8880005,0,3,6.4875498,402.6229858,0.410506,4,552.9799805,9.5069704,236.0500031,0.435337,0.476732,0.653792,0.0490973,0,0.187841,0.570419,1,0.14951,0.425275,1,2,0.425155,0,0.222,-3521205.718,1609343.832
2795,0,77.4394989,1005.469971,3,3.29515,432.6040039,0.519916,3,1311.229981,7.1186199,114.435997,0.480052,0.497013,0.682614,0,1,0.58877,0.617813,1,0.0773036,1.27381,2,2,0.725091,0,0.246438,-3548831.473,1855543.768
2796,0,52.8558006,3840.649902,3,4.4772401,463.4330139,0.34855,5,594.2540283,10.6651001,34.5231018,0.411721,0.613819,-0.282428,0.157505,0,0.314995,0.745059,1,0.273559,1.30419,0,0,0.475882,0,0.242579,-3499592.139,1713581.339
2797,0,70.5412979,1000.039978,3,11.4266996,512.822998,0.431906,4,651.7520142,8.39779,256.5379944,0.450216,0.618831,0.63493,0.230902,0,0.516196,0.874618,0,0.185271,0.278401,1,2,0.761662,0,0.203282,-3483193.463,1881485.334
2798,0,107.685997,0,3,2.6128399,323.2059937,0.543693,4,796.90802,8.8972397,131.9409943,0.388518,0.213993,0.362804,0.0833645,0,0.265692,0.910857,0,0.0405901,0.504505,2,1,0.650953,0,0.190204,-3444828.458,1942486.861
2799,0,81.4427032,0,5,1.10114,639.9140015,0.507044,4,183.7310028,8.8761301,184.4629974,0.529558,0.347512,0.363913,0.0589214,0,0.570204,0.920016,0,0.354361,0.425365,4,1,0.645329,1,0.207361,-3908785.001,1661971.627
2800,0,87.2528,0,3,1.55685,178.6349945,0.459384,4,239.7070007,11.8331003,123.1829987,0.364836,0.277459,0.247667,0.645165,0,0.571674,0.761557,1,0.0839733,0.288717,1,0,0.664312,1,0.168887,-3223726.812,1989933.141
2801,0,75.8928986,0,3,3.0917799,292.7489929,0.457412,3,440.9620056,9.37537,72.3463974,0.420127,0.506254,0.482358,0.44714,0,0.578822,0.898034,0,0.103818,0.22629,2,0,0.700741,1,0.190064,-3412277.714,1919470.954
2802,0,69.2193985,0,3,6.2677398,413.8359985,0.422909,1,604.6300049,8.6948605,155.0749969,0.444745,0.460145,0.346391,0.206932,0,0.428118,0.760799,1,0.205369,0.35012,0,1,0.651157,0,0.213263,-3323117.043,1907787.696
2803,0,57.4999008,0,5,7.3298702,573.5529785,0.435465,4,435.9060059,8.5397797,307.8479919,0.55038,0.381568,0.241535,0.0408862,1,0.479879,0.572587,0,0.260707,0.392596,0,2,0.537544,1,0.22657,-3737372.435,1678164.067
2804,0,85.2287979,1417.430054,3,1.3648601,173.9750061,0.488548,4,192.5119934,11.3860998,99.7741013,0.457184,0.268645,0.170936,0.673639,0,0.734511,0.910685,1,0.166598,0.228775,0,1,0.742449,1,0.205136,-3757830.769,1762217.808
2805,0,127.2819977,0,1,11.8570995,659.9219971,0.576471,4,808.7849731,9.3065996,69.5391998,0.45725,0.307301,0.371451,0.0587802,0,0.537989,0.902903,0,0.269116,0.26618,1,3,0.683145,0,0.162511,-3637599.689,1829593.339
2806,0,81.5033035,1029.969971,2,7.6958899,760.7340088,0.457376,4,1046.890015,8.4581604,70.4150009,0.397315,0.44249,0.412539,0.111212,0,0.515003,0.7675,0,0.099485,0.363257,2,0,0.67829,1,0.19821,-3446902.719,1921146.144
2807,0,73.4051971,1495.780029,3,8.6433296,595.9550171,0.454303,2,1045.349976,7.49158,193.3379974,0.530206,0.540831,0.658862,0.0440489,1,0.329969,0.479424,2,0.0898628,0.461783,2,2,0.740655,0,0.221867,-3494348.075,1869009.105
2808,0,96.3145981,1010.460022,3,2.83389,314.54599,0.517944,1,346.9200134,12.7224998,4.8749599,0.244325,0.322596,0.356108,0.6251,0,0.525246,0.887087,1,0.0492093,0.295031,3,1,0.592135,0,0.179002,-3264438.191,2007707.556
2809,0,60.4920006,0,6,3.54561,384.9070129,0.380702,3,555.9140015,8.08531,65.0876999,0.487404,0.565401,0.372202,0.0910416,0,0.352047,0.825029,1,0.270749,0.550157,0,0,0.556683,0,0.234529,-3456258.651,1785146.312
2810,0,79.0731964,0,3,1.94783,277.6700134,0.483903,2,493.5570068,9.2523403,357.0010071,0.43447,0.338208,0.448134,0.390266,0,0.493391,0.560802,0,0.0785538,0.285623,1,0,0.680889,1,0.177335,-3381730.726,1915518.819
2811,0,80.8515015,3855.98999,2,7.62327,482.6040039,0.531354,2,1189.119995,7.7207799,325.7000122,0.485145,0.35755,0.244627,0.0534427,0,0.381789,0.909638,0,0.0793288,0.561172,1,0,0.739263,1,0.196896,-3337228.763,1920561.976
2812,0,88.111702,0,2,2.0766301,473.6679993,0.536872,4,827.3709717,7.7107601,21.5459995,0.511217,0.371388,0.691337,0.0180837,0,0.440873,0.908183,0,0.0955968,0.602241,1,2,0.755706,0,0.210013,-3570883.25,1831719.492
2813,0,82.6828995,2418.169922,3,1.15663,277.5480042,0.418292,2,261.3179932,12.4160995,21.1189003,0.338029,0.252432,0.292773,0.476925,1,0.475815,0.38451,2,0.0447087,0.523249,1,0,0.549184,0,0.199103,-3198974.526,1984939.423
2814,0,62.4878998,1014.289978,5,4.9529901,387.6600037,0.418006,4,520.9829712,10.0747004,88.3292007,0.537098,0.455525,0.203751,0.187843,1,0.519665,0.55698,2,0.127608,0.373119,0,3,0.634997,0,0.227083,-3633922.297,1776478.319
2815,0,98.0003967,0,3,1.4204,85.498703,0.467552,4,93.5560989,12.6097002,288.3089905,0.286825,0.290627,0.325755,0.632557,0,0.59604,0.838332,1,0.0793133,0.179892,4,0,0.629951,1,0.189247,-3385628.241,1969306.454
2816,0,88.0758972,2423.419922,2,1.1462899,355.3039856,0.51354,4,348.3649902,11.7578001,275.1459961,0.396512,0.270067,0.196322,0.692021,0,0.626556,0.750137,2,0.124624,0.303047,0,1,0.680341,0,0.192054,-3668047.35,1826522.79
2817,0,53.7028008,3415.479981,7,8.74333,480.1860046,0.363939,1,375.7609863,9.97686,279.5020142,0.462923,0.609441,-0.119365,0.133899,0,0.307033,0.369733,1,0.258116,0.320678,0,0,0.498074,0,0.232276,-3471520.814,1727932.575
2818,0,95.8010025,2427.889893,3,2.0295,455.7430115,0.448848,5,370.0899963,12.4658003,356.8139954,0.28749,0.274603,0.414874,0.646573,0,0.606252,0.789641,0,0.0842272,0.267489,3,0,0.618615,0,0.187103,-3344804.538,1972263.992
2819,0,60.4650993,0,3,0.700524,137.4400024,0.418906,2,492.375,10.5953999,227.3220062,0.430251,0.312218,0.35745,0.453886,1,0.398499,0.587981,2,0.091778,0.468593,1,0,0.624943,0,0.231378,-3244244.028,1945387.764
2820,0,71.9595032,2414.75,3,1.0208499,185.2559967,0.481282,4,193.4250031,10.8395996,34.0789986,0.460262,0.286479,0.241306,0.563387,0,0.690257,0.932305,0,0.155901,0.254462,3,1,0.727913,1,0.217233,-3742020.706,1750237.934
2821,0,79.8547974,2451,6,7.7789402,785.4219971,0.466312,1,1026.449951,8.64538,32.9608994,0.334994,0.324417,0.251899,0.0283289,1,0.332213,0.749334,0,0.276258,0.561347,1,0,0.589691,0,0.202659,-3576186.741,1696097.85
2822,0,75.1548996,0,1,3.03355,576.6229858,0.494617,4,548.6370239,7.61831,151.8370056,0.563822,0.436992,0.249516,0,0,0.483234,0.921144,0,0.313833,0.397341,1,0,0.672952,0,0.221594,-3846625.933,1651624.768
2823,0,66.9963989,1023.150024,3,0.862592,462.5029907,0.439939,1,622,9.4368896,354.7770081,0.512082,0.568084,0.413122,0.159189,0,0.495497,0.852635,0,0.19222,0.543015,1,1,0.690909,0,0.222808,-3604281.758,1757989.905
2824,0,72.9013977,0,5,1.17413,168.3639984,0.474327,4,109.697998,11.0693998,73.0205002,0.440119,0.243633,0.200708,0.537403,1,0.66039,0.632622,2,0.136548,0.392788,2,0,0.663346,0,0.217997,-3734057.835,1767681.182
2825,0,75.6784973,2023.23999,3,5.3873801,405.25,0.528899,1,859.4869995,8.3234901,34.290699,0.459471,0.343552,0.225668,0.0898832,0,0.399659,0.870099,0,0.0741033,0.424154,1,0,0.728004,1,0.196316,-3320337.06,1927772.148
2826,0,94.2497025,1004.640015,5,2.3188601,193.7259979,0.491141,4,218.0039978,12.4184999,245.4279938,0.297832,0.28103,0.392827,0.649021,0,0.588969,0.905888,1,0.0820228,0.199073,2,0,0.638163,0,0.184815,-3337003.679,1978189.098
2827,0,66.6088028,1430.890015,5,4.2768402,330.1690063,0.437274,1,488.9849854,11.7810001,156.9759979,0.46108,0.320364,0.296438,0.532107,1,0.437705,0.53319,2,0.0694952,0.344556,1,1,0.612242,0,0.212346,-3159263.896,1950007.949
2828,0,60.5220985,0,6,5.29916,241.1269989,0.413086,2,815.9810181,7.5669899,196.6390076,0.502801,0.554254,0.437443,0.0528912,0,0.337694,0.852394,0,0.257233,0.472704,0,0,0.671614,1,0.239615,-3455330.499,1796321.534
2829,0,77.987999,1436.729981,1,7.5322199,425.0190125,0.514428,4,883.7730103,8.6576004,274.1350098,0.436971,0.563554,0.63493,0.10098,0,0.526168,0.921304,0,0.125124,0.316659,3,1,0.763971,1,0.191506,-3518289.62,1893095.576
2830,0,69.9430008,1000,5,4.6325998,351.3259888,0.51646,4,515.007019,9.1006098,42.9145012,0.495383,0.339432,0.247485,0.113852,0,0.5815,0.925319,0,0.190005,0.423375,3,3,0.726194,1,0.225392,-3731980.061,1704728.944
2831,0,99.7574997,2041.670044,2,2.5734501,600.6220093,0.56736,4,872.0209961,9.7798901,316.5820007,0.502592,0.365666,0.261834,0.132081,0,0.612337,0.712355,1,0.248177,0.301672,1,0,0.698584,1,0.199336,-3645707.528,1792429.45
2832,0,73.4184036,0,5,2.4988599,190.4680023,0.436283,4,91.6159973,11.5106001,41.5691986,0.372237,0.185248,0.313689,0.677567,0,0.588388,0.909241,0,0.148133,0.650003,1,2,0.684326,0,0.214802,-3777538.152,1737595.726
2833,0,75.200798,0,3,8.1797895,408.4289856,0.472495,3,769.3660278,8.0980797,43.0620995,0.496595,0.565918,0.652616,0.0420204,1,0.518997,0.672868,2,0.167099,0.761563,0,1,0.67737,0,0.201165,-3577012.665,1804472.743
2834,0,62.6007004,1007.469971,5,2.4103,390.5639954,0.451972,4,517.1539917,9.0627403,124.8610001,0.506578,0.406618,0.166915,0.110511,0,0.542477,0.714754,0,0.297972,0.362312,0,0,0.548252,1,0.22666,-3671339.868,1696315.689
2835,0,88.0342026,1010.219971,2,5.5490499,248.7850037,0.543135,2,957.5239868,8.4467497,5.6336799,0.449609,0.315533,0.328758,0.0900922,0,0.389389,0.875634,0,0.055214,0.449093,3,0,0.701134,1,0.19814,-3365842.544,1927121.698
2836,0,111.5250015,1001.969971,3,2.4353499,149.6719971,0.517931,4,194.5610046,12.4681997,257.5119934,0.339305,0.255112,0.150855,0.691383,1,0.601791,0.75658,2,0.082915,0.169831,1,0,0.620466,0,0.170943,-3429201.465,1979363.745
2837,0,67.8658981,0,5,0.91767,411.6459961,0.426421,4,805.8530273,7.4746399,335.6900024,0.512854,0.6614,0.375762,0.0515628,0,0.566568,0.854832,0,0.171976,0.453741,0,1,0.781781,0,0.236369,-3422290.441,1829588.956
2838,0,66.7755966,0,3,1.45997,109.0329971,0.463354,2,853.4970093,9.5437698,156.102005,0.465483,0.362818,0.305422,0.185127,1,0.411294,0.609585,1,0.121474,0.511335,2,0,0.638433,1,0.23268,-3250487.667,1933276.111
2839,0,86.9154968,0,3,2.7278199,236.7850037,0.544073,4,94.3836975,10.8277998,301.5490112,0.482238,0.220662,0.371465,0.314294,0,0.755058,0.888733,0,0.256298,0.354172,3,4,0.650913,1,0.17816,-3921806.642,1678252.76
2840,0,64.6651001,0,6,1.99321,334.1270142,0.444414,2,753.690979,7.5374999,327.6119995,0.506613,0.541291,0.372741,0.0565264,0,0.338714,0.850777,0,0.228561,0.679516,0,0,0.708292,0,0.245949,-3437187.252,1790011.674
2841,0,65.8864975,1000.570007,5,6.3790898,377.3540039,0.415902,4,316.1130066,11.6868,255.8110046,0.402391,0.343405,0.293477,0.461859,0,0.470418,0.735114,1,0.0998394,0.234138,1,1,0.584333,0,0.196727,-3173193.749,1958076.267
2842,0,54.4880981,3860.939941,3,6.52911,662.7379761,0.442441,4,534.4799805,10.0404997,359.803009,0.43472,0.405274,0.233193,0.253329,0,0.409709,0.756789,0,0.350592,0.277875,0,0,0.559109,1,0.222108,-3669986.669,1741219.602
2843,0,90.2567978,2020.660034,3,1.77871,331.3590088,0.506129,4,164.2779999,13.4162998,185.352005,0.339604,0.350079,0.352261,0.672387,0,0.604765,0.88466,0,0.109968,0.131447,2,0,0.726594,1,0.172914,-3127287.444,2013298.147
2844,0,65.4916992,3435.689941,5,7.48768,350.2550049,0.431528,1,570.1380005,11.6428003,159.1419983,0.460063,0.309619,0.273818,0.580373,0,0.425669,0.774015,1,0.0740996,0.300944,1,1,0.635895,0,0.206587,-3166572.424,1955274.927
2845,0,115.8069992,0,2,5.1536002,317.9760132,0.572472,1,286.7640076,11.2213001,247.0070038,0.400162,0.244235,0.246722,0.674585,0,0.691662,0.848607,0,0.163936,0.159449,0,2,0.693323,0,0.166988,-3654219.613,1832268.488
2846,0,94.3082962,0,2,1.2842,171.0319977,0.491848,4,110.3789978,11.5986004,221.4850006,0.451126,0.257497,0.192469,0.743543,0,0.755955,0.599124,0,0.171134,0.333699,2,1,0.738148,1,0.200421,-3768144.913,1762069.257
2847,0,116.7890015,2016,1,0.961543,465.8110046,0.567627,4,870.3699951,10.1651001,71.6696014,0.380271,0.202601,0.389947,0.237647,0,0.289089,0.923359,0,0.0450647,0.229038,1,1,0.658177,1,0.180661,-3440774.299,1957728.553
2848,0,54.042099,2009.609985,5,1.96624,353.7579956,0.345353,4,514.0800171,10.5860996,211.2929993,0.465332,0.510378,-0.231651,0.125344,0,0.245292,0.719014,0,0.288156,0.400644,1,0,0.412661,0,0.244074,-3516202.924,1713404.855
2849,0,86.5171967,1417.180054,3,0.339967,248.9649963,0.49608,4,539.7520142,11.6167002,107.2340012,0.356548,0.373209,0.283196,0.5941,0,0.646653,0.660186,1,0.0681742,0.742057,1,0,0.669694,0,0.190498,-3246301.412,1980372.198
2850,0,65.1692963,3444.189941,5,3.9567299,871.7680054,0.45429,1,1084.099976,9.2800903,308.8120117,0.452548,0.632359,0.531608,0.0285555,0,0.267109,0.55722,0,0.328467,0.520697,1,2,0.5836,0,0.209491,-3519011.652,1594770.129
2851,0,97.3768005,1017,3,4.4396801,351.6090088,0.50631,4,600.742981,9.6552896,323.7369995,0.447924,0.307646,0.367453,0.203508,0,0.623906,0.901754,0,0.17311,0.360677,0,2,0.686977,1,0.187668,-3769809.625,1705558.58
2852,0,74.6949997,2052.199951,3,8.4072704,506.5629883,0.451341,4,836.4279785,8.4444304,276.3999939,0.461895,0.581786,0.651985,0.175283,0,0.479256,0.869004,0,0.184099,0.265723,1,2,0.736996,1,0.19795,-3487490.286,1881387.122
2853,0,67.1056976,0,5,1.57376,181.0390015,0.473485,4,159.348999,10.7901001,38.2966995,0.444224,0.302077,0.264951,0.548119,0,0.677961,0.923622,0,0.165927,0.249436,3,1,0.707808,1,0.219916,-3736704.902,1747670.797
2854,0,99.455101,2419.449951,2,1.51082,269.2460022,0.503175,5,344.2789917,11.9538002,90.9775009,0.2926,0.207613,0.330329,0.709796,0,0.553473,0.918632,0,0.040351,0.167457,2,0,0.646845,1,0.184966,-3393122.846,1963378.079
2855,0,59.6908989,1426.77002,3,7.2673202,435.2479858,0.443704,4,399.0050049,10.2563,258.2600098,0.462103,0.335299,0.255101,0.381689,0,0.601632,0.769776,0,0.256988,0.234347,0,0,0.649668,1,0.218949,-3677874.538,1746415.431
2856,0,75.0302963,1426.180054,3,6.3402901,308.3680115,0.464326,4,369.6839905,12.4519997,104.2870026,0.342918,0.254535,0.24096,0.644282,0,0.565182,0.446549,0,0.101346,0.340515,1,0,0.650215,0,0.182572,-3233747.739,2004583.27
2857,0,56.1703987,0,5,1.86444,279.6119995,0.415729,1,601.3140259,9.8971901,24.1697998,0.451359,0.341867,0.347029,0.342097,0,0.38264,0.473548,1,0.139929,0.517856,1,0,0.570985,0,0.2353,-3235858.152,1928755.451
2858,0,72.5990982,0,7,5.4829502,375.0629883,0.474714,4,504.0669861,8.7396698,122.0350037,0.538099,0.263832,0.380766,0.0775446,0,0.647294,0.869815,0,0.293239,0.364061,6,3,0.613381,1,0.198882,-3938756.114,1658160.694
2859,0,81.5360031,0,6,3.6633799,416.3569946,0.518572,1,902.7680054,8.0015497,298.6210022,0.352683,0.346357,0.284729,0,0,0.415264,0.75877,1,0.260998,0.391792,0,0,0.661355,0,0.215581,-3585000.879,1692932.773
2860,0,66.7474976,0,3,1.6290801,143.7579956,0.440284,2,682.7310181,9.8007498,21.7838001,0.44321,0.277331,0.301097,0.25726,1,0.32751,0.63812,2,0.0877088,0.504657,2,0,0.509409,0,0.229156,-3253638.097,1936025.265
2861,0,73.955101,1001.929993,3,1.93073,216.598999,0.497552,4,494.2269897,10.0312004,87.5429993,0.459135,0.290919,0.32299,0.322439,0,0.639346,0.919575,0,0.158687,0.318444,0,2,0.700727,1,0.207091,-3749134.904,1719992.224
2862,0,77.543602,0,2,10.29,465.4599915,0.496538,2,696.5910034,8.66432,8.8272896,0.442556,0.351087,0.412852,0.271979,0,0.44631,0.705779,0,0.0881222,0.242939,1,0,0.687199,1,0.184695,-3380629.03,1911295.407
2863,0,64.0947037,1018.049988,5,3.35709,463.3859863,0.402084,4,763.4920044,7.9811702,35.778801,0.515092,0.370869,0.721829,0.107334,1,0.335289,0.719477,2,0.138852,0.507388,0,1,0.557668,0,0.23344,-3523132.997,1812440.648
2864,0,101.1169968,3843.870117,5,2.0716701,265.2799988,0.553313,1,587.9089966,13.2299995,101.3799973,0.344139,0.252537,0.360679,0.657093,0,0.560651,0.807001,0,0.114468,0.15564,2,0,0.714124,1,0.160844,-3099397.634,2016509.336
2865,0,102.973999,0,2,10.4314003,483.1029968,0.530401,1,612.3980103,9.9126701,94.9881973,0.437061,0.5385,0.43123,0.201329,0,0.684265,0.902884,0,0.243339,0.252087,1,2,0.720737,0,0.179563,-3617760.887,1834952.154
2866,0,93.4642029,3416.649902,3,3.10866,230.8730011,0.547073,4,409.677002,12.2596998,66.4633026,0.179181,0.136009,0.302512,0.667503,0,0.519025,0.797694,0,0.0536848,0.161329,2,0,0.632227,0,0.174808,-3274957.082,1994052.379
2867,0,52.8013,2065.979981,3,8.6921101,618.9799805,0.403321,4,731.3950195,7.1532898,15.5345001,0.618088,0.43805,0.20792,0,0,0.603037,0.733066,0,0.33459,0.605513,2,0,0.525695,1,0.24886,-4140597.499,1464076.162
2868,0,82.8513031,2417.629883,3,1.8224601,122.3499985,0.479993,4,214.5240021,11.2924995,86.5926971,0.457409,0.269612,0.185886,0.658643,0,0.710937,0.930308,0,0.135005,0.251928,0,1,0.743185,1,0.209257,-3756806.872,1758872.516
2869,0,80.3513031,1040.180054,2,12.4194002,525.8690186,0.512143,4,896.0419922,8.64639,246.6519928,0.479719,0.619708,0.636693,0.069895,0,0.594033,0.90534,0,0.284797,0.21382,0,2,0.747551,0,0.198548,-3579270.585,1822542.281
2870,0,91.9954987,1012.880005,1,9.5635099,573.651001,0.531815,4,588.4639893,10.8448,92.7802963,0.376529,0.241298,0.213917,0.350231,0,0.440927,0.731363,0,0.12197,0.27459,1,1,0.686959,1,0.16058,-3223690.778,1977717.246
2871,0,63.8877983,1003.619995,5,0.7398,220.4589996,0.452356,4,372.8840027,10.1588001,84.8178024,0.455029,0.288978,0.29671,0.358879,0,0.58061,0.904649,1,0.133048,0.382065,2,2,0.648983,0,0.235121,-3721313.67,1725667.449
2872,0,98.4944992,3832,3,3.03545,264.5629883,0.519079,4,406.5230103,12.3423004,33.6809006,0.345029,0.255602,0.340233,0.697363,0,0.545015,0.912658,0,0.0897515,0.161683,3,0,0.695951,1,0.175422,-3334317.826,1987651.349
2873,0,65.7693024,2063.419922,3,5.3635402,651.9219971,0.467242,4,755.4310303,9.07022,261.6289978,0.505762,0.355368,0.188573,0.094297,0,0.534729,0.905112,0,0.291268,0.241648,0,2,0.672985,1,0.21995,-3684842.576,1711219.318
2874,0,69.2787018,0,5,6.2297001,468.7359924,0.443223,4,634.1900024,7.5836501,228.0390015,0.521318,0.517846,0.5146,0.0771707,0,0.374719,0.816645,1,0.318319,0.367747,0,0,0.672734,0,0.220503,-3487726.27,1792905.471
2875,0,55.3143997,2874.840088,5,5.3201299,701.927002,0.405027,4,788.6560059,9.6487799,78.1884995,0.524641,0.541525,0.394153,0.117995,1,0.519716,0.575598,2,0.153602,0.711358,1,1,0.677358,0,0.224925,-3605510.857,1778141.221
2876,0,56.6980019,2426.040039,3,4.24933,458.7330017,0.415165,4,412.5870056,10.1847,15.9194002,0.45014,0.349173,0.228793,0.199849,0,0.537545,0.707227,0,0.253103,0.37231,0,1,0.527648,1,0.227527,-3670794.983,1732127.909
2877,0,101.6220016,0,3,3.5632,346.993988,0.520726,5,147.5720062,11.6591997,264.7460022,0.298918,0.219865,0.359486,0.705885,0,0.586425,0.762539,1,0.0442076,0.119152,2,0,0.658228,1,0.175508,-3388081.886,1959560.027
2878,0,61.6590004,0,6,6.2954602,274.2380066,0.388812,2,630.3480225,8.4639502,7.1410298,0.470949,0.534203,0.401103,0.128832,0,0.38879,0.895019,0,0.283687,0.396319,0,0,0.56679,0,0.229081,-3408796.905,1792134.079
2879,0,70.8666992,1000.359985,3,7.7553401,480.6610107,0.445431,4,144.951004,9.6366396,323.8160095,0.483599,0.327452,0.415623,0.351671,0,0.607585,0.161945,0,0.266843,0.188886,0,2,0.732,1,0.207108,-3845376.824,1681316.961
2880,0,66.509201,2414.350098,3,1.53933,140.5769958,0.45546,2,567.822998,11.5438004,153.072998,0.472837,0.304933,0.286915,0.619134,1,0.423786,0.869945,1,0.0695829,0.575553,1,0,0.705143,0,0.210274,-3105684.406,1957413.273
2881,0,82.5298004,1007.570007,3,5.0377302,359.0570068,0.47251,4,279.3070068,11.4706001,60.7015991,0.387931,0.19691,0.006519,0.635897,1,0.40833,0.219822,2,0.100001,0.4513,0,1,0.540419,0,0.185569,-3663463.294,1809407.151
2882,0,80.5976028,1006.119995,2,11.5094995,649.4450073,0.508019,1,931.3540039,7.6082101,7.4504299,0.498823,0.402759,0.624558,0.0065754,0,0.452992,0.650433,1,0.136186,0.556493,0,1,0.724606,0,0.191764,-3579058.707,1793583.806
2883,0,57.7668991,3027.790039,3,2.3612499,590.9069824,0.370435,1,858.1500244,10.6406002,350.8389893,0.312025,0.093605,0.376902,0.347931,1,0.273195,0.150232,2,0.0569445,0.938624,0,0,0.463459,0,0.231092,-3211876.324,1951602.502
2884,0,69.0664978,0,5,1.05301,120.75,0.471945,4,142.6799927,10.9951,131.345993,0.463789,0.27466,0.233896,0.544367,1,0.69406,0.916199,0,0.161513,0.428918,3,0,0.704199,1,0.220523,-3727467.025,1767362.734
2885,0,59.1251984,0,6,5.25281,380.3099976,0.372311,4,489.1319885,9.6034803,318.1719971,0.455941,0.426008,0.446726,0.270903,0,0.454659,0.625539,1,0.277117,0.294905,0,1,0.524827,0,0.22631,-3306745.695,1878763.092
2886,0,119.1760025,1004.150024,2,4.9229298,235.4170074,0.564666,4,665.65802,10.3929005,94.4786987,0.362749,0.199561,0.381145,0.337791,0,0.331796,0.902158,0,0.0480097,0.225572,2,1,0.662642,1,0.176926,-3442210.193,1960502.702
2887,0,93.120697,2029.560059,3,2.5853601,238.848999,0.569772,4,687.9710083,11.0573997,249.5650024,0.393372,0.321212,0.179387,0.474494,0,0.581768,0.837912,0,0.111726,0.19924,1,0,0.704346,0,0.169738,-3233806,1985807.588
2888,0,60.6767998,1000.01001,6,4.2097402,229.2890015,0.415402,2,580.6619873,9.3613901,74.1735001,0.472389,0.507037,0.472297,0.238586,0,0.425162,0.911738,0,0.263735,0.268684,0,1,0.615348,1,0.224553,-3316180.77,1862546.987
2889,0,69.5710983,1004.130005,5,1.43159,433.6279907,0.403368,2,279.3770142,12.6201,359.3070068,0.311794,0.157876,0.22507,0.337659,1,0.36142,0.243926,2,0.0321818,1.0168101,0,1,0.403025,0,0.206409,-3204578.258,2000215.576
2890,0,72.7858963,2452.479981,3,4.20467,675.6710205,0.476439,1,992.7080078,8.72997,137.0590057,0.31404,0.293748,0.263483,0.0321215,0,0.332496,0.813304,1,0.229054,0.657581,1,1,0.592935,0,0.216796,-3592275.997,1711384.174
2891,0,54.8838997,1013.590027,3,2.34059,400.7260132,0.414581,4,332.9779968,10.1433001,333.4089966,0.441928,0.476808,0.20563,0.193175,0,0.360825,0.44906,0,0.307317,0.404299,0,1,0.473345,1,0.236888,-3663541.635,1728229.195
2892,0,142.5970001,1427.640015,1,10.1265001,793.9130249,0.546003,3,751.8359985,8.6055899,177.848999,0.408871,0.446426,0.342687,0.0801368,0,0.391677,0.571119,0,0.180358,0.331997,1,1,0.727717,0,0.147303,-3464304.958,1937636.417
2893,0,74.3700027,0,3,1.5816,188.526001,0.492282,2,823.0050049,8.0715799,27.1005001,0.464617,0.351748,0.348869,0.116762,0,0.382412,0.729212,2,0.0694593,0.417937,1,0,0.650361,0,0.215175,-3383214.183,1902972.824
2894,0,96.9630966,0,6,2.5620401,297.473999,0.499917,4,320.5870056,10.1671,60.982399,0.444017,0.347645,0.428299,0.296438,0,0.53211,0.889215,0,0.163951,0.843095,0,0,0.681544,1,0.189986,-3779763.631,1710730.004
2895,0,81.7207031,0,5,4.7185702,394.7179871,0.449715,1,213.322998,11.9605999,288.8819885,0.325442,0.267752,0.265909,0.555581,1,0.476077,0.329983,2,0.0817348,0.241019,2,1,0.598558,0,0.188803,-3181512.999,1974921.592
2896,0,73.1015015,0,3,2.4856501,273.6270142,0.477489,4,823.3400269,7.6062999,329.8269958,0.49412,0.469344,0.75694,0.0305708,0,0.417369,0.832128,0,0.162015,0.531722,1,2,0.713835,0,0.219303,-3542912.878,1811307.16
2897,0,88.4593964,0,3,6.5364199,416.2460022,0.518264,2,1123.670044,6.6238298,259.7200012,0.543721,0.59255,0.0444892,0,0,0.849435,0.792155,0,0.177084,0.761067,1,0,0.689129,1,0.219001,-3824291.33,1649229.392
2898,0,59.9224014,1017.659973,5,1.9997,501.7950134,0.385946,4,609.4400024,9.2010603,295.6440125,0.476202,0.514766,0.229811,0.160198,0,0.348789,0.819865,1,0.244305,0.726041,0,0,0.525583,0,0.235352,-3497412.202,1779579.774
2899,0,100.6019974,1000.729981,3,0.714252,185.9120026,0.522704,4,258.4519958,11.7222996,236.1569977,0.449774,0.247454,0.0947688,0.647859,0,0.687711,0.782284,0,0.182462,0.521574,0,0,0.754529,1,0.188993,-3761859.972,1776399.793
2900,0,67.8509979,1025.719971,6,11.5726004,684.6400146,0.45232,2,878.3099976,7.8075299,280.4719849,0.522169,0.552149,0.468639,0.101274,0,0.363819,0.629234,0,0.371963,0.566923,0,1,0.696166,0,0.216232,-3495619.783,1786152.866
2901,0,79.8955994,1011.190002,3,4.1349101,556.9609985,0.440897,1,955.1660156,8.5996504,329.0010071,0.524379,0.634217,0.204641,0.0440874,0,0.363904,0.766709,1,0.199256,0.378508,1,1,0.647734,0,0.206482,-3413618.263,1733389.924
2902,0,124.6429977,1414.319946,2,10.9727001,608.559021,0.547729,3,709.0200195,9.1680899,120.3040009,0.400564,0.443174,0.426631,0.148069,0,0.464455,0.901555,0,0.15057,0.303859,1,1,0.725254,0,0.15272,-3468322.93,1933447.422
2903,0,59.9361992,1442.420044,3,4.0370302,400.2319946,0.428467,4,497.6400146,9.5388203,126.4069977,0.495453,0.389893,0.185381,0.199972,0,0.555945,0.927884,0,0.281183,0.239557,0,0,0.612979,1,0.230048,-3672238.845,1710878.952
2904,0,67.6613007,0,3,1.54725,202.1970062,0.505286,4,533.1950073,9.1113195,83.5546036,0.495455,0.345443,0.206726,0.109963,0,0.560906,0.927016,0,0.202966,0.431227,1,2,0.699867,1,0.226335,-3702508.319,1715292.576
2905,0,125.7269974,1414.979981,2,2.2942901,119.0250015,0.57268,4,632.9979858,10.6903,72.7259979,0.369659,0.197115,0.332467,0.429921,0,0.345298,0.938673,0,0.0455764,0.211749,2,0,0.674012,1,0.172806,-3440849.92,1967284.301
2906,0,79.9136963,0,4,2.21538,455.9630127,0.498643,4,491.9920044,9.5477104,28.9626007,0.484089,0.318142,0.31037,0.167934,1,0.531321,0.357041,2,0.175173,0.567717,1,3,0.600911,0,0.202235,-3638291.344,1788846.772
2907,0,108.4319992,0,3,2.46716,316.8370056,0.508478,4,363.4970093,10.276,197.302002,0.41566,0.362875,0.367306,0.346951,1,0.509859,0.13608,2,0.0740019,0.301422,1,3,0.629149,0,0.18131,-3626045.464,1832051.136
2908,0,89.6268005,0,4,1.36613,148.7539978,0.508152,1,229.7929993,12.2904997,253.9340057,0.31589,0.389128,0.350707,0.554345,0,0.684077,0.84842,1,0.0763295,0.322868,1,2,0.640756,0,0.189549,-3267076.158,1984377.871
2909,0,62.0570984,1452.089966,6,6.2666502,659.0460205,0.39868,2,781.1569824,8.7253199,209.2940063,0.509432,0.523091,0.368928,0.12463,0,0.362582,0.833388,0,0.334918,0.711635,0,1,0.637367,0,0.221754,-3507905.487,1786011.227
2910,0,95.0632019,1000.01001,7,0.243062,34.0373993,0.537676,4,42.3233986,12.2227001,161.7440033,0.466834,0.33099,0.0062195,0.790434,0,0.674506,0.68346,0,0.208387,0.218749,1,1,0.779868,0,0.186522,-3736514.186,1799930.338
2911,0,56.4967003,1472.599976,5,3.3358099,922.4869995,0.426001,4,732.0780029,9.0208302,18.7266998,0.526743,0.412589,0.287987,0.0567074,0,0.512159,0.4743,0,0.297564,0.362536,0,2,0.563121,0,0.224321,-3732834.182,1683079.774
2912,0,111.8320007,2008.430054,3,4.9773798,338.4169922,0.542209,3,454.1130066,13.4231997,332.1059875,0.317368,0.267831,0.369017,0.646309,1,0.592169,0.716489,2,0.0938291,0.250408,2,0,0.686472,0,0.164848,-3097541.36,2022587.882
2913,0,87.4057007,2431.459961,1,8.4978399,403.8940125,0.559427,1,532.2520142,12.2671003,183.276001,0.193429,0.141015,0.187809,0.665775,0,0.538387,0.858889,0,0.0811368,0.163642,2,0,0.659944,0,0.169063,-3240693.639,2010929.734
2914,0,69.9860992,1007.590027,5,1.53146,253.4089966,0.423183,1,231.098999,11.1191998,244.1340027,0.441382,0.361767,0.156177,0.407172,1,0.482077,0.577595,2,0.0898574,0.448498,2,2,0.62939,0,0.217473,-3665342.935,1784385.97
2915,0,61.1972008,1010.960022,5,3.1927299,634.5800171,0.443737,4,924.5170288,8.1123304,88.8520966,0.55779,0.632105,0.223329,0,0,0.528764,0.906248,0,0.327034,0.513652,1,0,0.642369,0,0.242397,-3721625.282,1663157.86
2916,0,94.1601028,3842.399902,3,4.2840099,247.3139954,0.516887,4,678.8309937,10.4932003,171.552002,0.413929,0.246106,0.41392,0.406783,0,0.500643,0.742441,0,0.0488093,0.129948,2,0,0.699417,1,0.176473,-3400073.844,1946002.765
2917,0,98.4480972,0,3,5.4025202,520.7249756,0.517075,1,978.5410156,7.5810099,300.2600098,0.455057,0.495619,0.508058,0.0005624,0,0.704528,0.400297,1,0.178721,0.820037,2,1,0.677356,0,0.203216,-3607766.888,1816045.445
2918,0,94.5934982,1011.900024,2,3.4305799,299.6459961,0.507955,4,279.9450073,12.6959,236.4649963,0.335126,0.296382,0.434182,0.698113,0,0.596169,0.89536,0,0.0880797,0.192201,3,0,0.691818,1,0.184956,-3307574.853,1992972.789
2919,0,84.7218018,0,3,2.4137599,137.8650055,0.494769,2,321.4169922,10.8254004,289.1430054,0.348399,0.257579,0.29434,0.641342,1,0.543412,0.85912,1,0.0404266,0.175679,2,0,0.671715,1,0.173298,-3321038.991,1950339.25
2920,0,76.1445007,0,3,1.4575,149.4779968,0.452561,4,182.8269958,13.5152998,231.3190002,0.398328,0.377995,0.387727,0.565161,0,0.536833,0.803368,0,0.0854988,0.188831,1,0,0.717383,0,0.177696,-3122877.348,2008992.232
2921,0,62.6377983,2026.079956,3,5.56213,458.6029968,0.430454,4,351.1080017,10.8149004,55.9944992,0.460047,0.305414,0.329003,0.505122,0,0.680727,0.706801,0,0.211331,0.543055,2,1,0.697378,1,0.218052,-3704449.505,1766650.016
2922,0,86.0496979,2845.929932,4,1.95196,381.901001,0.539812,1,551.2349854,10.2748003,7.3329802,0.440731,0.478599,0.190963,0.469749,0,0.540097,0.491854,0,0.10271,0.246153,3,0,0.770955,1,0.197035,-3277962.31,1945865.069
2923,0,79.2378998,1418.829956,6,2.55705,299.8330078,0.506134,4,613.0170288,9.5760098,32.9280014,0.474288,0.327729,0.32213,0.187327,0,0.612032,0.937675,0,0.201052,0.314967,1,2,0.714018,1,0.200716,-3750973.675,1706951.401
2924,0,91.891098,2414.439941,2,1.00735,90.1713028,0.458576,4,115.4960022,12.9123001,49.2887001,0.328855,0.301091,0.118471,0.672005,0,0.621979,0.895083,0,0.0764604,0.35081,2,0,0.652741,1,0.189896,-3407017.555,1980391.611
2925,0,64.2048035,0,5,4.3847699,338.2099915,0.453477,1,661.1970215,9.1006498,245.552002,0.510427,0.643554,0.136,0.0916521,0,0.400415,0.807308,0,0.335468,0.244925,1,1,0.651011,0,0.198975,-3423885.403,1718110.967
2926,0,63.2291985,2435.110107,3,3.4072499,275.9460144,0.48412,4,505.9899902,9.8042002,333.9509888,0.479225,0.326751,0.239872,0.301988,0,0.601045,0.925252,0,0.212637,0.2843,0,2,0.705305,1,0.225447,-3686001.444,1737102.429
2927,0,96.6302032,1431.73999,3,4.45753,316.4710083,0.498972,4,371.79599,11.6111002,251.6629944,0.293516,0.202799,0.357346,0.725983,0,0.574525,0.897875,0,0.0353045,0.128825,2,0,0.635694,1,0.185441,-3397130.845,1958538.725
2928,0,57.9578018,0,5,3.188,530.4509888,0.400718,4,312.3900146,8.0442801,186.9779968,0.537317,0.340283,0.439976,0,0,0.640664,0.472909,0,0.248657,0.476319,1,0,0.585575,0,0.24558,-3937323.455,1637061.216
2929,0,55.5956001,1015.479981,5,1.988,402.8460083,0.403538,4,353.1279907,10.1901999,104.7919998,0.393903,0.392744,0.170588,0.166615,0,0.35446,0.821906,0,0.285603,0.435401,2,1,0.4447,0,0.240084,-3637661.294,1737320.529
2930,0,111.8040009,1007.799988,2,0.980518,253.923996,0.574271,1,601.8560181,10.1781998,195.0650024,0.439013,0.276608,0.243326,0.293615,0,0.615366,0.833774,0,0.193513,0.286272,2,1,0.707109,1,0.184956,-3645056.559,1810672.35
2931,0,73.2105026,2833.189941,5,4.0545902,199.9450073,0.474833,4,226.6130066,11.3099003,6.9755998,0.482816,0.479511,0.18782,0.60159,0,0.653014,0.487006,1,0.104366,0.407285,0,2,0.768565,0,0.197797,-3683814.817,1802639.638
2932,0,58.6773987,1434.140015,5,2.83448,435.5700073,0.391024,4,585.0579834,9.7611599,37.7148018,0.460335,0.481181,0.428805,0.138653,0,0.416084,0.796863,0,0.230811,0.31048,1,0,0.540563,0,0.221716,-3385648.624,1776634.405
2933,0,75.9536972,2002.949951,5,6.97016,342.4899902,0.477597,4,201.7510071,11.3682003,295.6839905,0.436978,0.248686,0.145071,0.60205,1,0.53928,0.44997,2,0.137328,0.40344,1,2,0.622779,0,0.194085,-3679421.952,1805715.362
2934,0,87.3778992,2021.180054,5,2.4331999,399.2820129,0.51559,4,397.3859863,10.6913004,296.6809998,0.503984,0.23555,0.398258,0.191018,0,0.716924,0.702576,0,0.268901,0.292823,4,4,0.633967,1,0.187856,-3917282.495,1674534.909
2935,0,90.9572983,2416.389893,1,1.62449,292.3829956,0.509988,1,837.8289795,10.7587004,301.197998,0.41517,0.289036,0.22336,0.333472,0,0.435328,0.861638,0,0.125039,0.249663,2,0,0.719693,1,0.169072,-3212211.808,1972973.328
2936,0,97.594101,0,3,0.723118,111.7789993,0.470274,4,85.979599,12.5311003,65.4680023,0.286977,0.289269,0.322779,0.666873,0,0.603238,0.870803,0,0.0766947,0.174111,3,0,0.630607,1,0.188106,-3388166.165,1967706.694
2937,0,79.1134033,0,5,2.10638,107.2649994,0.462879,4,99.7798996,13.5017004,325.0509949,0.410862,0.334763,0.382197,0.494813,1,0.493262,0.594641,2,0.0488754,0.172257,1,0,0.650637,1,0.180971,-3126718.499,2009902.189
2938,0,64.2720032,0,3,4.5962801,346.6300049,0.457481,2,859.0969849,7.86094,249.5149994,0.511253,0.4925,0.370374,0.0899938,0,0.400239,0.853838,0,0.232506,0.403692,0,1,0.687442,1,0.231608,-3327885.869,1877021.157
2939,0,96.8030014,2421.290039,2,3.3541,276.6799927,0.508478,4,301.5679932,12.5679998,91.4476013,0.322555,0.267546,0.404746,0.655356,0,0.587344,0.883934,2,0.0842146,0.263746,2,0,0.661549,0,0.182337,-3295461.41,1992561.317
2940,0,87.4757996,2908.02002,5,6.0936799,621.5170288,0.533923,4,1095.140015,9.3189898,306.0880127,0.431106,0.302168,0.4305,0.117712,0,0.396282,0.89514,0,0.0731971,0.118483,3,0,0.698685,0,0.168399,-3411045.227,1931264.321
2941,0,61.1411018,0,5,4.5469198,289.1520081,0.482728,2,944.1829834,8.1266003,302.7600098,0.49004,0.450904,0.247245,0.0897011,0,0.394556,0.825208,1,0.217145,0.50214,1,1,0.704852,0,0.219789,-3289508.303,1900891.988
2942,0,65.6968002,0,5,3.23014,268.70401,0.411653,2,666.9559937,7.8632202,256.3009949,0.498309,0.529298,0.369733,0.087206,0,0.292182,0.859724,1,0.19881,0.399939,0,0,0.586001,1,0.239923,-3428414.399,1789042.174
2943,0,61.8484001,0,6,1.55697,299.1640015,0.400108,4,412.3330078,9.3958197,27.4008007,0.45452,0.488779,0.397412,0.174539,0,0.453946,0.804977,1,0.28861,0.342175,0,0,0.568272,0,0.219936,-3386309.088,1773128.066
2944,0,76.1616974,0,5,4.81323,412.5029907,0.505195,4,490.8349915,9.1555901,348.7590027,0.492015,0.35566,0.281547,0.154277,0,0.594458,0.865316,0,0.248809,0.268756,1,3,0.731125,1,0.202165,-3748223.769,1699797.098
2945,0,130.5899963,0,2,6.59513,395.2600098,0.563141,4,1002.830017,8.7028704,86.0695038,0.39298,0.201861,0.325188,0.0654756,0,0.2182,0.811957,0,0.0520632,0.570809,2,1,0.650755,0,0.174758,-3454076.272,1944384.407
2946,0,62.7218018,0,3,7.9393101,439.0830078,0.435267,4,364.4460144,9.5113497,57.780201,0.488254,0.408758,0.184857,0.117559,0,0.53617,0.819814,0,0.322854,0.279643,0,0,0.548698,1,0.21966,-3673855.242,1703543.772
2947,0,91.3948975,0,3,5.4042802,352.0190125,0.510621,2,1009,6.39886,272.5329895,0.537043,0.608249,-0.0150662,0,0,0.853686,0.861456,0,0.161326,0.953509,1,1,0.722436,1,0.228024,-3820378.871,1649108.191
2948,0,96.8550034,2006.869995,2,3.0566101,192.9309998,0.480432,4,261.5859985,12.1802998,48.2731018,0.284562,0.255793,0.253428,0.708253,0,0.582473,0.602381,0,0.08331,0.249872,2,0,0.610066,0,0.186873,-3407925.342,1969111.443
2949,0,71.4785004,1427.5,4,3.2372999,474.5710144,0.450984,4,746.2969971,9.22929,300.1610107,0.510474,0.505104,0.470741,0.150326,1,0.497994,0.326228,1,0.0892864,0.427067,2,2,0.674486,0,0.214693,-3608598.832,1804691.758
2950,0,81.5779037,0,3,1.95008,179.6799927,0.486599,1,360.7090149,10.0481005,55.2332993,0.392906,0.374403,0.558109,0.508728,1,0.55625,0.536921,2,0.121332,0.278038,3,2,0.577975,1,0.191871,-3587189.482,1842549.173
2951,0,82.2173996,1000.119995,3,1.8382601,182.1549988,0.463692,1,425.5820007,10.9281998,333.8410034,0.415353,0.484054,0.269158,0.611478,0,0.571415,0.665315,1,0.107806,0.230854,2,0,0.770192,0,0.195682,-3272742.639,1945298.05
2952,0,71.4029999,0,2,4.31218,337.651001,0.479371,3,930.4530029,8.07265,203.9669952,0.445085,0.368315,0.52953,0.0615305,0,0.331202,0.571976,1,0.10297,0.485006,0,1,0.656501,0,0.218821,-3476344.06,1896351.247
2953,0,61.8087006,1025.069946,5,4.7973299,480.0820007,0.423345,4,543.4630127,9.9314203,188.8150024,0.507047,0.414328,0.240687,0.21601,0,0.385332,0.374467,2,0.105869,0.42751,0,3,0.584283,0,0.223115,-3630846.25,1777079.168
2954,0,87.7096024,1426.170044,5,2.9876299,341.2929993,0.466404,4,458.196991,10.4358997,243.1260071,0.503125,0.395174,0.152605,0.317658,0,0.56307,0.41951,0,0.104127,0.44219,1,0,0.641761,0,0.209483,-3651647.248,1783719.222
2955,0,57.2644005,1418.02002,6,4.7737699,314.973999,0.402702,1,493.5230103,9.3325901,266.821991,0.513012,0.716424,0.0259844,0.154269,0,0.476382,0.881834,1,0.336501,0.35615,0,0,0.649162,0,0.231801,-3455281.068,1731394.618
2956,0,92.6166992,2443.51001,3,6.8171601,830.0770264,0.549942,4,635.6030273,9.2859697,38.0769997,0.430595,0.479309,0.531458,0.0822893,0,0.468166,0.935094,0,0.083106,0.210122,2,0,0.733348,0,0.153239,-3514192.973,1914351.367
2957,0,96.0972977,1011.26001,3,2.24526,338.7630005,0.475104,4,248.4230042,12.9530001,2.92136,0.262779,0.219661,0.501612,0.521091,0,0.470131,0.519723,2,0.044999,0.316057,4,0,0.488516,0,0.18713,-3297697.624,1997838.384
2958,0,76.5630035,2442.320068,2,6.3822899,719.3740234,0.46538,4,1077.780029,8.7338896,319.4620056,0.430021,0.544141,0.429972,0.108957,0,0.494645,0.894134,0,0.120945,0.314677,2,0,0.747172,1,0.206959,-3417455.834,1914718.131
2959,0,87.9815979,0,3,1.56508,263.6180115,0.545008,4,897.2780151,8.3794699,66.884201,0.484568,0.601016,0.662633,0.0331321,0,0.601448,0.848466,2,0.174964,0.383783,2,3,0.769439,0,0.201185,-3576263.565,1840319.717
2960,0,97.8063965,0,2,2.87973,578.4569702,0.552691,3,289.70401,9.6195297,151.2619934,0.366353,0.475079,0.555534,0.530025,0,0.657162,0.92273,0,0.128302,0.167302,1,1,0.727168,1,0.164286,-3489300.192,1916646.11
2961,0,66.717598,0,3,1.90719,298.2449951,0.504622,4,529.348999,9.1175299,186.5639954,0.505587,0.352734,0.196972,0.102827,0,0.57678,0.915785,0,0.250103,0.42465,0,2,0.704583,1,0.224835,-3689522.51,1721081.54
2962,0,87.7432022,1000.309998,3,2.9656601,158.7449951,0.543166,4,265.0249939,12.0292997,23.0114002,0.187056,0.164939,0.240728,0.633435,1,0.558347,0.581369,2,0.0534713,0.170212,1,0,0.628689,1,0.170875,-3247387.296,1998259.274
2963,0,76.7572021,1420.699951,5,1.07893,302.6329956,0.410899,4,277.4179993,12.4519997,99.8628006,0.302269,0.231765,0.281444,0.414669,0,0.542691,0.567152,0,0.0503468,0.423398,0,0,0.534576,0,0.197573,-3212651.182,1990885.03
2964,0,62.2715988,2009.339966,5,1.0351,333.375,0.411254,1,747.4400024,11.2202997,215.8099976,0.451739,0.303825,0.268126,0.527419,0,0.409206,0.811618,1,0.0763309,0.402374,1,2,0.643713,0,0.213285,-3173263.825,1950866.702
2965,0,65.3041,0,3,2.9844,137.1260071,0.429875,4,298.2449951,12.1423998,176.1490021,0.366272,0.378326,0.333593,0.386937,0,0.47012,0.870162,0,0.144072,0.486697,1,0,0.616818,0,0.201697,-3130913.16,1949648.896
2966,0,90.9791031,0,1,1.72663,225.3509979,0.511253,4,430.3210144,11.8365002,121.375,0.359672,0.250666,0.272316,0.652934,1,0.493663,0.839847,2,0.0849502,0.275579,1,1,0.646803,0,0.179015,-3265028.47,1976674.865
2967,0,95.7871017,1001.340027,2,4.89081,342.2219849,0.509381,1,310.7579956,12.8584003,151.1779938,0.241802,0.331912,0.391175,0.602293,1,0.538863,0.796328,2,0.0509617,0.381984,2,1,0.583937,0,0.181853,-3267011.668,2009587.604
2968,0,85.2879028,0,3,3.0245399,220.2350006,0.50423,4,248.1990051,11.8126001,83.2794037,0.391091,0.246715,0.15618,0.692171,0,0.540874,0.714583,1,0.104218,0.294717,0,3,0.636145,0,0.189888,-3667011.342,1822275.585
2969,0,97.8825989,1415,3,2.46749,117.5579987,0.49053,5,171.8049927,12.0719995,53.8297997,0.265745,0.262073,0.295478,0.715248,0,0.593024,0.857581,0,0.0772555,0.185493,2,0,0.608661,1,0.18571,-3399042.704,1966198.281
2970,0,69.6138992,2045.420044,2,0.383339,657.8619995,0.538117,4,1080.589966,8.7041798,20.4818993,0.513436,0.348493,0.161516,0.0145137,0,0.592594,0.931882,0,0.26104,0.411315,1,2,0.653903,0,0.222878,-3695189.255,1714537.276
2971,0,71.7472992,1420.02002,5,1.44302,303.5950012,0.408189,4,250.2510071,12.5534,13.3964005,0.300594,0.198391,0.255853,0.357554,0,0.485194,0.169065,1,0.0472254,0.554536,1,0,0.483722,0,0.203229,-3207592.408,1994740.163
2972,0,77.2014999,1026.589966,3,3.2255399,496.1830139,0.511531,1,1282.400024,7.4868999,274.7420044,0.482359,0.368531,0.263676,0.0283141,0,0.364724,0.598718,0,0.0872041,0.792873,1,2,0.728091,0,0.213752,-3351877.813,1913245.514
2973,0,77.3752975,1440.930054,3,3.99914,304.803009,0.506522,3,1120.280029,7.9486399,138.7079926,0.458259,0.540274,0.323312,0.0320017,0,0.430688,0.905734,0,0.0786822,0.445352,2,0,0.771917,1,0.213797,-3408267.47,1907723.458
2974,0,57.722599,0,5,3.5844901,323.3469849,0.395297,4,422.5,10.0469999,175.6999969,0.529052,0.515492,0.228522,0.253915,0,0.561461,0.680947,1,0.151852,0.33367,0,1,0.663706,0,0.233447,-3623132.062,1778307.406
2975,0,76.1656036,0,4,2.00475,275.4190063,0.51964,2,852.6989746,8.0275803,86.0547028,0.445908,0.330599,0.330784,0.0706074,0,0.355426,0.912708,0,0.0449946,0.411224,2,0,0.698849,0,0.213109,-3392413.702,1907025.702
2976,0,109.572998,1000.809998,2,1.69708,219.3339996,0.552011,4,672.0620117,10.4478998,78.0402985,0.384526,0.206845,0.400138,0.371036,0,0.462035,0.912522,0,0.0358037,0.252084,0,1,0.675547,1,0.185807,-3431935.382,1959821.156
2977,0,66.6110001,3460.370117,6,2.0752101,736.1389771,0.397838,4,985.1820068,8.73139,57.0842018,0.482,0.415145,0.374266,0.078919,0,0.381882,0.663573,0,0.215099,0.753255,1,1,0.610916,0,0.232059,-3547053.509,1766439.796
2978,0,81.4178009,2001.369995,4,8.4285803,470.6849976,0.480717,2,366.3840027,10.0165005,86.9662018,0.394752,0.239838,0.470416,0.528154,0,0.455798,0.42328,1,0.0622194,0.212118,3,0,0.613671,0,0.175597,-3397902.233,1928583.106
2979,0,83.7148972,0,1,7.1272402,419.2810059,0.525803,4,499.5969849,9.08218,156.2279968,0.453787,0.598325,0.617663,0.218738,0,0.643665,0.732779,0,0.275154,0.30445,2,2,0.743228,0,0.191354,-3582980.672,1834223.155
2980,0,90.8298035,3028.439941,1,5.1549902,259.5969849,0.558035,1,661.7540283,10.5566998,91.6584015,0.413753,0.25732,0.254565,0.45238,0,0.50406,0.753416,0,0.0609535,0.212743,2,0,0.720188,1,0.171577,-3327583.691,1956353.407
2981,0,66.2902985,1026.920044,3,7.4010201,379.0969849,0.44551,2,1004.289978,8.3798599,210.7070007,0.498485,0.458564,0.242941,0.0995157,0,0.440936,0.768302,0,0.238632,0.609199,1,0,0.681792,1,0.228873,-3279283.455,1913174.657
2982,0,81.3944016,1000.039978,3,5.1202898,314.9750061,0.516134,4,69.3634033,10.8919001,118.7590027,0.484156,0.218995,0.384761,0.314184,0,0.730546,0.915273,0,0.247308,0.213478,3,4,0.650134,1,0.192276,-3921307.506,1674610.273
2983,0,95.4616013,2000.51001,3,3.1147001,210.1450043,0.459978,4,105.7529984,12.5712996,14.1197996,0.320624,0.233732,0.250237,0.638819,1,0.554871,0.645433,2,0.0652173,0.208274,2,0,0.567898,0,0.189547,-3399283.532,1971254.195
2984,0,65.9240036,2020.109985,5,3.65816,524.3469849,0.399835,1,1095.109985,8.2364798,332.9719849,0.477839,0.406525,0.275282,0.116913,1,0.351854,0.602257,2,0.166733,0.777192,1,0,0.633262,0,0.222517,-3306831.81,1905566.218
2985,0,71.2867966,0,3,1.4415801,101.1999969,0.427254,2,304.8630066,11.2208004,136.1569977,0.441809,0.469718,0.332981,0.539818,1,0.536792,0.643895,1,0.0986349,0.215072,1,0,0.732394,0,0.194636,-3263906.417,1947404.685
2986,0,77.297699,2017.23999,2,9.8556099,705.7139893,0.47767,4,606.4450073,8.52985,81.461998,0.467745,0.599519,0.694473,0.170091,0,0.483943,0.895389,0,0.169416,0.365043,3,2,0.778012,1,0.196047,-3508181.084,1879009.002
2987,0,61.1916008,0,6,8.7824202,466.8380127,0.417426,2,550.5180054,8.2540302,281.2990112,0.48089,0.44196,0.547656,0.118986,1,0.360098,0.454529,2,0.209026,0.756916,0,1,0.516189,0,0.218087,-3511223.559,1798362.129
2988,0,82.7116013,0,5,1.7187001,347.0499878,0.481542,4,587.5720215,9.1777802,168.6640015,0.51314,0.492588,0.377659,0.0873736,1,0.522773,0.778238,2,0.135722,0.313457,1,2,0.682161,0,0.195266,-3630194.882,1789731.85
2989,0,118.0100021,0,2,1.10426,425.3160095,0.559145,4,849.2559814,8.2125702,63.5834007,0.424307,0.314099,0.592836,0.01809,0,0.335588,0.915578,0,0.0514169,0.426016,3,0,0.72046,1,0.207183,-3557422.159,1881709.55
2990,0,102.3010025,0,5,3.0443001,300.2009888,0.502773,4,467.8250122,9.6128798,126.3809967,0.46095,0.373036,0.425166,0.14286,0,0.526753,0.895009,0,0.194765,0.36352,1,1,0.698814,1,0.1854,-3791349.207,1696279.311
2991,0,103.4990005,1008.479981,3,9.2120895,462.4630127,0.560362,4,802.289978,8.7586699,118.7860031,0.453705,0.366414,0.654884,0.0430754,0,0.358781,0.875813,0,0.085463,0.375789,1,2,0.737149,0,0.198539,-3562763.287,1871007.464
2992,0,68.0114975,2000.550049,3,3.58728,202.647995,0.495797,4,382.4679871,10.0471001,186.3070068,0.479313,0.301635,0.253416,0.371305,0,0.650271,0.916089,0,0.193026,0.247419,1,3,0.721868,1,0.227367,-3690043.794,1751803.606
2993,0,80.0470963,1478.599976,2,16.9769001,824.6380005,0.499773,1,938.7589722,11.4471998,356.0379944,0.389501,0.269595,0.162748,0.373794,0,0.453814,0.909223,0,0.181805,0.14403,1,1,0.684063,1,0.154372,-3231290.499,1996351.914
2994,0,92.3684998,0,3,1.9046,126.7320023,0.484054,4,92.4347992,13.1545,36.678299,0.28872,0.288526,0.477142,0.654035,0,0.66419,0.91144,1,0.0511593,0.185109,3,0,0.672635,1,0.186229,-3327326.654,1995115.555
2995,0,98.5549011,1416.75,1,9.3846397,472.9750061,0.539171,4,296.8039856,13.4789,111.9990005,0.318801,0.274718,0.351649,0.64707,0,0.571188,0.870018,0,0.12577,0.164821,1,0,0.701037,0,0.166002,-3114251.259,2018270.092
2996,0,51.8713989,1011.940002,5,4.7526798,434.8349915,0.413152,4,484.5180054,9.4181604,24.3262997,0.504166,0.523561,0.138372,0.0606273,0,0.354508,0.630961,0,0.377789,0.339458,1,0,0.469137,0,0.248949,-3646456.129,1679520.367
2997,0,79.4642029,0,3,5.1182199,500.9869995,0.493366,2,749.5819702,7.69947,37.1922989,0.571615,0.622518,0.136571,0.0036741,0,0.664795,0.920034,0,0.312837,0.539677,0,0,0.736105,0,0.196304,-3803165.844,1661703.794
2998,0,75.1990967,1001.76001,3,7.4292102,348.6870117,0.502454,4,188.3419952,10.5355997,311.6099854,0.509365,0.226993,0.344839,0.27182,0,0.699041,0.898602,0,0.267432,0.208559,7,2,0.652378,1,0.19178,-3937179.685,1667316.941
2999,0,79.5931015,1414.660034,5,3.71136,190.151001,0.45758,4,44.7173996,11.3671999,49.2453003,0.333168,0.141907,0.269646,0.674507,0,0.55304,0.859688,2,0.175148,0.351772,0,2,0.688217,1,0.208122,-3764562.697,1747156.284
3000,0,78.6858978,0,3,2.46176,173.1820068,0.492252,2,796.8359985,8.6430702,169.2740021,0.422703,0.32696,0.189631,0.130489,1,0.358944,0.811039,2,0.117235,0.471634,2,0,0.593895,0,0.207803,-3300375.097,1933125.106
3001,0,73.112999,0,2,4.0897598,672.0549927,0.500836,2,392.1549988,6.5587902,141.9120026,0.605953,0.407857,0.304941,0,0,0.499432,0.755641,0,0.438364,0.492872,4,0,0.597699,0,0.210562,-4006015.838,1598547.031
3002,0,55.3210983,0,5,2.20684,221.1139984,0.332785,2,499.7099915,10.5052996,67.6746979,0.470331,0.345604,0.366731,0.260783,1,0.360781,0.434622,2,0.124502,0.475423,1,0,0.462858,0,0.24406,-3220470.462,1914463.399
3003,0,142.3399963,0,1,7.3566499,693.4949951,0.57431,2,685.3670044,9.1460896,162.0910034,0.468986,0.310096,0.380682,0.054859,0,0.556313,0.655993,0,0.307488,0.233679,3,2,0.672364,0,0.163635,-3638195.314,1821440.176
3004,0,70.8526001,1000.150024,3,9.39007,518.9869995,0.419082,1,762.0770264,8.2581301,128.5180054,0.454785,0.395545,0.291457,0.106562,0,0.377935,0.667547,2,0.170397,0.465874,0,0,0.637538,0,0.219308,-3324216.365,1914555.528
3005,0,67.6148987,2830,5,1.79992,206.1150055,0.41943,4,313.8299866,12.5146999,113.8939972,0.348704,0.361386,0.41014,0.527562,1,0.517611,0.879513,2,0.12185,0.220943,1,0,0.658536,0,0.1992,-3092551.145,1977067.457
3006,0,68.1163025,0,5,2.13621,330.6099854,0.44798,4,528.3850098,8.3455,29.6601009,0.471451,0.306762,0.638678,0.164452,1,0.271596,0.500605,2,0.130932,0.442324,0,0,0.51265,0,0.213948,-3549566.205,1799873.432
3007,0,63.7187996,2421.080078,3,1.2405699,318.7789917,0.500266,4,579.7410278,9.5997896,351.3039856,0.487799,0.321573,0.22972,0.245068,0,0.600495,0.911026,0,0.216174,0.282967,1,3,0.705785,1,0.225346,-3690238.432,1731830.128
3008,0,87.9620972,1465.119995,2,4.5343299,392.4150085,0.545939,2,959.0109863,8.6778803,152.6399994,0.451364,0.312021,0.350864,0.0802887,0,0.38473,0.706457,0,0.0653048,0.323641,3,0,0.7147,1,0.186427,-3369849.091,1926997.49
3009,0,93.3554993,1000.130005,2,4.0859098,275.9769897,0.536322,1,485.67099,10.4735003,157.5310059,0.412219,0.475522,0.402792,0.296353,0,0.685431,0.853755,1,0.159952,0.238021,0,2,0.691481,1,0.179671,-3620994.097,1842394.734
3010,0,77.7844009,2001.369995,3,3.3006699,213.6009979,0.494003,4,213.8470001,12.4927998,13.7363005,0.178143,0.131646,0.224947,0.58438,1,0.486373,0.490108,2,0.0425903,0.251966,1,0,0.545721,0,0.178902,-3235547.118,2007954.999
3011,0,113.6790009,0,5,1.84361,476.45401,0.525262,4,641.3590088,8.6721802,145.1009979,0.477759,0.344959,0.226902,0.0362545,0,0.617311,0.867079,0,0.188123,0.950624,2,3,0.709624,1,0.197987,-3780227.492,1693236.365
3012,0,83.9128036,1415.48999,3,2.06744,98.5623016,0.48209,1,237.4689941,12.1612997,134.6999969,0.31027,0.285433,0.395238,0.661069,0,0.553641,0.88732,0,0.0856977,0.220365,2,0,0.650408,1,0.185395,-3315230.462,1966489.184
3013,0,64.3575974,1416.900024,3,4.4039502,446.6350098,0.382672,1,721.6469727,9.3570604,214.2599945,0.447375,0.485722,0.405426,0.235117,0,0.414305,0.778848,1,0.217422,0.368407,0,1,0.633411,0,0.220922,-3313733.35,1898073.211
3014,0,75.9772034,1023.51001,4,4.13836,454.5079956,0.45924,4,255.8009949,11.7278004,228.3139954,0.30942,0.102778,0.311094,0.652464,0,0.47559,0.839564,1,0.129903,0.447284,1,1,0.63423,0,0.214826,-3695808.916,1808675.302
3015,0,52.0453987,1019.690002,6,4.5322599,458.0650024,0.410236,4,467.0339966,9.5308199,192.9440002,0.489826,0.472361,0.121621,0.0704667,0,0.521915,0.89243,0,0.292278,0.318774,1,0,0.499626,0,0.254675,-3643682.151,1681605.313
3016,0,98.2938004,2086.550049,1,6.7561102,471.6600037,0.560077,1,881.5960083,10.0773001,152.9450073,0.378781,0.297458,0.146826,0.117352,0,0.42099,0.861765,0,0.112778,0.2969,2,2,0.676156,0,0.170517,-3223626.091,1972579.367
3017,0,89.6601028,4440.240234,1,4.02176,262.678009,0.536536,4,488.5480042,13.1556997,328.2210083,0.329665,0.261925,0.305177,0.666888,0,0.561399,0.801451,0,0.100824,0.164391,1,0,0.706705,0,0.168554,-3118354.357,2013403.081
3018,0,74.3722992,1509.589966,3,11.5969,747.2919922,0.497174,4,1137.469971,8.2819595,153.9530029,0.523739,0.381405,0.106591,0.0034168,0,0.624451,0.863015,1,0.299361,0.360215,0,0,0.666616,1,0.214152,-3688646.318,1692943.987
3019,0,78.7857971,1414.859985,3,5.8331099,345.9020081,0.522794,4,533.9769897,11.0354996,132.8600006,0.392263,0.446633,0.254636,0.526209,0,0.625727,0.554401,0,0.126245,0.251273,1,0,0.730517,1,0.196606,-3252687.224,1963069.965
3020,0,100.6500015,1005.77002,3,3.90623,210.7220001,0.490099,4,191.3509979,12.6078997,287.92099,0.305991,0.296741,0.351637,0.651847,1,0.614998,0.921619,1,0.0969931,0.207874,4,0,0.661325,0,0.181017,-3359517.294,1979724.644
3021,0,59.5323982,1010.059998,5,3.90534,473.5220032,0.408098,1,584.8499756,9.48279,165.496994,0.457574,0.384293,0.299657,0.178887,0,0.365174,0.528275,2,0.339049,0.315322,1,2,0.493042,0,0.229232,-3616316.416,1744789.518
3022,0,113.5510025,2425.560059,3,5.2136798,319.0490112,0.50795,1,307.2569885,11.7732,317.4890137,0.319341,0.201164,0.408945,0.669136,0,0.517314,0.593424,0,0.0394201,0.121005,5,0,0.637647,1,0.169552,-3361268.442,1955765.856
3023,0,123.8519974,0,1,10.4672003,646.427002,0.544158,4,698.1970215,9.1729202,31.7707996,0.506985,0.556342,0.426604,0.0539504,0,0.559948,0.820222,0,0.163997,0.435788,3,3,0.794652,0,0.168013,-3625647.181,1824168.647
3024,0,67.9410019,0,5,8.9057903,685.8319702,0.446484,1,429.8349915,7.7410202,28.0884991,0.540858,0.450563,0.280466,0,0,0.402762,0.619101,2,0.315614,0.546801,2,0,0.572194,0,0.21992,-3860235.602,1645139.779
3025,0,87.8740005,0,2,2.7411599,228.128006,0.507696,1,453.2950134,9.8814602,80.6561966,0.400638,0.258873,0.369196,0.435239,1,0.440636,0.481722,2,0.0371262,0.227977,3,0,0.607423,1,0.18621,-3347847.418,1934023.14
3026,0,84.6288986,1100.469971,3,10.4689999,728.2639771,0.461254,4,959.7230225,8.6206102,357.6270142,0.403186,0.320435,0.652857,0.077293,0,0.34301,0.691117,0,0.0598823,0.474954,2,0,0.675351,0,0.222018,-3545004.012,1882900.284
3027,0,91.3412018,1004.26001,3,5.2876902,258.7879944,0.489878,4,299.8269958,10.5865002,44.3263016,0.378456,0.405617,0.584339,0.67586,1,0.652095,0.898582,1,0.0548747,0.197464,1,0,0.696548,1,0.158227,-3507956.754,1916433.649
3028,0,63.2014999,0,6,0.655882,245.595993,0.383931,4,553.6430054,8.9554701,340.3359985,0.476844,0.659477,0.486573,0.19338,0,0.505931,0.883379,0,0.184679,0.369347,0,1,0.62925,0,0.236765,-3330229.046,1865217.115
3029,0,60.7187996,1009.599976,3,3.5415299,264.0339966,0.473308,4,275.2170105,10.4809999,335.3829956,0.440885,0.333421,0.284991,0.470263,0,0.650369,0.867925,0,0.154724,0.194345,5,2,0.694638,1,0.226093,-3723286.337,1741104.701
3030,0,87.1875992,1420.349976,3,1.92729,175.8739929,0.505923,1,426.3919983,11.6075001,53.6297989,0.340537,0.269023,0.3086,0.726011,0,0.523895,0.898709,0,0.097711,0.162787,2,0,0.675502,1,0.17936,-3312788.247,1961780.681
3031,0,58.1649017,0,5,6.18328,357.598999,0.435554,4,253.9349976,9.5703402,164.2120056,0.485927,0.387246,0.169313,0.156937,0,0.5052,0.724331,2,0.268444,0.330597,0,0,0.518817,0,0.230873,-3667885.214,1701877.261
3032,0,65.9721985,1000.549988,3,4.6914802,246.3910065,0.479553,4,218.8209991,10.5684004,174.1699982,0.460514,0.288511,0.282007,0.538122,0,0.669986,0.92509,0,0.172073,0.282623,3,1,0.728107,1,0.223245,-3713714.412,1758685.754
3033,0,97.6218033,1000.580017,2,2.6313601,126.6689987,0.502711,4,118.7939987,13.3092003,39.7117004,0.335885,0.308737,0.385051,0.670791,0,0.590188,0.802574,1,0.0752687,0.164795,4,0,0.677746,1,0.183728,-3349302.817,1997204.291
3034,0,73.1829987,1044.579956,3,8.2369099,542.0529785,0.479476,3,927.5650024,8.3845701,292.0620117,0.430903,0.323636,0.580245,0.123023,0,0.281209,0.7563,1,0.115744,0.306233,0,1,0.592651,0,0.204582,-3481912.093,1894487.356
3035,0,95.5218964,1000.070007,3,2.4597199,137.8190002,0.491195,4,99.0203018,13.3471003,82.6701965,0.328994,0.295412,0.434466,0.694964,0,0.675055,0.856402,0,0.0525208,0.160724,4,0,0.679933,1,0.188399,-3340281.858,1998218.59
3036,0,87.8035965,0,1,2.1872399,131.4700012,0.532823,4,326.2969971,12.0700998,97.1840973,0.206183,0.183826,0.267869,0.68654,1,0.571314,0.91907,1,0.0580355,0.175217,0,0,0.655336,1,0.182306,-3243588.799,1995658.535
3037,0,73.9760971,1005.039978,5,0.874822,261.3179932,0.418382,4,288.8139954,10.8329,74.9925003,0.467633,0.294989,0.136748,0.425798,1,0.394892,0.330947,2,0.0691847,0.432778,1,2,0.589652,0,0.21866,-3659368.927,1782680.82
3038,0,65.9131012,0,3,2.26404,127.1340027,0.475241,4,336.2160034,9.94067,79.8207016,0.46097,0.315437,0.283917,0.314408,0,0.600281,0.930404,2,0.157246,0.350296,2,2,0.685892,0,0.226444,-3719108.098,1722132.73
3039,0,59.8358002,1028.579956,6,7.6999602,387.1799927,0.38879,2,589.2540283,9.20156,176.5549927,0.462429,0.559874,0.455434,0.160181,0,0.35888,0.810409,0,0.282177,0.295191,0,0,0.640179,0,0.224574,-3383321.901,1791323.516
3040,0,56.6282997,0,6,2.2824199,147.8190002,0.38355,1,406.45401,9.8421297,316.3009949,0.47864,0.728822,0.049774,0.138269,0,0.501763,0.810996,0,0.303621,0.231378,0,0,0.641602,0,0.220837,-3437542.916,1726430.417
3041,0,58.8693008,1023.479981,5,10.3395004,563.7089844,0.440099,4,610.8850098,9.0903797,213.0709991,0.516189,0.396783,0.291951,0.0573795,0,0.509811,0.913043,0,0.305925,0.298223,0,2,0.619797,1,0.220066,-3730309.389,1686652.262
3042,0,81.254303,1001.169983,3,6.15766,430.2869873,0.432329,4,174.8430023,12.4102001,64.384903,0.292527,0.24836,0.278476,0.503195,1,0.497936,0.543001,1,0.0625704,0.780441,0,0,0.5613,0,0.197165,-3199560.428,1988694.13
3043,0,98.3074036,0,3,0.259176,83.8781967,0.500873,4,118.8669968,13.5714998,199.9660034,0.349519,0.31638,0.368076,0.681673,0,0.618443,0.881969,0,0.0706809,0.131496,5,1,0.677628,1,0.1903,-3354425.279,2000752.878
3044,0,71.7312012,0,5,1.17978,205.7669983,0.445562,4,940.5780029,7.4391599,3.1838601,0.483529,0.441358,0.692791,0.0371883,1,0.334775,0.311594,0,0.0911819,0.8033,2,2,0.706438,1,0.23909,-3499725.494,1866271.39
3045,0,71.7627029,2004,2,2.79844,182.3860016,0.44935,4,491.072998,11.2609997,145.904007,0.419459,0.40274,0.357644,0.551935,0,0.592316,0.647183,1,0.0836258,0.293661,2,0,0.660037,0,0.209739,-3245698.737,1959587.224
3046,0,70.2496033,2045.359985,5,4.5245399,675.4530029,0.442662,1,855.2440186,9.09027,281.6409912,0.324518,0.2032,0.344551,0.0859037,1,0.296304,0.393567,2,0.155786,0.551122,1,1,0.449881,0,0.217948,-3592678.64,1735546.686
3047,0,55.3879013,0,5,7.0155501,502.9049988,0.441306,4,568.1569824,5.9902902,170.5209961,0.621748,0.49851,0.211124,0,0,0.633042,0.396452,0,0.273199,0.579708,1,0,0.533665,1,0.24099,-4129330.216,1469430.156
3048,0,75.1140976,2025.069946,3,4.1769099,693.1409912,0.474797,2,1240.119995,7.8133898,98.6266022,0.479435,0.409274,0.290978,0.0577153,0,0.358132,0.626076,0,0.142236,0.778877,0,2,0.689896,1,0.21177,-3337350.671,1913592.59
3049,0,60.7131996,0,3,1.5364701,156.6799927,0.448366,4,174.3910065,10.4138002,188.9380035,0.438165,0.33761,0.299387,0.401685,0,0.621396,0.731985,0,0.144796,0.292367,4,1,0.673307,1,0.232243,-3723821.542,1732426.549
3050,0,88.7062988,0,3,3.5239201,221.6809998,0.52103,4,205.6089935,13.6836004,295.1040039,0.332807,0.363087,0.369774,0.674524,0,0.590905,0.8153,0,0.114503,0.202141,1,0,0.650937,1,0.175808,-3143031.509,2022441.045
3051,0,63.6702995,1016.539978,3,3.9259,456.8039856,0.436614,4,617.25,9.6347904,159.9880066,0.50071,0.490298,0.398571,0.193351,0,0.454641,0.684096,1,0.10113,0.618503,0,2,0.650664,0,0.223054,-3613191.998,1797142.937
3052,0,74.5738983,2006.689941,3,1.7079,255.375,0.387409,4,312.6319885,12.6324997,8.8989801,0.32005,0.192774,0.17453,0.478002,1,0.40866,0.431169,2,0.0563085,0.346505,0,0,0.483272,0,0.202362,-3214728.668,2008149.746
3053,0,82.2895966,2848.860107,2,3.75015,426.1029968,0.484382,1,393.2420044,12.0043001,208.2579956,0.424453,0.294472,0.265056,0.683139,1,0.652291,0.450177,2,0.169453,0.43344,1,0,0.709965,0,0.191457,-3680268.17,1823341.826
3054,0,59.7257996,2011.729981,6,0.396986,393.8680115,0.368552,1,715.302002,11.1057997,322.2000122,0.285967,0.11628,0.282208,0.430113,1,0.31361,0.26017,2,0.0625101,0.472231,1,1,0.442722,0,0.231408,-3177089.817,1946072.275
3055,0,65.8604965,1049.52002,3,9.9915895,628.0620117,0.461564,4,630.309021,8.2028799,242.2230072,0.529284,0.283165,0.372959,0.0006998,0,0.601106,0.586155,1,0.245995,0.417717,2,3,0.629841,1,0.217783,-3915014.355,1647675.817
3056,0,79.7752991,1025.540039,3,5.0060401,450.2189941,0.447941,3,761.382019,9.1416597,310.4899902,0.448187,0.472306,0.552009,0.163572,0,0.641105,0.513321,1,0.194819,0.503695,1,2,0.591219,0,0.212213,-3594097.644,1821057.441
3057,0,49.4840012,2415.959961,6,6.7368598,322.9979858,0.344875,1,393.7420044,10.3273001,66.2538986,0.41595,0.481478,-0.223166,0.132171,0,0.215973,0.371427,2,0.306125,0.53052,0,0,0.388101,0,0.246752,-3488652.309,1734570.084
3058,0,63.6217995,0,3,0.321607,257.776001,0.406188,1,612.1820068,10.6848001,282.223999,0.253047,0.0646252,0.271173,0.360249,1,0.259371,0.65343,2,0.0465554,0.513714,1,0,0.432031,0,0.217633,-3190895.132,1951742.83
3059,0,68.3106995,2426.959961,3,1.53444,485.2409973,0.489865,4,680.0570068,9.5134401,126.9680023,0.494395,0.315771,0.273945,0.176511,0,0.603111,0.916835,0,0.233477,0.395138,1,3,0.722276,1,0.21647,-3728066.62,1711990.493
3060,0,64.9354019,1029.319946,3,6.4692602,501.6489868,0.447269,4,319.2470093,10.8254995,312.0140076,0.439946,0.279592,0.321688,0.461363,0,0.636534,0.465171,0,0.202361,0.394578,3,0,0.618938,1,0.218783,-3707019.864,1769852.553
3061,0,66.6110001,0,5,5.7459002,417.223999,0.436936,4,592.1030273,9.1179504,110.4560013,0.499753,0.541065,0.503651,0.0779307,0,0.522981,0.638605,1,0.154803,0.467547,0,2,0.695485,0,0.220699,-3604893.731,1792647.748
3062,0,85.7854004,1481.670044,3,11.8843002,777.5460205,0.529874,4,876.1900024,9.5443296,273.2659912,0.408432,0.28691,0.451197,0.325386,0,0.472566,0.914982,0,0.0783818,0.111137,3,0,0.682294,1,0.165474,-3408134.119,1930522.647
3063,0,61.6871986,1444.339966,3,9.7781897,506.8580017,0.391896,1,769.1550293,9.0669603,241.8350067,0.478503,0.470088,0.371562,0.21919,0,0.38946,0.753941,0,0.223438,0.372869,0,1,0.608324,0,0.218675,-3307596.229,1896298.152
3064,0,69.2527008,0,1,2.30334,229.4080048,0.461419,4,172.6349945,12.6436996,71.5593033,0.390115,0.311122,0.336865,0.471783,1,0.512664,0.657487,2,0.0966044,0.176274,1,0,0.619511,0,0.198163,-3109263.173,1977688.633
3065,0,81.907402,2014.199951,3,2.6361401,369.3739929,0.477637,1,356.8569946,13.3779001,311.8519897,0.357004,0.274688,0.37052,0.473564,1,0.502871,0.522586,2,0.0644757,0.143923,1,0,0.615355,0,0.178892,-3113581.587,2009075.15
3066,0,64.8980026,0,5,6.6550102,370.3059998,0.403538,1,750.9910278,7.7593098,247.3200073,0.504674,0.666868,0.431804,0.0733335,0,0.522389,0.742463,1,0.161003,0.789593,0,0,0.680614,0,0.245318,-3427234.846,1825716.343
3067,0,78.2417984,1000.080017,3,6.5359702,401.4719849,0.462668,4,701.0369873,8.8230305,8.7097797,0.409444,0.490358,0.447825,0.313337,0,0.579139,0.728256,0,0.116257,0.273898,3,0,0.68871,1,0.193443,-3431799.038,1919712.758
3068,0,52.5779991,1018.359985,3,7.02174,791.2890015,0.374661,4,626.9140015,7.4276199,207.3549957,0.603354,0.426473,0.208964,0,0,0.529597,0.708703,0,0.33789,0.401332,1,0,0.536855,0,0.250201,-4138416.465,1459583.143
3069,0,68.8610001,2417.320068,5,10.9263,659.4429932,0.488763,1,791.0549927,8.2339497,204.0780029,0.275069,0.295876,0.62353,0.0044686,1,0.394742,0.900385,2,0.169957,0.668904,0,1,0.644921,0,0.209321,-3576767.72,1785548.863
3070,0,95.5512009,0,2,4.0437002,409.2399902,0.545084,4,516.6129761,9.1519403,116.8820038,0.404712,0.500874,0.659785,0.238772,0,0.629509,0.892596,0,0.151336,0.217255,3,1,0.6953,0,0.196961,-3569694.704,1862892.842
3071,0,71.2408981,1414.25,3,0.915505,89.8779984,0.512826,4,468.7219849,11.9870996,111.0159988,0.407601,0.302791,0.235652,0.670264,1,0.482815,0.848092,0,0.0993144,0.174301,1,1,0.71234,0,0.196034,-3131237.969,1964788.447
3072,0,57.7112999,0,5,4.8958702,361.7420044,0.432435,4,410.321991,9.0382099,23.6042995,0.514097,0.413505,0.145538,0.0912298,0,0.539067,0.743018,0,0.311725,0.47472,0,0,0.506001,0,0.245421,-3661528.421,1690841.907
3073,0,69.8688965,0,3,2.40413,337.6619873,0.513929,1,256.3059998,12.2814999,117.1380005,0.367548,0.327608,0.308876,0.578098,0,0.525432,0.909779,0,0.139493,0.158138,1,1,0.689218,0,0.195559,-3111700.642,1973168.528
3074,0,74.774498,3010.459961,3,1.8106101,250.9250031,0.441021,4,310.7829895,12.8430996,195.3840027,0.254855,0.365028,0.160386,0.594125,1,0.451282,0.504086,2,0.0487926,0.220726,0,2,0.559087,0,0.206537,-3191353.935,2013035.868
3075,0,68.7228012,2423.719971,2,1.8410701,411.7950134,0.489365,4,467.6480103,10.3170004,189.7330017,0.468599,0.293585,0.269999,0.429981,0,0.658837,0.91364,0,0.179433,0.28534,3,1,0.728742,1,0.227807,-3709159.437,1753809.466
3076,0,91.1024017,1414.319946,3,4.4345198,297.0079956,0.568818,4,454.2850037,11.6636,255.447998,0.35133,0.383604,0.22812,0.61703,0,0.67802,0.801901,1,0.0878745,0.286904,1,1,0.695828,0,0.186562,-3252782.115,1986743.207
3077,0,67.4832993,0,6,5.5803699,505.0759888,0.473043,4,606.5540161,8.6119299,83.5898972,0.525219,0.390904,0.151599,0.028512,0,0.520885,0.916281,0,0.315669,0.437269,0,0,0.65338,1,0.229596,-3677447.777,1692969.522
3078,0,91.9508972,3013.169922,2,2.92398,232.2870026,0.530711,1,868.8909912,10.4327002,250.2969971,0.409102,0.305523,0.192698,0.270702,0,0.465481,0.796473,0,0.103441,0.26378,2,0,0.708771,1,0.170992,-3215248.584,1971940.299
3079,0,83.8380966,1000.539978,3,6.9819698,394.5849915,0.429956,4,242.4129944,10.8030005,284.1319885,0.530187,0.435625,0.109321,0.532101,1,0.61969,0.435065,2,0.118217,0.483346,1,1,0.734492,0,0.207454,-3656687.093,1788695.584
3080,0,69.1744995,0,5,2.2214601,256.0650024,0.471974,1,189.451004,9.3362999,77.032402,0.492445,0.429826,0.41661,0.233059,0,0.498025,0.930957,0,0.318054,0.264404,0,1,0.735285,1,0.212803,-3843009.764,1672431.446
3081,0,95.3647003,0,6,2.08009,157.8639984,0.485273,4,185.9109955,11.7323999,351.4249878,0.247515,0.19263,0.352727,0.662312,0,0.563795,0.691388,1,0.0277395,0.146346,2,0,0.579696,1,0.183372,-3404549.247,1957719.39
3082,0,78.936203,0,5,3.3879299,211.9409943,0.467639,4,1032.25,8.0958004,54.5242004,0.45471,0.453618,0.370344,0.0362256,0,0.366512,0.489605,1,0.0676396,0.542351,2,0,0.722257,1,0.212186,-3441015.277,1918190.017
3083,0,65.3277969,2001.170044,5,6.9457798,471.1279907,0.43933,4,199.8600006,9.60326,330.4710083,0.514458,0.403072,0.417152,0.248366,0,0.533731,0.890526,0,0.345611,0.267162,1,2,0.729094,1,0.214145,-3853422.631,1674740.447
3084,0,63.3443985,0,5,3.4747801,395.4330139,0.388793,4,809.210022,8.4289904,190.3220062,0.44449,0.51671,0.166123,0.0540675,0,0.269247,0.825234,1,0.253864,0.579655,0,0,0.455081,0,0.239142,-3457099.544,1750220.857
3085,0,66.042099,0,5,6.7870498,496.0650024,0.435355,4,148.2100067,9.7104301,303.3380127,0.495081,0.409071,0.427113,0.302742,0,0.531617,0.682902,0,0.318354,0.25143,1,2,0.724784,1,0.217861,-3850479.363,1675932.955
3086,0,54.8600998,2010.410034,5,3.25949,353.6560059,0.38588,1,782.7999878,10.2531996,93.6256027,0.445674,0.302246,0.379158,0.355333,0,0.346292,0.530076,1,0.112923,0.656684,0,0,0.579639,0,0.227365,-3234428.773,1935267.311
3087,0,52.2640991,0,5,4.1487598,693.6400146,0.383872,4,536.9060059,5.76159,62.1773987,0.624683,0.523509,0.20502,0,0,0.610562,0.602906,0,0.30779,1.20058,2,0,0.499591,1,0.255856,-4114814.18,1483813.687
3088,0,67.5623016,2003.459961,3,0.232657,199.1300049,0.475701,4,408.9030151,10.1766996,254.7619934,0.456323,0.29642,0.312763,0.328125,0,0.635254,0.937117,0,0.132594,0.354222,0,4,0.693379,1,0.225743,-3740886.009,1723783.47
3089,0,54.9622002,0,3,4.4475298,321.302002,0.422445,4,176.8470001,9.8775301,82.3816986,0.479835,0.418987,0.173685,0.197048,0,0.527382,0.875393,0,0.247756,0.261531,0,1,0.519376,0,0.238141,-3662545.784,1714344.486
3090,0,84.0681992,1415.27002,3,0.354251,154.5899963,0.4733,4,204.1840057,11.4656,150.3820038,0.440958,0.240281,0.239499,0.719727,0,0.695337,0.955224,0,0.150051,0.218842,2,1,0.74176,1,0.208028,-3769528.563,1753398.832
3091,0,61.7019005,1000.309998,6,4.1209302,240.6080017,0.411441,2,576.065979,9.33918,216.9290009,0.463569,0.511729,0.485021,0.227148,0,0.408621,0.840333,0,0.266214,0.194957,0,1,0.605,1,0.218693,-3319433.358,1860646.201
3092,0,84.6220016,2418.570068,3,0.432135,273.3280029,0.416753,4,302.3630066,12.2532997,359.973999,0.304489,0.292083,0.306454,0.487498,0,0.525077,0.614071,1,0.0503857,0.467323,0,0,0.604944,0,0.20272,-3200910.546,1980928.361
3093,0,114.4430008,1417.050049,3,2.69648,184.3829956,0.536453,4,298.3519897,12.1162996,36.4556999,0.348146,0.205697,0.192335,0.721045,0,0.573539,0.709559,0,0.0439867,0.164998,1,0,0.668527,1,0.168005,-3431999.868,1977280.855
3094,0,99.3696976,2014.76001,2,4.5064502,218.3320007,0.583311,4,371.7290039,11.4392004,74.3675995,0.495821,0.355596,0.0643189,0.60917,0,0.620597,0.8669,0,0.27219,0.260429,1,0,0.78338,0,0.189945,-3742893.257,1787156.6
3095,0,64.5028992,0,3,2.86571,176.6470032,0.471781,2,999.3809814,7.8414102,9.0852203,0.517934,0.495027,0.348693,0.076435,0,0.398485,0.906752,0,0.22572,0.449681,0,1,0.732426,1,0.228605,-3323054.39,1881268.844
3096,0,75.7667007,0,5,6.2806702,411.881012,0.496756,4,434.2839966,8.7865801,327.480011,0.538249,0.411388,0.360984,0.138962,0,0.464172,0.940524,0,0.331415,0.393791,1,1,0.745336,1,0.208394,-3835961.028,1672075.365
3097,0,85.0702972,2451.590088,3,6.9889698,536.3460083,0.540572,1,897.21698,10.2580996,163.1580048,0.432653,0.277405,0.199012,0.180437,0,0.426887,0.922303,0,0.0708286,0.271938,6,1,0.707963,0,0.182256,-3303021.885,1949983.228
3098,0,52.7128983,1436.079956,4,9.3540897,584.5180054,0.415958,4,513.3170166,10.0904999,110.9280014,0.501048,0.346058,0.165417,0.179985,0,0.3816,0.433454,2,0.308202,0.766456,1,1,0.503193,0,0.226397,-3621615.595,1765357.135
3099,0,103.5469971,0,4,2.0612299,144.8339996,0.531275,2,950.7109985,8.5880699,126.0699997,0.436883,0.269047,0.261188,0.0583528,0,0.329662,0.923567,0,0.0455038,0.296235,3,0,0.713071,1,0.179512,-3363526.26,1940982.139
3100,0,59.9168015,1034.680054,5,4.2308698,661.1069946,0.389609,1,653.6610107,8.3664398,32.978199,0.526004,0.397059,0.342938,0.008523,0,0.425593,0.318702,2,0.331429,0.44748,1,2,0.489816,0,0.23134,-3871199.101,1651774.934
3101,0,83.6604996,0,2,3.1337099,215.529007,0.512152,3,777.0419922,9.1954699,198.6109924,0.468458,0.573974,0.569351,0.0988325,0,0.647044,0.913727,0,0.245793,0.337019,1,2,0.764405,0,0.195119,-3592865.914,1833852.12
3102,0,84.1395035,1459.300049,3,3.7002699,630.9279785,0.487178,4,999.2789917,8.7386599,58.1002998,0.39794,0.277481,0.419851,0.136521,0,0.366585,0.796825,0,0.0597917,0.342707,1,1,0.673941,1,0.193334,-3443340.711,1927373.958
3103,0,68.4569016,1008.530029,3,4.5303798,370.4819946,0.461063,4,378.5230103,10.4582005,38.0663986,0.464934,0.313367,0.290015,0.497245,0,0.666781,0.892662,0,0.208444,0.213975,2,3,0.720218,1,0.227869,-3694592.158,1756689.839
3104,0,69.3771973,0,3,0.490004,313.9370117,0.444125,2,905.3070068,7.2395902,141.9380035,0.522786,0.653292,0.334696,0.0388043,0,0.557266,0.756701,1,0.148065,0.560903,0,1,0.816294,0,0.241285,-3421037.833,1832458.123
3105,0,100.0130005,1009.099976,3,9.1219797,436.7359924,0.516071,1,324.1119995,11.1240997,108.1039963,0.344966,0.216217,0.38185,0.642245,0,0.495994,0.760986,1,0.0488946,0.142724,3,0,0.686736,1,0.162252,-3351178.453,1951470.229
3106,0,99.8071976,0,3,2.3785999,277.4129944,0.515669,5,240.2610016,11.3712997,8.70121,0.313232,0.224451,0.377518,0.713212,0,0.586097,0.907338,0,0.047383,0.0975858,2,0,0.664508,1,0.167088,-3388047.322,1954941.191
3107,0,73.7912979,2844.889893,3,3.74965,414.2430115,0.504359,4,633.15802,9.7746201,190.4140015,0.474458,0.315576,0.318543,0.204351,0,0.623613,0.912409,0,0.197966,0.283717,1,2,0.716266,1,0.205723,-3746319.574,1713793.183
3108,0,95.3607025,3426.320068,-9999,8.5864496,429.9429932,0.53297,1,797.3330078,10.4837999,101.762001,0.378169,0.353209,0.216139,0.201966,0,0.528282,0.690775,0,0.122816,0.35879,1,0,0.689328,1,0.173111,-3233092.657,1970124.843
3109,0,59.2444992,1019.710022,5,4.8675799,395.3930054,0.41876,4,706.348999,8.9581499,258.1029968,0.477129,0.588858,0.123237,0.0915166,0,0.355731,0.941596,0,0.278805,0.332666,0,0,0.6022,0,0.226571,-3440392.208,1737111.922
3110,0,92.4470978,0,3,1.5340199,195.6809998,0.449962,4,32.0774002,12.9308004,199.9989929,0.289121,0.229412,0.221765,0.558164,1,0.541972,0.848512,2,0.0720543,0.20453,2,0,0.534896,0,0.194465,-3396553.054,1975766.177
3111,0,60.2523003,0,3,3.72948,344.1610107,0.429849,2,766.8560181,8.6241798,235.7630005,0.502649,0.47652,0.310639,0.189544,0,0.405942,0.855918,1,0.228216,0.330485,1,1,0.652464,0,0.217131,-3295483.67,1893881.758
3112,0,62.3515015,0,6,3.8772299,247.0449982,0.368845,4,512.5419922,9.2359304,24.2952003,0.462872,0.63369,0.51674,0.193275,0,0.476272,0.83831,1,0.196482,0.486767,0,0,0.612614,0,0.236711,-3330960.719,1859605.813
3113,0,66.8547974,0,3,1.21608,147.102005,0.397962,2,253.9060059,12.2917995,17.6583996,0.388817,0.296526,0.357497,0.386289,1,0.450513,0.512439,2,0.0872863,0.288597,1,0,0.599545,0,0.209706,-3103362.224,1968996.957
3114,0,65.8011017,1417.670044,3,0.70522,242.4609985,0.439786,4,514.4769897,11.2041998,57.9313011,0.424197,0.414008,0.367085,0.546188,0,0.586093,0.467079,1,0.0712852,0.286155,2,0,0.658856,0,0.217524,-3247205.591,1955134.574
3115,0,100.6389999,1007.23999,5,11.3915997,605.2050171,0.482537,1,166.2350006,12.0166998,294.2030029,0.305041,0.225583,0.412497,0.647095,1,0.513896,0.507294,0,0.0882276,0.120353,2,0,0.573742,1,0.163433,-3353062.973,1959704.075
3116,0,72.9068985,0,3,3.70017,433.3460083,0.508384,4,688.2709961,8.3466702,3.8726499,0.520121,0.370366,0.122742,0.0241676,0,0.537907,0.860701,0,0.240283,0.485954,1,2,0.682677,1,0.22415,-3698204.52,1698121.742
3117,0,62.9784012,1000.01001,6,3.37937,235.3639984,0.43751,2,852.2249756,8.5797901,338.8200073,0.488685,0.498195,0.418062,0.175942,0,0.40317,0.921201,0,0.246573,0.335547,0,1,0.613158,1,0.231163,-3321230.04,1866680.978
3118,0,94.1729965,2012.380005,3,0.244451,339.5020142,0.506558,3,632.1099854,9.94522,26.4384995,0.414271,0.46605,0.619949,0.35482,1,0.676794,0.786614,0,0.150812,0.321183,3,1,0.687808,0,0.200827,-3579072.761,1864543.711
3119,0,56.0962982,2011.670044,3,1.45577,402.7090149,0.420465,4,425.7739868,9.8506603,16.7516994,0.456251,0.491233,0.19326,0.259214,0,0.39784,0.818121,0,0.345442,0.375432,0,1,0.564012,0,0.234577,-3663250.887,1724251.107
3120,0,85.473999,2001.329956,5,6.3137002,305.8399963,0.446255,4,334.4429932,11.7567997,68.1567993,0.387336,0.2559,0.290837,0.652435,1,0.530758,0.384318,2,0.0782328,0.285734,1,0,0.637941,1,0.173092,-3218318.532,1982506.933
3121,0,52.0592995,1427.310059,6,0.682651,456.8770142,0.373394,5,564.9760132,10.4336996,338.3359985,0.436758,0.470884,-0.197759,0.132917,0,0.274111,0.544348,0,0.29571,0.609082,2,0,0.403191,0,0.244128,-3499526.451,1707875.986
3122,0,85.0455017,2430.469971,3,4.9689002,387.2219849,0.497582,4,375.427002,10.5043001,194.9219971,0.455338,0.280171,0.371728,0.440935,0,0.660508,0.936323,0,0.155449,0.349411,0,1,0.693257,1,0.201412,-3764206.035,1721686.709
3123,0,67.424202,0,3,2.1204801,408.4630127,0.492845,4,435.5419922,9.1210499,166.1999969,0.502282,0.342109,0.241118,0.112018,0,0.571666,0.929822,0,0.230428,0.486897,3,2,0.706229,1,0.224898,-3723152.744,1705535.954
3124,0,88.716301,1001.23999,3,4.6331201,222.4259949,0.447544,4,277.5799866,10.927,132.470993,0.487175,0.407164,0.0784527,0.568536,1,0.59404,0.435627,2,0.0949424,0.460325,0,0,0.715723,0,0.19476,-3657013.408,1794564.547
3125,0,75.7556,1001.030029,5,2.4275,125.2929993,0.503417,4,310.8059998,10.9695997,338.4429932,0.484519,0.349673,0.213619,0.576527,0,0.603895,0.934693,0,0.242604,0.378412,4,0,0.76286,0,0.209046,-3724941.207,1777629.541
3126,0,85.7228012,1003.419983,2,3.4298,370.4890137,0.475619,1,621.2769775,9.6628199,145.6730042,0.416535,0.484871,0.51885,0.228568,0,0.616054,0.403656,2,0.199883,0.358953,1,3,0.650397,0,0.201482,-3598493.993,1834547.491
3127,0,103.8450012,0,5,11.0211,598.0599976,0.535142,4,408.6059875,9.74331,131.302002,0.506399,0.420648,0.319682,0.061762,0,0.602574,0.293357,0,0.320111,0.449604,5,0,0.61342,0,0.166007,-3907858.895,1684310.073
3128,0,81.6700974,1002.809998,3,2.1582799,289.4330139,0.505066,4,928.1129761,8.1737804,7.67202,0.517004,0.325787,0.149869,0.0276164,0,0.635549,0.905129,0,0.174757,0.606696,2,4,0.714703,1,0.225101,-3757186.302,1689945.04
3129,0,146.7189941,0,1,10.5781002,590.4299927,0.575752,2,1021.390015,8.2853899,23.5811005,0.468774,0.259511,0.407989,0.0072516,0,0.485183,0.806089,0,0.222694,0.40483,2,1,0.62821,0,0.16696,-3632916.055,1823419.72
3130,0,95.0407028,2425.280029,5,1.98598,310.0230103,0.525239,4,362.0350037,12.4650002,36.9145012,0.304678,0.202575,0.380504,0.614915,1,0.489502,0.303334,2,0.0696809,0.300826,2,0,0.566442,0,0.188918,-3301272.183,1990177.96
3131,0,69.8370972,0,5,1.82301,327.1210022,0.497462,4,425.1600037,9.3913002,73.8309021,0.49007,0.336282,0.279551,0.163806,0,0.598323,0.926088,0,0.209294,0.372311,3,3,0.72316,1,0.219544,-3734460.415,1708567.877
3132,0,89.642601,2046.589966,2,6.9853902,321.5629883,0.580363,1,907.9370117,9.3208599,336.2929993,0.427927,0.287683,0.239448,0.187625,0,0.434012,0.940597,0,0.0768097,0.212713,2,0,0.702575,0,0.171546,-3334762.731,1945261.063
3133,0,79.0911026,2054.199951,3,4.97788,622.5670166,0.493332,4,634.6519775,9.1798201,14.1456003,0.533214,0.413709,0.39063,0.175707,0,0.488005,0.91321,0,0.367386,0.361567,0,2,0.74701,1,0.199083,-3834963.648,1677715.17
3134,0,78.1147995,2021.030029,8,5.6660299,411.8089905,0.529109,2,1195.089966,7.8835702,269.1740112,0.493212,0.359015,0.225085,0.0446171,0,0.390902,0.866882,0,0.0823522,0.434813,0,0,0.751889,1,0.208998,-3327050.774,1924333.972
3135,0,69.5156021,1038.76001,4,10.7678003,673.0650024,0.436012,3,607.7969971,9.7419395,40.4248009,0.394138,0.479373,0.699868,0.430364,0,0.539487,0.710232,0,0.131373,0.166409,2,0,0.722385,1,0.192609,-3523581.77,1886509.064
3136,0,123.7369995,1417.579956,1,4.2273202,304.6170044,0.563607,3,645.4190063,9.9520302,91.6919022,0.367032,0.408744,0.47489,0.337159,0,0.548494,0.908403,0,0.100947,0.195799,5,1,0.725497,0,0.157987,-3477229.681,1934216.026
3137,0,99.0687027,1414.729981,3,2.07177,160.6900024,0.509106,4,179.1529999,12.6809998,199.3209991,0.328494,0.287696,0.361378,0.685783,0,0.57932,0.839438,0,0.0796985,0.150496,4,0,0.680265,1,0.180019,-3344183.864,1988992.019
3138,0,124.6090012,1003.179993,1,5.1932001,319.9779968,0.561578,1,364.1149902,10.7601995,127.6070023,0.387277,0.240099,0.220886,0.503793,0,0.628499,0.916981,0,0.146554,0.243237,4,2,0.67429,0,0.169961,-3644440.115,1822409.846
3139,0,93.4026031,0,1,5.3007698,346.3099976,0.540897,1,260.7969971,12.5256004,214.3470001,0.175717,0.13746,0.274325,0.670031,0,0.554116,0.737391,0,0.0711782,0.194634,1,0,0.637247,0,0.171872,-3249603.872,2008541.873
3140,0,118.7710037,2065.040039,1,5.4434299,886.7650146,0.594436,1,1145.280029,9.1403999,180.6439972,0.468563,0.31755,0.379901,0.0276335,0,0.573577,0.330255,0,0.308826,0.435031,2,2,0.635849,0,0.178116,-3635590.567,1806794.739
3141,0,67.1819,0,6,5.36376,415.7380066,0.434225,4,708.4790039,7.6898999,269.3320007,0.513559,0.506758,0.488691,0.0842313,0,0.352951,0.853136,1,0.282946,0.331519,0,0,0.654828,0,0.220846,-3484336.362,1792664.537
3142,0,77.3565979,2031.300049,5,4.2008801,380.7900085,0.500395,3,946.5029907,8.9525003,314.7619934,0.422356,0.558091,0.636999,0.0959207,0,0.526197,0.825895,0,0.134885,0.267994,3,1,0.762607,1,0.19174,-3522010.179,1894581.34
3143,0,76.4776001,2832.030029,3,2.83306,258.17099,0.435066,4,271.4450073,13.5655003,288.0539856,0.39932,0.353962,0.398664,0.554512,0,0.495956,0.603957,1,0.0724724,0.18056,1,0,0.685983,1,0.186968,-3129823.017,2008880.458
3144,0,86.7809982,0,2,4.0558901,438.3340149,0.549178,4,883.289978,8.0186501,198.7570038,0.494745,0.603452,0.662953,0.0145983,0,0.601594,0.917179,0,0.207861,0.45628,1,2,0.744391,0,0.20189,-3577482.99,1830364.132
3145,0,81.3789978,0,3,8.6078901,482.1619873,0.488981,4,343.9030151,10.3512001,289.303009,0.400285,0.243021,0.465447,0.629864,1,0.502934,0.840878,0,0.0687823,0.182361,3,0,0.64997,1,0.17503,-3401831.972,1934322.576
3146,0,103.8639984,1000.380005,3,4.8449998,252.5019989,0.479351,4,132.1419983,12.6375999,163.4049988,0.347613,0.286394,0.100684,0.723368,0,0.612577,0.841543,1,0.100004,0.220133,1,0,0.664193,1,0.179802,-3417627.121,1981435.676
3147,0,107.0790024,1000,3,3.6414499,169.9389954,0.552936,4,735.5189819,10.0369997,53.8116989,0.401421,0.225723,0.408702,0.296087,0,0.381787,0.809175,0,0.0474784,0.253107,1,1,0.681449,1,0.183259,-3427497.94,1953714.653
3148,0,79.933403,2006.369995,5,5.87883,325.7900085,0.440904,4,231.1369934,9.9133396,14.0551996,0.486915,0.340743,0.456191,0.342414,0,0.623468,0.715046,0,0.24413,0.302812,1,2,0.717983,1,0.203968,-3824559.202,1683187.472
3149,0,74.9571991,0,3,1.88012,491.5230103,0.505952,4,806.3670044,7.5591302,1.5537699,0.537311,0.314121,0.0904147,0,0,0.670596,0.724338,0,0.171084,0.862556,2,4,0.66928,0,0.224375,-3754884.996,1680675.479
3150,0,52.1655006,0,5,2.16943,269.1549988,0.405892,4,255.8699951,9.5611095,16.3155003,0.495165,0.491914,0.103095,0.100006,0,0.552929,0.839165,0,0.306754,0.299739,0,0,0.513765,0,0.25758,-3649179.556,1691401.374
3151,0,103.9150009,1002.409973,3,6.8422899,343.8110046,0.490555,1,183.371994,11.6806002,239.3090057,0.322699,0.220089,0.42671,0.646243,0,0.524649,0.922725,0,0.0410744,0.124921,4,0,0.653059,1,0.170493,-3359138.717,1951147.73
3152,0,92.9854965,3417.419922,3,4.27531,234.1320038,0.523937,4,635.5880127,11.2736998,69.9785004,0.399887,0.246583,0.243923,0.620781,0,0.490415,0.907464,0,0.0915058,0.365392,1,0,0.697677,0,0.169577,-3228222.967,1981944.588
3153,0,83.5664978,0,3,9.5885897,438.4639893,0.473581,2,343.8450012,10.9959002,102.1330032,0.355936,0.26687,0.305864,0.561964,0,0.523295,0.915531,0,0.053563,0.173551,2,0,0.677364,0,0.167329,-3314769.519,1948862.009
3154,0,110.9970016,1014.73999,2,11.9568996,580.7440186,0.529173,5,601.1859741,10.2629995,130.3549957,0.411722,0.216812,0.350821,0.35256,0,0.410536,0.953921,0,0.0670414,0.175798,5,0,0.707179,1,0.148461,-3370271.489,1948848.442
3155,0,79.4148026,1419.709961,3,1.2826,371.07901,0.45851,1,602.1160278,10.1507998,76.2207031,0.408532,0.287822,0.339539,0.547985,0,0.516458,0.616648,0,0.0485882,0.225174,2,0,0.673141,0,0.185195,-3327890.78,1934964.293
3156,0,101.9209976,0,3,2.77597,258.0339966,0.486916,4,90.739502,12.7242002,206.3500061,0.309034,0.282166,0.339801,0.674879,1,0.605224,0.918658,2,0.0980481,0.193959,4,0,0.641528,0,0.181816,-3366176.03,1979718.244
3157,0,69.1703033,0,5,2.2179899,138.2149963,0.432873,4,348.0020142,11.9926996,87.9487991,0.349406,0.267808,0.244782,0.570065,0,0.435467,0.790759,1,0.076092,0.439538,1,1,0.600997,0,0.190117,-3168372.854,1969957.21
3158,0,65.6412964,0,3,1.82287,140.8379974,0.431987,4,428.4790039,11.6701002,76.683403,0.463412,0.342869,0.301861,0.487031,1,0.438079,0.75,0,0.0659116,0.323498,1,1,0.610608,0,0.219178,-3161250.926,1946808.119
3159,0,89.1125031,0,1,2.3634501,164.7120056,0.554144,4,441.2049866,11.7066002,279.0169983,0.361696,0.351424,0.222686,0.646474,1,0.638141,0.544424,2,0.0734658,0.250337,1,1,0.675956,0,0.185471,-3248313.243,1991047.929
3160,0,101.6529999,1007.080017,3,1.50463,307.1109924,0.473461,4,209.423996,12.9701996,236.404007,0.30925,0.282978,0.345664,0.632725,1,0.602354,0.800375,2,0.0759683,0.225226,4,0,0.641025,0,0.186412,-3369394.13,1979807.511
3161,0,88.1570969,1000.27002,5,0.70634,91.0718002,0.485999,4,165.4490051,11.5253,329.8429871,0.515388,0.271176,0.260168,0.453656,0,0.602449,0.902678,1,0.22845,0.469128,6,4,0.681143,1,0.197963,-3939084.087,1679574.756
3162,0,62.3180008,2417.689941,3,2.8585801,196.5769958,0.458554,2,835.3959961,9.8686504,64.7879028,0.452248,0.362651,0.322141,0.3139,0,0.398964,0.475004,1,0.161379,0.476004,1,0,0.69526,1,0.221701,-3243373.647,1936737.231
3163,0,61.6567001,0,5,3.9027801,290.8009949,0.41195,2,628.7490234,7.7026,14.9637003,0.519895,0.450263,0.454859,0.084734,0,0.213772,0.612036,1,0.141859,0.565502,0,0,0.537077,0,0.235512,-3467218.99,1794537.562
3164,0,63.5131989,2421.26001,1,2.88221,445.7860107,0.405626,4,404.8049927,12.4214001,336.0650024,0.361154,0.265256,0.268221,0.432437,1,0.418395,0.263185,2,0.0926806,0.56635,1,1,0.541884,0,0.207465,-3155777.342,1960588.587
3165,0,113.3899994,1414.300049,3,3.3067901,210.1210022,0.51815,2,272.868988,11.6998997,153.9960022,0.330914,0.217953,0.363264,0.688547,0,0.52573,0.925409,2,0.0572694,0.148878,4,0,0.649871,0,0.175461,-3368098.622,1962646.345
3166,0,73.7478027,1420,2,9.3283701,458.5859985,0.458938,4,633.1740112,9.2614803,317.6900024,0.483977,0.551907,0.433916,0.136342,0,0.574713,0.573409,2,0.146145,0.483771,1,2,0.717935,0,0.204747,-3618379.361,1799707.082
3167,0,87.5400009,1029.310059,3,7.59758,401.2999878,0.502332,2,411.4150085,11.7201004,281.7900085,0.332581,0.275891,0.296765,0.696239,0,0.522682,0.921643,0,0.100731,0.157608,2,0,0.673159,1,0.183366,-3305942.099,1964272.16
3168,0,97.6855011,1001.979981,1,5.7390599,313.4689941,0.525955,1,176.7929993,12.7441998,47.1822014,0.153995,0.137302,0.322758,0.54679,0,0.524345,0.529725,2,0.0562154,0.299778,2,0,0.568061,1,0.175558,-3257345.209,2010850.118
3169,0,87.4667969,0,3,1.23585,136.2689972,0.514834,2,930.8380127,8.8569698,51.5222015,0.444653,0.383605,0.21045,0.0885272,0,0.374238,0.900016,0,0.126106,0.404691,2,0,0.675718,0,0.209561,-3280145.005,1932942.307
3170,0,64.8310013,0,3,2.8940001,358.7799988,0.414518,2,779.8880005,7.4235601,21.5758991,0.527663,0.614193,0.42912,0.0503566,0,0.477448,0.859912,1,0.122614,0.694243,0,1,0.647043,0,0.251066,-3436089.99,1831438.891
3171,0,105.0579987,3001.899902,5,10.9378996,749.7659912,0.502613,1,158.0370026,11.7517996,266.1010132,0.340014,0.239623,0.387712,0.693058,0,0.542664,0.779045,1,0.0878872,0.089649,4,0,0.650727,1,0.158297,-3356100.715,1959976.053
3172,0,99.9132996,4008.689941,3,1.22679,179.8249969,0.543363,2,426.8349915,13.3462,150.0319977,0.34128,0.276371,0.276793,0.664538,0,0.545237,0.786855,0,0.103997,0.33339,1,0,0.696615,1,0.166622,-3136851.231,2020943.539
3173,0,59.7486992,1021.25,5,3.98612,558.8469849,0.381099,4,799.6989746,8.2719402,15.7326002,0.551324,0.512079,0.372686,0.112833,0,0.307132,0.789514,1,0.249111,0.332939,0,0,0.622184,0,0.222541,-3472238.473,1785867.821
3174,0,84.7982025,0,5,5.36344,268.4880066,0.476435,4,219.3939972,10.8267002,176.5809937,0.454646,0.281095,0.371276,0.544322,0,0.679411,0.908238,0,0.182063,0.39135,0,1,0.69254,1,0.195963,-3767376.747,1722699.926
3175,0,66.9502029,1000,5,5.2428598,373.2799988,0.444062,4,1027.199951,7.65275,31.8451996,0.482669,0.474283,0.733073,0.0365134,1,0.2141,0.623215,2,0.0576941,0.401216,1,2,0.685735,0,0.220703,-3530982.287,1865881.064
3176,0,101.2279968,1000.549988,3,3.21557,282.8760071,0.523828,4,393.7219849,10.8845997,93.0660019,0.354162,0.214136,0.394974,0.617358,0,0.570014,0.742188,0,0.0386496,0.180634,2,0,0.662127,1,0.181132,-3420768.101,1956519.314
3177,0,67.2706985,1012.27002,5,12.7512999,564.242981,0.439339,4,391.4299927,9.0796204,310.0899963,0.541294,0.382328,0.372294,0.19261,0,0.498562,0.336101,0,0.402687,0.318738,0,1,0.710176,1,0.212582,-3856369.372,1671485.536
3178,0,71.8201981,1057.400024,5,7.8895302,584.2620239,0.479052,4,583.2780151,9.3824997,89.1840973,0.500115,0.362498,0.305547,0.164056,0,0.598954,0.917542,0,0.264989,0.209308,2,4,0.730187,1,0.206678,-3742241.043,1701015.74
3179,0,59.1366997,2002.189941,3,3.99177,288.1040039,0.432682,4,363.3859863,9.73386,29.1191998,0.487176,0.378182,0.209659,0.249935,0,0.583535,0.890277,0,0.251721,0.358881,0,0,0.651195,1,0.23261,-3671413.772,1726227.92
3180,0,87.3283997,2831.340088,5,8.2760696,390.125,0.466936,1,435.4249878,11.3430004,63.8684006,0.36236,0.260722,0.280513,0.648056,1,0.491324,0.648716,2,0.103848,0.208795,1,0,0.681564,1,0.163928,-3211964.294,1976494.326
3181,0,55.1842003,0,5,1.54255,186.1080017,0.376634,2,538.1220093,10.3753996,36.4039993,0.442365,0.297042,0.386469,0.372288,0,0.344944,0.344812,2,0.0991391,0.690515,0,0,0.524943,0,0.228767,-3237208.86,1937410.985
3182,0,88.2827988,2482.52002,2,8.8554096,466.0209961,0.561199,4,945.5599976,8.6511497,238.2709961,0.442611,0.502761,0.535713,0.0837728,0,0.498895,0.912673,0,0.0817949,0.226162,2,0,0.745364,1,0.165601,-3517298.363,1907327.473
3183,0,88.7375031,0,2,1.86637,614.2039795,0.54576,4,716.5739746,7.80055,157.6790009,0.478681,0.59782,0.681918,0.0407202,0,0.584483,0.865528,0,0.212136,0.503001,2,2,0.775524,0,0.205783,-3572871.192,1833977.041
3184,0,65.7753983,1017.849976,3,4.97825,363.4500122,0.38077,2,679.1469727,9.21805,4.25282,0.469214,0.421426,0.407592,0.289481,0,0.396124,0.684852,0,0.188591,0.462943,0,1,0.566182,0,0.223306,-3317327.53,1897916.39
3185,0,111.9980011,0,3,7.1011,789.6469727,0.553547,4,894.3449707,8.2469196,114.1470032,0.484363,0.27439,0.490139,0,0,0.578012,0.899591,0,0.159209,0.501486,1,2,0.627805,0,0.190312,-3613877.943,1826776.12
3186,0,65.7578964,0,5,1.7130899,117.3929977,0.477593,4,260.6860046,10.3551998,307.9890137,0.443877,0.324796,0.279173,0.45012,1,0.632597,0.778964,2,0.136889,0.265488,3,0,0.695881,1,0.233753,-3709947.869,1748559.412
3187,0,54.5862999,0,3,3.9379201,372.5559998,0.422867,4,355.92099,9.7221899,111.0410004,0.358621,0.17853,0.231496,0.163176,0,0.378559,0.662978,0,0.229191,0.514152,0,3,0.515925,0,0.225513,-3634225.093,1748193.366
3188,0,114.6520004,0,3,2.9019401,157.875,0.565764,4,663.0560303,9.9499598,216.2720032,0.3689,0.205138,0.399716,0.263462,0,0.326824,0.900532,0,0.047943,0.276417,2,1,0.658788,1,0.187567,-3441360.742,1953887.412
3189,0,89.3012009,0,5,2.48665,230.3289948,0.491014,4,337.572998,11.3629999,153.9640045,0.364784,0.261143,0.258762,0.688871,1,0.525433,0.868401,2,0.0758981,0.268601,2,1,0.696314,0,0.162705,-3222337.47,1980854.885
3190,0,63.9203987,1425.310059,3,4.3456302,287.5079956,0.46851,4,578.3239746,10.0270996,291.5920105,0.475533,0.301925,0.246727,0.327621,0,0.622892,0.927045,0,0.212066,0.255929,0,0,0.696832,0,0.218422,-3680818.196,1751670.427
3191,0,80.6830978,3009.350098,2,2.9042301,231.2429962,0.478234,1,401.5539856,11.2882996,130.7640076,0.428527,0.302864,0.0542804,0.596864,0,0.610676,0.81286,2,0.154057,0.442401,0,1,0.695582,0,0.191144,-3669083.794,1806004.992
3192,0,68.1063004,0,5,6.7778201,624.382019,0.454667,4,465.3510132,7.5986099,79.600502,0.553263,0.293524,0.388508,0.0013989,0,0.604639,0.833692,0,0.285467,0.52563,3,2,0.659788,1,0.221576,-3939918.753,1648767.381
3193,0,64.5302963,0,3,0.944922,197.4909973,0.468673,4,151.4960022,10.6520004,183.6119995,0.445965,0.306397,0.277456,0.500973,0,0.671689,0.901826,0,0.145982,0.219766,3,1,0.7034,1,0.222506,-3727265.51,1746529.41
3194,0,72.825798,2005.02002,5,9.0973501,484.4530029,0.429128,4,293.3250122,12.0509005,97.0229034,0.337501,0.289039,0.258735,0.594027,0,0.467347,0.146384,2,0.111716,0.40718,1,1,0.649362,0,0.186727,-3173830.78,1972522.575
3195,0,93.7779007,2000.550049,2,2.53738,169.8739929,0.577508,4,401.3680115,11.1016998,76.9582977,0.470263,0.265569,0.103606,0.507301,0,0.700146,0.905353,0,0.182071,0.265434,5,0,0.760731,0,0.197908,-3740033.791,1781018.093
3196,0,86.2783966,2032.51001,3,5.59024,332.1149902,0.509447,4,699.0670166,10.5987997,68.2266006,0.421554,0.486439,0.183201,0.451595,0,0.571414,0.922087,0,0.1147,0.268806,6,0,0.765509,1,0.194223,-3283258.631,1948486.999
3197,0,110.973999,1053.630005,2,5.3806,711.1110229,0.553785,3,564.6929932,10.6933002,230.1710052,0.34578,0.41411,0.539274,0.626427,0,0.644232,0.923612,0,0.0851457,0.109751,3,1,0.715397,1,0.156667,-3485127.786,1927428.108
3198,0,78.4938965,2005.949951,3,5.2544298,309.2279968,0.470328,4,451.4450073,11.2202997,339.0109863,0.40753,0.482653,0.264376,0.587589,0,0.58196,0.516962,0,0.129194,0.182914,1,0,0.761283,1,0.198782,-3267739.674,1952152.801
3199,0,79.8001022,2899.679932,3,7.1775198,446.75,0.474511,3,960.0230103,9.4092903,108.137001,0.421484,0.310023,0.464433,0.0943212,0,0.387143,0.889042,0,0.0599642,0.135567,3,0,0.701189,1,0.175411,-3408490.608,1923828.746
3200,0,85.7037964,1003.409973,3,6.1116199,341.125,0.494538,4,396.6679993,11.4677,72.0325012,0.404054,0.483303,0.25069,0.681086,0,0.612431,0.744027,0,0.109772,0.166579,3,0,0.785812,1,0.191683,-3271863.412,1956976.754
3201,0,60.2728004,1036.180054,7,13.0760002,664.117981,0.443667,4,727.2509766,8.6938295,214.1109924,0.52611,0.389579,0.224706,0.024532,0,0.494505,0.88837,0,0.325461,0.608777,0,0,0.626369,1,0.218768,-3716484.523,1684681.794
3202,0,77.4024963,1000,5,6.18466,277.5629883,0.473907,2,724.1870117,9.4701004,104.3069992,0.409152,0.221658,0.245866,0.182996,1,0.345703,0.450275,2,0.047018,0.464025,2,0,0.595754,0,0.19214,-3310596.722,1934755.456
3203,0,69.5758972,0,5,2.51372,268.0100098,0.512845,4,661.7550049,8.7665396,110.262001,0.511813,0.363412,0.170373,0.0453782,0,0.556468,0.915503,0,0.220595,0.419066,1,2,0.700957,1,0.224743,-3697291.521,1710337.067
3204,0,78.8258972,1428.229981,5,1.8145,433.9710083,0.435389,1,397.052002,12.1288996,239.7059937,0.313679,0.258088,0.264836,0.520347,0,0.45921,0.705137,1,0.0669325,0.289081,2,1,0.592509,0,0.192473,-3178253.879,1976245.938
3205,0,68.1460037,1014.580017,5,4.2778602,438.9719849,0.438705,4,571.3870239,10.0204,209.5399933,0.50398,0.358874,0.23001,0.180151,1,0.380088,0.465515,2,0.0865133,0.428494,1,3,0.540183,0,0.219019,-3632168.221,1782072.175
3206,0,129.5559998,2433.02002,1,7.3811798,453.29599,0.577255,3,538.8280029,10.3069,63.7929993,0.366721,0.406963,0.455541,0.430061,0,0.554819,0.888578,0,0.114279,0.214358,2,1,0.729783,0,0.156076,-3485069.206,1937967.567
3207,0,83.9235992,0,5,2.7216201,140.4400024,0.430374,2,285.4989929,12.0774002,333.3649902,0.325612,0.249715,0.297684,0.517187,1,0.519047,0.651003,2,0.0571651,0.370737,1,0,0.574522,0,0.190525,-3219391.541,1986401.895
3208,0,98.1433029,0,3,0.302283,104.1760025,0.490042,4,56.8496017,13.4621,139.177002,0.332212,0.30378,0.306874,0.657016,0,0.621253,0.812535,1,0.0688679,0.153112,3,0,0.660542,1,0.192772,-3369236.801,1993862.194
3209,0,98.5283966,1025.609985,3,4.9058599,497.875,0.518012,4,616.1420288,9.7853298,236.348999,0.410881,0.454071,0.629367,0.416452,1,0.671998,0.860096,1,0.122223,0.331974,3,1,0.681591,0,0.199361,-3576149.713,1867690.768
3210,0,75.7729034,1010.52002,3,4.7860899,295.0230103,0.503951,4,908.1199951,8.5429897,114.7600021,0.445481,0.579473,0.644744,0.0917029,0,0.504182,0.859624,0,0.129697,0.286145,3,0,0.772364,1,0.190647,-3518969.662,1890170.425
3211,0,94.5929031,0,3,1.85919,289.2090149,0.575958,4,249.1419983,11.2475004,237.2330017,0.478022,0.280446,0.107714,0.620156,0,0.701324,0.828429,0,0.219029,0.20852,1,1,0.771816,0,0.196158,-3736885.792,1786129.722
3212,0,76.7610016,0,2,5.31037,343.151001,0.529136,2,953.6309814,8.0932198,221.8150024,0.450025,0.344759,0.336933,0.0614434,0,0.364625,0.840444,0,0.0556046,0.295332,2,1,0.721428,1,0.203135,-3393369.501,1910239.886
3213,0,104.685997,1046.640015,3,16.4423008,719.8300171,0.510345,5,533.9869995,10.6829996,63.2865982,0.378797,0.218331,0.384465,0.559707,0,0.456343,0.937384,0,0.0739025,0.145769,3,0,0.700597,1,0.152193,-3361353.607,1946305.661
3214,0,79.5578995,0,3,2.2665601,335.7369995,0.517607,2,880.6069946,9.0875397,324.0710144,0.43647,0.245643,0.186895,0.221281,0,0.404469,0.739688,0,0.0412191,0.388442,4,0,0.643303,0,0.195732,-3303843.102,1939716.315
3215,0,95.1985016,2004.640015,3,4.5369401,241.6549988,0.492489,4,231.4850006,12.1836996,131.8249969,0.330758,0.29652,0.333684,0.598625,0,0.543305,0.891185,1,0.116819,0.186794,1,1,0.66182,1,0.181478,-3275896.437,1974596.666
3216,0,109.137001,2831.679932,4,1.812,136.9160004,0.483193,4,283.2430115,12.6166,357.4670105,0.341104,0.266405,0.0872883,0.719176,0,0.576598,0.90168,0,0.0941841,0.168942,1,0,0.667511,1,0.17311,-3422197.819,1983404.11
3217,0,86.5631027,1007.419983,5,4.44801,229.9470062,0.501015,4,255.9499969,13.4928999,81.6305008,0.311438,0.301392,0.390987,0.555571,0,0.596159,0.781295,0,0.117499,0.187907,1,0,0.653876,0,0.175199,-3109310.357,2011725.235
3218,0,71.2100983,1054.430054,3,9.5915699,523.1350098,0.44427,2,1011.049988,7.5402398,356.3370056,0.503782,0.496455,0.623498,0.097925,0,0.352583,0.651843,1,0.131656,0.533448,2,2,0.692262,0,0.209978,-3487202.648,1871840.626
3219,0,97.4642029,1018.700012,2,11.2937002,591.8610229,0.568048,2,902.7080078,8.3173704,168.3630066,0.446226,0.541316,0.451811,0.0839478,0,0.501293,0.902464,0,0.156701,0.230881,2,0,0.760764,0,0.180889,-3480388.045,1916352.593
3220,0,95.2304993,2830.159912,3,2.3302801,228.0119934,0.488096,4,149.9340057,12.5704002,54.0945015,0.309311,0.286803,0.39806,0.69164,0,0.599588,0.825778,0,0.0814581,0.203243,2,0,0.66677,0,0.183695,-3339265.886,1980852.623
3221,0,82.0049973,1031.130005,3,1.87217,518.5460205,0.473658,4,294.4750061,10.9240999,1.0974801,0.459705,0.296416,0.378802,0.55295,0,0.670898,0.826578,0,0.202893,0.32246,0,1,0.709162,1,0.18511,-3771757.625,1721652.92
3222,0,70.2826004,1415.099976,3,6.1922102,507.7080078,0.453505,4,1099.579956,8.0433102,304.20401,0.44567,0.510333,0.701433,0.0454208,0,0.445505,0.752107,2,0.130748,0.40422,0,2,0.718521,0,0.205766,-3535781.096,1873218.368
3223,0,87.3731995,0,5,1.76794,221.5639954,0.515333,4,67.4027023,11.7234001,136.9880066,0.480067,0.235799,0.131272,0.740604,0,0.58755,0.814861,0,0.147919,0.480595,1,1,0.702928,0,0.200954,-3728311.731,1797085.149
3224,0,89.7483978,2422.080078,3,0.949177,336.4679871,0.492397,4,269.0090027,12.9566002,302.3500061,0.151649,0.164184,0.464701,0.485889,1,0.578032,0.78451,1,0.0455884,0.278111,2,0,0.57236,0,0.188356,-3275617.73,2002731.642
3225,0,81.9356995,2016.719971,4,7.6118498,375.4549866,0.518033,3,710.3439941,9.1262903,304.7869873,0.446314,0.5743,0.571814,0.178799,0,0.656468,0.835759,0,0.261676,0.36843,1,2,0.728726,1,0.201623,-3592800.496,1829573.898
3226,0,73.4548035,1022.530029,5,10.1269999,462.848999,0.471814,4,368.6090088,9.7648602,78.8841019,0.51392,0.326539,0.40944,0.21518,0,0.639726,0.893965,0,0.294503,0.25513,0,4,0.743248,1,0.208508,-3844750.092,1686539.144
3227,0,86.9557037,1001.650024,5,8.5362101,567.690979,0.516735,4,617.1599731,9.2838001,11.9935999,0.477845,0.161415,0.352801,0.116833,1,0.341452,0.155299,2,0.105358,0.33142,1,2,0.480093,0,0.191158,-3637196.853,1794535.359
3228,0,64.5374985,1426.01001,1,5.1047201,343.2120056,0.413564,4,384.3999939,12.2874002,9.7768803,0.376104,0.260791,0.249097,0.461682,1,0.422936,0.345665,2,0.0893487,0.460861,1,1,0.55101,0,0.203701,-3160553.835,1965745.966
3229,0,75.8547974,1068.689941,3,4.14255,765.6630249,0.466281,4,1017.820007,8.4449501,305.9450073,0.421685,0.524588,0.420671,0.173958,0,0.562174,0.77153,0,0.13311,0.428945,2,0,0.7074,1,0.20814,-3434116.676,1913780.249
3230,0,87.6069031,0,2,13.0647001,663.4790039,0.487782,3,242.0970001,10.1726999,100.5400009,0.400138,0.449162,0.632284,0.605775,0,0.627172,0.912819,1,0.0762325,0.131448,1,0,0.710379,1,0.167513,-3498918.088,1904427.029
3231,0,106.4929962,2865.300049,3,3.8914599,482.2539978,0.531471,1,618.9680176,11.2454996,65.3932037,0.373805,0.261718,0.335102,0.655366,0,0.503918,0.803225,0,0.118998,0.127842,4,0,0.68349,1,0.162415,-3357696.479,1962604.33
3232,0,88.2149963,2461,3,9.2849398,611.0120239,0.50615,1,893.2080078,10.7117004,157.9129944,0.391333,0.277091,0.261287,0.244169,1,0.311849,0.0252928,2,0.0690565,0.285189,1,0,0.542489,0,0.183867,-3239260.252,1965826.103
3233,0,122.2429962,1471.849976,1,8.7178297,598.3389893,0.543798,3,949.098999,8.4361601,110.4649963,0.404409,0.450241,0.361984,0.105341,0,0.442983,0.855067,0,0.137584,0.37119,1,0,0.725917,0,0.15227,-3470089.73,1930838.856
3234,0,83.3712997,2431.649902,1,11.8021002,515.572998,0.529423,1,519.6740112,12.2699003,334.5409851,0.179161,0.130864,0.182106,0.687091,1,0.551232,0.157497,1,0.078081,0.244229,3,0,0.626518,0,0.173021,-3237249.891,2010988.909
3235,0,69.8237,1000.700012,3,3.4812601,233.3639984,0.472435,4,166.102005,10.8191004,138.3739929,0.45331,0.289497,0.290853,0.552335,0,0.680992,0.943005,0,0.179662,0.250716,1,2,0.711997,1,0.211342,-3745685.412,1739664.442
3236,0,78.8134003,0,3,10.3530998,657.6489868,0.462489,4,523.7659912,9.1013899,48.3802986,0.377488,0.292739,0.458277,0.317985,0,0.439139,0.548665,0,0.06615,0.243178,2,0,0.656839,1,0.191557,-3440132.672,1926567.511
3237,0,95.1132965,0,2,2.28122,220.8209991,0.569712,1,670.9899902,9.2548304,100.3010025,0.413295,0.290938,0.299673,0.229904,0,0.454265,0.930017,0,0.0514314,0.244453,3,0,0.681765,1,0.185761,-3350939.89,1939772.077
3238,0,101.1839981,0,3,5.2772899,262.1650085,0.511477,4,546.4530029,9.4585505,345.0759888,0.447075,0.314491,0.346336,0.165228,0,0.615904,0.930269,0,0.182007,0.43917,0,1,0.691154,1,0.188592,-3772101.122,1703449.398
3239,0,80.0661011,0,2,6.7037601,534.1040039,0.529628,3,544.4509888,8.7326698,305.3970032,0.420126,0.542118,0.403806,0.315858,0,0.562517,0.919888,0,0.132916,0.167461,3,0,0.739658,1,0.18676,-3398921.901,1918932.771
3240,0,79.6928024,1011.109985,3,13.2623997,601.2369995,0.5143,2,593.5469971,8.8559704,122.737999,0.439139,0.528171,0.41286,0.221103,0,0.525801,0.919597,0,0.133569,0.24149,2,0,0.739267,1,0.182167,-3393872.902,1919671.502
3241,0,74.277298,0,3,2.3148301,235.9409943,0.48604,4,177.0980072,10.6155005,207.701004,0.458356,0.281307,0.331902,0.491862,0,0.671345,0.949786,0,0.139036,0.279893,0,1,0.701328,1,0.216051,-3754105.742,1728407.47
3242,0,85.3134003,2015.619995,2,0.0201319,427.0549927,0.448184,5,374.7520142,12.2337999,118.913002,0.297753,0.277788,0.416915,0.665809,0,0.563734,0.816352,0,0.0900665,0.179845,3,0,0.642302,1,0.184373,-3327006.933,1966691.021
3243,0,70.2220001,0,1,5.6177602,649.0499878,0.468018,4,261.4719849,8.4107399,60.5793991,0.528057,0.27285,0.387904,0.0608951,0,0.653704,0.840784,0,0.324575,0.378321,4,3,0.631121,1,0.20394,-3933720.941,1654968.585
3244,0,68.2436981,0,5,1.13024,384.0840149,0.511107,4,551.3189697,8.8306799,284.9790039,0.510624,0.369888,0.173607,0.0780847,0,0.552479,0.928131,0,0.259069,0.283322,0,2,0.702519,1,0.21683,-3691173.583,1713662.588
3245,0,64.9953003,1020.580017,1,2.7100699,644.6939697,0.423542,4,499.3359985,12.1283998,37.8414001,0.447546,0.308708,0.289696,0.439974,0,0.437799,0.377653,1,0.0619708,0.400334,1,1,0.542614,0,0.203473,-3158340.19,1956664.517
3246,0,82.0289993,1002.229981,3,5.4683499,335.79599,0.469375,3,326.5549927,9.96455,344.927002,0.440621,0.519725,0.548363,0.491989,1,0.689996,0.88086,0,0.195194,0.238039,1,3,0.695623,1,0.192868,-3589849.891,1840164.838
3247,0,96.8805008,1000.340027,3,3.7957399,196.1629944,0.475687,4,124.5960007,12.6450005,303.7730103,0.321566,0.282085,0.145504,0.687691,0,0.601754,0.728418,1,0.0893117,0.184678,2,0,0.645886,1,0.185646,-3412556.548,1977152.133
3248,0,75.5109024,0,3,0.643202,91.7388992,0.435211,4,62.8002014,12.8915005,135.076004,0.256927,0.356757,0.147701,0.514247,0,0.463473,0.715191,2,0.0561806,0.214761,0,2,0.517993,0,0.204525,-3195110.787,2014694.602
3249,0,75.4968033,2001.959961,3,5.4371099,536.7150269,0.477254,3,648.3579712,8.2290897,333.0450134,0.49139,0.570072,0.657066,0.0687166,1,0.540291,0.379771,2,0.203656,0.44209,0,1,0.67441,0,0.206126,-3577888.876,1812166.343
3250,0,88.6889038,3415.77002,3,4.0106502,182.0970001,0.520414,1,576.8300171,10.8446999,350.9979858,0.377252,0.226367,0.194472,0.529574,0,0.4805,0.909659,0,0.0376162,0.270681,1,0,0.707457,1,0.183805,-3304411.707,1955795.041
3251,0,90.180603,2003.02002,3,5.7669702,289.2630005,0.542876,4,652.6900024,10.9681997,33.0889015,0.384563,0.405016,0.219068,0.485981,1,0.631655,0.769348,0,0.111776,0.276272,1,0,0.706839,1,0.186377,-3241069.951,1976195.606
3252,0,81.2561035,1004.330017,4,9.49119,445.0299988,0.470839,4,396.2600098,9.93326,95.3630981,0.374571,0.485109,0.643253,0.361936,0,0.586445,0.707385,0,0.0721547,0.16263,3,1,0.716009,1,0.164784,-3525507.807,1901055.905
3253,0,87.6203995,0,3,3.9152901,313.4890137,0.504634,1,508.0509949,10.8845997,48.4910011,0.385495,0.47078,0.181548,0.605793,0,0.594097,0.904175,0,0.102974,0.20452,6,0,0.764495,1,0.19071,-3286164.125,1951665.088
3254,0,82.615303,0,5,1.60813,162.8370056,0.495648,4,13.2084999,11.5586996,181.826004,0.504912,0.274573,0.319281,0.504635,0,0.633387,0.783833,1,0.289587,0.36351,6,4,0.673566,0,0.198861,-3930562.592,1678910.07
3255,0,57.1669006,1000.23999,5,1.3631001,274.6499939,0.371933,2,793.2369995,9.3134403,29.8181992,0.468652,0.434753,0.31751,0.185586,0,0.389369,0.558248,1,0.162871,0.624081,2,2,0.492418,0,0.238896,-3276064.227,1900401.376
3256,0,88.046402,2000.359985,3,1.78791,110.302002,0.449147,4,144.8480072,11.6939001,43.7431984,0.460706,0.247654,0.271578,0.725822,0,0.681914,0.908594,0,0.144311,0.467387,0,0,0.741162,1,0.214312,-3782739.927,1749914.819
3257,0,66.3356018,0,5,2.8951001,278.8099976,0.434615,4,253.7870026,9.8010101,131.5650024,0.501791,0.426396,0.437879,0.276015,0,0.518872,0.911278,0,0.277409,0.279778,0,1,0.735722,1,0.218814,-3847194.751,1674733.627
3258,0,67.1856003,1020.25,3,11.8703003,597.8540039,0.441403,4,448.8840027,9.2808905,92.3562012,0.506056,0.393819,0.198892,0.100037,0,0.519588,0.739822,0,0.323933,0.342051,0,0,0.570918,0,0.205461,-3683955.279,1701629.127
3259,0,78.5242996,2022.709961,4,4.2456298,335.3129883,0.483852,4,697.5339966,9.5565701,15.6507998,0.41035,0.515646,0.651609,0.246045,0,0.558541,0.815397,0,0.13536,0.324904,3,1,0.741664,1,0.184108,-3516588.885,1897275.315
3260,0,95.2072983,1001.52002,3,9.72645,458.7990112,0.543765,4,288.6809998,9.9792404,346.8179932,0.494498,0.251754,0.37,0.15848,0,0.718028,0.693084,0,0.313392,0.264627,4,2,0.62934,1,0.172367,-3909779.406,1678652.907
3261,0,73.4199982,1000.030029,5,3.3277299,221.8789978,0.480872,4,173.1089935,10.5358,354.8970032,0.504761,0.22345,0.36295,0.297078,0,0.704577,0.859932,0,0.255329,0.208029,7,6,0.657516,1,0.192753,-3931198.182,1667252.18
3262,0,84.3992004,0,2,1.56796,212.2910004,0.467268,2,379.8110046,10.8671999,133.4680023,0.360061,0.245159,0.330492,0.634842,0,0.523694,0.866481,1,0.0488266,0.180034,2,0,0.656587,0,0.172105,-3324438.82,1947138.901
3263,0,67.0559006,0,5,2.9442101,363.1350098,0.419046,4,516.927002,8.7107401,71.7405014,0.481263,0.541265,0.202101,0.0782734,0,0.354661,0.888138,0,0.242231,0.462226,1,1,0.620467,0,0.218369,-3422318.554,1741684.651
3264,0,88.0513,0,3,0.866697,189.0319977,0.545747,4,228.3139954,12.0372,205.6109924,0.324914,0.380717,0.285393,0.675845,1,0.696456,0.683161,2,0.0810946,0.217902,1,2,0.69395,0,0.18145,-3260205.364,1989515.108
3265,0,131.9219971,0,1,2.0634201,160.1609955,0.55652,2,590.1040039,10.1357002,339.8269958,0.342207,0.169344,0.381107,0.34193,1,0.335451,0.797861,1,0.0344436,0.588465,1,1,0.568945,0,0.180897,-3451137.108,1956908.125
3266,0,69.1880035,1025.140015,5,3.4504001,463.9779968,0.432446,1,779.4210205,9.5680504,347.6830139,0.420217,0.646052,0.650985,0.0723223,0,0.281843,0.752668,0,0.290502,0.46976,1,2,0.584259,0,0.214996,-3508088.458,1609252.012
3267,0,74.3780975,1092.810059,5,8.6202698,870.6459961,0.503044,4,931.6799927,7.3224201,355.6600037,0.570669,0.597105,0.201745,0,0,0.665077,0.902329,0,0.34768,0.52133,1,0,0.681545,1,0.202033,-3833761.372,1647896.239
3268,0,77.223999,1005.960022,3,1.87622,265.9649963,0.428455,4,175.1340027,13.2522001,145.2059937,0.25798,0.296217,0.175936,0.519779,1,0.408608,0.632811,2,0.0327256,0.222673,2,1,0.49597,0,0.202202,-3187470.34,2020138.445
3269,0,93.0860977,0,3,7.03338,390.3619995,0.511777,4,342.6430054,11.0310001,177.3890076,0.342101,0.224425,0.401409,0.703797,0,0.574344,0.919573,0,0.0511086,0.109461,2,0,0.667282,0,0.179004,-3405581.387,1950949.383
3270,0,112.7460022,0,2,2.0715401,110.862999,0.554939,4,582.507019,10.6407003,43.7946014,0.375425,0.202842,0.37414,0.414322,0,0.455197,0.905959,0,0.036847,0.250595,1,0,0.671889,1,0.178031,-3434324.968,1963018.345
3271,0,125.7839966,1016.880005,2,5.3591299,246.9920044,0.562365,4,599.0349731,10.5988998,283.5029907,0.348742,0.197333,0.362157,0.428914,0,0.361932,0.714548,0,0.0443066,0.243268,2,1,0.655234,0,0.173627,-3443681.527,1963687.834
3272,0,88.3388977,0,5,0.539147,124.9250031,0.487462,4,152.0339966,12.4523001,165.9490051,0.296759,0.308632,0.401983,0.514525,1,0.564272,0.909138,0,0.0879583,0.238698,1,0,0.630377,0,0.196088,-3287461.509,1977230
3273,0,81.7554016,0,2,3.14536,155.1580048,0.544022,4,1022.919983,8.1724901,255.2940063,0.464955,0.327434,0.272278,0.0539138,0,0.36292,0.917201,0,0.0575398,0.32071,2,0,0.738122,1,0.194134,-3342286.016,1925742.652
3274,0,71.4175034,0,7,6.1928301,719.0219727,0.498025,4,726.9169922,7.3671699,293.8460083,0.552608,0.324529,0.0706777,0,0,0.638107,0.804257,0,0.230393,0.654137,2,2,0.660698,0,0.234369,-3753185.348,1672332.462
3275,0,93.6595993,1012.27002,2,6.27811,289.4219971,0.556983,4,388.0580139,12.3115997,90.7460022,0.182662,0.138715,0.312696,0.673623,0,0.522998,0.926523,0,0.0637369,0.165335,1,1,0.640955,0,0.176448,-3264187.471,1996598.918
3276,0,65.3330002,0,3,1.69216,613.4060059,0.447838,4,807.3029785,7.3164301,162.0039978,0.466626,0.547569,0.749266,0.026952,0,0.397019,0.492863,2,0.0682476,0.937897,0,0,0.741131,0,0.248461,-3527167.614,1860740.972
3277,0,91.0496979,2008.689941,3,2.3398499,237.5800018,0.497218,4,543.8579712,11.5277004,351.7109985,0.414808,0.237581,0.261514,0.710145,1,0.528796,0.777276,1,0.0743296,0.326317,1,0,0.668768,0,0.174526,-3225348.085,1984124.006
3278,0,89.5093002,0,2,4.4325299,434.2780151,0.528958,4,1109.380005,8.2060699,313.3980103,0.410277,0.200474,0.3206,0.0400073,1,0.206533,0.820516,2,0.0485787,0.429975,2,0,0.607517,0,0.182351,-3435065.873,1932671.79
3279,0,78.7164001,0,5,6.6933599,350.6159973,0.479264,4,474.1080017,9.2131395,148.0110016,0.538446,0.447112,0.423463,0.124026,0,0.447745,0.940764,0,0.365179,0.295008,1,2,0.754729,1,0.197073,-3821933.883,1671799.527
3280,0,79.5273972,1008.669983,3,7.8417001,365.3450012,0.426184,4,311.3009949,10.8425999,336.8559875,0.523185,0.407073,0.113743,0.612802,1,0.564646,0.10459,2,0.117091,0.422931,0,0,0.725812,0,0.200697,-3663489.727,1789809.047
3281,0,61.4080009,0,3,2.81899,151.0839996,0.427095,2,722.1879883,8.8133602,317.1229858,0.494811,0.494718,0.416053,0.207458,0,0.434599,0.812587,0,0.238117,0.332874,0,1,0.602145,1,0.228202,-3315205.303,1872547.792
3282,0,84.8831024,1000.900024,3,2.83374,126.7779999,0.510594,4,605.1160278,10.1400995,300.9179993,0.425887,0.348576,0.196866,0.420601,1,0.436142,0.541623,2,0.0512244,0.292713,6,0,0.646228,0,0.200056,-3283321.779,1944333.24
3283,0,90.6781006,0,3,1.90669,218.3609924,0.525884,4,281.79599,12.4851999,111.7679977,0.172117,0.158221,0.355864,0.658584,0,0.561372,0.864784,0,0.0515609,0.141339,1,2,0.641145,0,0.173895,-3270360.522,1996406.854
3284,0,91.435997,1000.01001,3,2.67363,201.1679993,0.506265,4,144.1840057,12.3667002,2.32112,0.311582,0.296749,0.386633,0.6872,1,0.592966,0.532421,2,0.0821312,0.191583,4,0,0.665647,1,0.181169,-3330328.769,1978835.018
3285,0,89.7755966,2071.669922,2,8.0973196,522.401001,0.544927,4,924.4329834,9.2626104,254.5070038,0.428407,0.464182,0.570488,0.0966317,0,0.477066,0.81722,1,0.0719788,0.207128,3,1,0.715543,1,0.162622,-3526299.542,1907662.744
3286,0,87.3187027,0,5,3.1004701,279.1000061,0.525935,4,708.6010132,9.10425,217.6430054,0.476089,0.332795,0.281253,0.0876215,0,0.603218,0.921043,0,0.188752,0.373566,1,2,0.720787,1,0.20346,-3758284.605,1701484.956
3287,0,64.1517029,0,7,1.86982,394.3410034,0.47728,4,505.071991,8.7503099,269.0490112,0.509867,0.36659,0.207764,0.0555568,0,0.529189,0.936802,0,0.232826,0.526208,3,2,0.68546,1,0.236273,-3718581.24,1695792.187
3288,0,70.0515976,0,4,6.1616201,465.2319946,0.441762,3,389.4240112,9.5994997,100.0530014,0.413006,0.554567,0.706026,0.417869,0,0.581138,0.771345,0,0.145332,0.244204,2,2,0.741994,1,0.191737,-3522559.522,1882864.592
3289,0,88.9884033,2456.290039,3,4.9394398,632.9879761,0.542669,2,847.3959961,10.4963999,154.0140076,0.438313,0.486757,0.159447,0.396791,0,0.552472,0.908455,0,0.135076,0.232664,3,0,0.783508,1,0.185328,-3278656.675,1952298.947
3290,0,66.207901,0,5,2.1041701,474.6270142,0.453795,4,477.1000061,8.8948202,32.0876999,0.563603,0.396961,0.350596,0.0942114,0,0.469494,0.853979,0,0.374421,0.333322,0,1,0.710161,1,0.213893,-3859224.611,1672870.964
3291,0,80.2274017,1001.109985,3,7.1961298,380.1579895,0.493946,2,355.6149902,10.2270002,7.9122801,0.434479,0.258813,0.472914,0.632164,0,0.528323,0.785242,1,0.0602802,0.1714,3,0,0.654094,1,0.172509,-3402789.885,1931096.819
3292,0,55.2918015,4046.850098,6,2.9372101,739.2709961,0.362276,4,837.6929932,9.2607098,179.0209961,0.442471,0.578135,0.104313,0.118022,0,0.294577,0.861395,1,0.363601,0.390989,0,0,0.560625,0,0.239555,-3474164.797,1761358.486
3293,0,105.6330032,1000.440002,3,0.139974,190.3090057,0.540184,4,468.1170044,10.8178997,177.3899994,0.370282,0.208386,0.363258,0.589777,0,0.536992,0.673974,0,0.0393931,0.195351,1,0,0.678035,1,0.175508,-3427265.069,1963360.969
3294,0,73.615799,1005.119995,2,4.2443399,226.1849976,0.479438,4,977.2329712,8.1792402,208.0039978,0.444268,0.554792,0.384251,0.0608603,0,0.476858,0.91591,0,0.0862118,0.400473,2,0,0.768534,1,0.219696,-3426254.92,1910670.089
3295,0,64.8295975,0,3,0.952815,233.1459961,0.469135,4,288.0620117,12.1801996,299.8500061,0.372871,0.368145,0.280642,0.520244,0,0.497283,0.88825,1,0.114531,0.208644,1,1,0.676282,0,0.202805,-3135482.762,1957105.352
3296,0,75.4929962,0,3,1.92739,277.8909912,0.465041,2,724.5789795,8.5646696,108.1500015,0.426184,0.558603,0.421877,0.209627,0,0.529353,0.79598,0,0.118589,0.317876,2,0,0.725128,0,0.208986,-3414421.673,1910601.69
3297,0,55.8581009,0,3,5.2349701,402.4089966,0.377316,4,397.0899963,10.04,169.4859924,0.45018,0.453675,0.412622,0.288222,0,0.424256,0.904951,1,0.275842,0.245539,0,1,0.56617,0,0.220644,-3288663.811,1880788.216
3298,0,67.6035995,0,6,5.8705001,607.6779785,0.456692,1,404.2409973,7.8354702,135.529007,0.539824,0.459934,0.289744,0,0,0.424021,0.905356,1,0.312628,0.451343,1,0,0.611104,0,0.216685,-3856453.938,1646022.658
3299,0,92.9128036,2418.969971,3,3.04777,140.651001,0.514679,4,270.0690002,11.4089003,168.0749969,0.450008,0.256299,0.106064,0.618953,0,0.712348,0.9085,0,0.150699,0.401364,0,1,0.746298,1,0.199447,-3758287.435,1768937.44
3300,0,77.5774002,0,5,3.2752099,199.3609924,0.482376,4,75.5277023,11.1935997,102.5970001,0.456465,0.282851,0.230448,0.639298,0,0.718781,0.940967,0,0.17998,0.192511,1,1,0.725598,1,0.210628,-3751890.285,1753208.802
3301,0,85.171402,0,2,3.8454599,578.2620239,0.489507,3,323.480011,10.1498003,47.5247993,0.410701,0.511692,0.51757,0.475196,0,0.700085,0.778647,1,0.185657,0.269822,1,3,0.711577,0,0.190001,-3596932.626,1843117.103
3302,0,65.985199,2831.449951,3,4.58565,219.2050018,0.420539,2,513.322998,11.7427998,29.8731003,0.484529,0.255493,0.332444,0.544915,1,0.352787,0.571025,2,0.0642319,0.447918,1,0,0.61469,0,0.20512,-3100248.901,1959830.548
3303,0,65.9614029,2420.590088,5,4.7522602,264.6459961,0.419261,2,514.7089844,11.8848,52.6786003,0.45994,0.24988,0.321841,0.5606,0,0.337526,0.701103,1,0.0717751,0.314085,1,0,0.591761,0,0.2046,-3106267.557,1961536.351
